date,store,item_name,price_clp
2026-07-07,Charizstore,[PREVENTA 1 – 16/09/26] 30th Celebration – Elite Trainer Box – Español,72990
2026-07-07,Charizstore,[PREVENTA 2] [17-07-2026] MEGA EVOLUTION – PITCH BLACK – ELITE TRAINER BOX – ESPAÑOL,59990
2026-07-07,Charizstore,[PREVENTA 2] [17-07-2026] MEGA EVOLUTION – PITCH BLACK – ELITE TRAINER BOX – INGLES,69990
2026-07-07,Charizstore,Mega Evolution Chaos Rising – Elite Trainer Box – Español,64000
2026-07-07,Charizstore,Mega Evolution – Perfect Order – Elite Trainer Box – Español,54000
2026-07-07,Charizstore,Mega Evolution – Perfect Order – Elite Trainer Box – Ingles,66000
2026-07-07,Charizstore,MEGA EVOLUTION – ASCENDED HEROES ELITE TRAINER BOX – ESPAÑOL,62000
2026-07-07,Charizstore,Temporal Forces – Elite Trainer Box – Español (V2),90000
2026-07-07,Charizstore,White Flare – Elite Trainer Box – Inglés,140000
2026-07-07,Charizstore,Mega Evolution Phantasmal Flames – Elite Trainer Box – Español,75000
2026-07-07,Charizstore,Temporal Forces – Elite Trainer Box – Español,90000
2026-07-07,Charizstore,White Flare – Elite Trainer Box – Español,80000
2026-07-07,Charizstore,Prismatic Evolutions – Elite Trainer Box – Español,90000
2026-07-07,Charizstore,Black Bolt – Elite Trainer Box – Español,80000
2026-07-07,Charizstore,Black Bolt – Elite Trainer Box – Inglés,140000
2026-07-07,Charizstore,Crown Zenith – Elite Trainer Box- Español,350000
2026-07-07,Charizstore,Twiligth Masquerade – Elite Trainer Box – Inglés,105000
2026-07-07,Charizstore,Shrouded Fable – Elite Trainer Box – Español,75000
2026-07-07,Charizstore,Shrouded Fable – Elite Trainer Box – Inglés,130000
2026-07-07,Charizstore,Scarlet & Violet Destined Rivals – Elite Trainer Box – Español,75000
2026-07-07,Charizstore,Twiligth Masquerade – Elite Trainer Box – Español,75000
2026-07-07,Charizstore,Journey Together – Elite Trainer Box – Español,60000
2026-07-07,Charizstore,Surging Sparks – Elite Trainer Box – Español,80000
2026-07-07,Charizstore,Surging Sparks – Elite Trainer Box – Inglés,145000
2026-07-07,Charizstore,Obsidian Flames – Elite Trainer Box – Español,150000
2026-07-07,Charizstore,Stellar Crown – Elite Trainer Box – Español,75000
2026-07-07,Charizstore,Stellar Crown – Elite Trainer Box – Inglés,145000
2026-07-07,Collector Center,Mega Evolution (Base Set) - Elite Trainer Box - Español (Gardevoir),54990
2026-07-07,Collector Center,Scarlet & Violet: Surging Sparks – Elite Trainer Box – Ingles,129990
2026-07-07,Collector Center,Escarlata y Púrpura - Corona Astral – Elite Trainer Box – Español,49990
2026-07-07,Collector Center,Mega Evolution Phantasmal Flames - Elite Trainer Box - Español,49990
2026-07-07,Collector Center,Mega Evolution Chaos Rising - Elite Trainer Box - Ingles,71990
2026-07-07,Collector Center,Mega Evolution Perfect Order - Elite Trainer Box - Ingles,56990
2026-07-07,Collector Center,Scarlet & Violet: Black Bolt- Elite Trainer Box - Español,49990
2026-07-07,Collector Center,Mega Evolution: Ascended Heroes - Elite Trainer Box - Español,59990
2026-07-07,Collector Center,[PREVENTA 17/07/26] Mega Evolution Pitch Black- Elite Trainer Box - Inglés,71990
2026-07-07,Collector Center,[PREVENTA 17/07/26] Mega Evolution Pitch Black- Elite Trainer Box - Español,65990
2026-07-07,Collector Center,Scarlet & Violet: White Flare - Elite Trainer Box - Español,49990
2026-07-07,Collector Center,Mega Evolution Perfect Order - Elite Trainer Box - Español,49990
2026-07-07,Collector Center,Escarlata y Púrpura - Aventuras Compartidas – Elite Trainer Box – Español,54990
2026-07-07,Collector Center,Mega Evolution Chaos Rising - Elite Trainer Box - Español,59990
2026-07-07,Collector Center,[PREVENTA 16/09/26] 30th Celebration - Elite Trainer Box - Español,79990
2026-07-07,Collector Center,[PREVENTA 16/09/26] 30th Celebration - Elite Trainer Box - Inglés,199990
2026-07-07,MoiiJuegos,Pokémon mega evolution - pitch black elite trainer box (e...,53600
2026-07-07,MoiiJuegos,Pókemon mega evolution - chaos rising elite trainer box (...,62700
2026-07-07,MoiiJuegos,Pókemon mega evolution - perfect order elite trainer box ...,62700
2026-07-07,El Panteon,30th Celebration – Elite Trainer Box ESPAÑOL [PREVENTA] [16/09/2026],69990
2026-07-07,El Panteon,Pitch Black – Elite Trainer Box ESPAÑOL [PREVENTA] [17/07/2026],57990
2026-07-07,El Panteon,Pitch Black – Elite Trainer Box INGLES [PREVENTA] [17/07/2026],69990
2026-07-07,El Panteon,Darkness Ablaze Elite Trainer Box – ESPAÑOL,149990
2026-07-07,El Panteon,Vivid Voltage Elite Trainer Box – ESPAÑOL,149990
2026-07-07,El Panteon,Unbroken Bonds Elite Trainer Box – ESPAÑOL,1999990
2026-07-07,El Panteon,Rebel Clash Elite Trainer Box – ESPAÑOL,359990
2026-07-07,El Panteon,Unified Minds Elite Trainer Box – ESPAÑOL,1799990
2026-07-07,El Panteon,Chaos Rising – Elite Trainer Box Español – ENTREGA 17 JULIO,59990
2026-07-07,El Panteon,Chaos Rising – Elite Trainer Box INGLES,69990
2026-07-07,El Panteon,Mega Evolution Perfect Order – Elite Trainer Box Español,47990
2026-07-07,El Panteon,Mega Evolution Perfect Order – Elite Trainer Box Ingles,58990
2026-07-07,El Panteon,SET 3 X ELITE TRAINER BOX ESPAÑOL OFERTA VERANIEGA,149990
2026-07-07,El Panteon,SET 3 X ELITE TRAINER BOX PHANTASMAL FLAMES ESPAÑOL OFERTA ENERO,149990
2026-07-07,El Panteon,Pokemon GO Elite Trainer Box – Pokemon GO Español,149990
2026-07-07,El Panteon,Pokemon GO Elite Trainer Box – Pokemon GO Ingles,179990
2026-07-07,El Panteon,SET 3 X ELITE TRAINER BOX ESPAÑOL OFERTA ENERO,149990
2026-07-07,El Panteon,Ascended Heroes Collection – Elite Trainer Box Español,69990
2026-07-07,El Panteon,Shining Fates – Elite Trainer Box- Ingles,179990
2026-07-07,El Panteon,White Flare – Elite Trainer Box – Ingles,139990
2026-07-07,El Panteon,Mega Evolution Phantasmal Flames – Elite Trainer Box – Español,59990
2026-07-07,El Panteon,Mega Evolution Phantasmal Flames – Elite Trainer Box – Ingles,159990
2026-07-07,El Panteon,Paldea Evolved – Elite Trainer Box – Español,99990
2026-07-07,El Panteon,White Flare – Elite Trainer Box – Español,59990
2026-07-07,El Panteon,Prismatic Evolutions – Elite Trainer Box – Español,69990
2026-07-07,El Panteon,Prismatic Evolutions – Elite Trainer Box – Inglés,169990
2026-07-07,El Panteon,Black Bolt – Elite Trainer Box – Español,59990
2026-07-07,El Panteon,Black Bolt – Elite Trainer Box – Inglés,149990
2026-07-07,El Panteon,Paldean Fates – Elite Trainer Box – Ingles,599999
2026-07-07,El Panteon,Twilight Masquerade – Elite Trainer Box – Inglés,99999
2026-07-07,El Panteon,Scarlet & Violet Destined Rivals – Elite Trainer Box – Español,69990
2026-07-07,El Panteon,Journey Together – Elite Trainer Box – Español,59990
2026-07-07,El Panteon,Surging Sparks – Elite Trainer Box – Inglés,129990
2026-07-07,El Panteon,Obsidian Flames – Elite Trainer Box – Español,149990
2026-07-07,El Panteon,Stellar Crown – Elite Trainer Box – Español,59990
2026-07-07,AFK Store,Elite Trainer Box 151,550000
2026-07-07,AFK Store,ELITE TRAINER BOX DESTINED RIVALS,69990
2026-07-07,AFK Store,Elite Trainer Box Paldea Fates,450000
2026-07-07,AFK Store,Elite Trainer Box Black Bolt y White Flare,64990
2026-07-07,AFK Store,Elite Trainer Box Pokemon Team Up,1500000
2026-07-07,AFK Store,Elite Trainer Box Pokemon Battle Styles,90000
2026-07-07,AFK Store,Unbroken Bonds Elite Trainer Box - SM - Unbroken Bonds (SM10),1000000
2026-07-07,AFK Store,Elite Trainer Box Journey Together,54990
2026-07-07,AFK Store,Phantasmal Flames Elite Trainer Box,150000
2026-07-07,AFK Store,Ultra Prism Elite Trainer Box [Dawn Wings Necrozma],800000
2026-07-07,AFK Store,Elite Trainer Box Rebel Clash,300000
2026-07-07,AFK Store,Elite Trainer Box Twilight Masquerade,59990
2026-07-07,AFK Store,Elite Trainer Box Perfect Order,64990
2026-07-07,AFK Store,Ultra Prism Elite Trainer Box [Dusk Mane Necrozma],700000
2026-07-07,AFK Store,Elite Trainer Box Fusion Strike,180000
2026-07-07,AFK Store,Elite Trainer Box Evolving Skies (Flareon),600000
2026-07-07,AFK Store,Elite Trainer Box Pokemon Go,90000
2026-07-07,AFK Store,Cosmic Eclipse Elite Trainer Box,1600000
2026-07-07,AFK Store,Elite Trainer Box Shinning Fates,140000
2026-07-07,AFK Store,Elite Trainer Box Crown Zenith,200000
2026-07-07,AFK Store,Elite Trainer Box Brillant Stars,130000
2026-07-07,AFK Store,Elite Trainer Box Evolving Skies (Sylveon),350000
2026-07-07,AFK Store,Elite Trainer Box Scarlet And Violet,59990
2026-07-07,AFK Store,ELITE TRAINER BOX ASCENDED HEROES,150000
2026-07-07,AFK Store,PRISMATIC EVOLUTIONS ELITE TRAINER BOX,69990
2026-07-07,AFK Store,Elite Trainer Box Hidden Fates,450000
2026-07-07,AFK Store,Elite Trainer Box Astral Radiance,90000
2026-07-07,AFK Store,Elite Trainer Box Mega Evolution,64990
2026-07-07,AFK Store,Elite Trainer Box Champion's Path,170000
2026-07-07,AFK Store,Elite Trainer Box Surging Sparks,69990
2026-07-07,AFK Store,Elite Trainer Box Celebrations,200000
2026-07-07,AFK Store,Elite Trainer Box Pokemon Guardians Rising,400000
2026-07-07,AFK Store,Elite Trainer Box Crimson Invasion,150000
2026-07-07,AFK Store,Elite Trainer Box Lost Origin,130000
2026-07-07,AFK Store,Elite Trainer Box Plus: Zamazenta Pokemon Sword & Shield,140000
2026-07-07,AFK Store,Elite Trainer Box Stellar Crown,49900
2026-07-07,AFK Store,Elite Trainer Box Silver Tempest,100000
2026-07-07,AFK Store,Elite Trainer Box Plus: Zacian Pokemon Sword & Shield,140000
2026-07-07,AFK Store,Elite Trainer Box Obsidian Flames,100000
2026-07-07,AFK Store,Elite Trainer Box Temporal Forces,79990
2026-07-07,AFK Store,Elite Trainer Box Paradox Rift Futuro,42990
2026-07-07,AFK Store,Elite Trainer Box Paradox Rift Pasado,42990
2026-07-07,AFK Store,Elite Trainer Box Vivid Voltage,100000
2026-07-07,AFK Store,Elite Trainer Box Sword And Shield (Pequeño orificio plastico),40000
2026-07-07,AFK Store,Elite Trainer Box Shrouded Fable,49990
2026-07-07,AFK Store,Elite Trainer Box Paldea,44990
2026-07-07,AFK Store,Elite Trainer Box Darkness Ablaze (Plastico levemente Roto),40000
2026-07-07,Piedra Bruja,Mega Evolution Phantasmal Flames Elite Trainer Box ESP,61990
2026-07-07,Piedra Bruja,Mega Evolution Perfect Order Elite Trainer Box ING,69990
2026-07-07,Piedra Bruja,Scarlet & Violet Destined Rivals Elite Trainer Box,74990
2026-07-07,Piedra Bruja,Mega Evolution Perfect Order Elite Trainer Box ESP,69990
2026-07-07,Piedra Bruja,Mega Evolution Chaos Rising Elite Trainer Box ESP,65990
2026-07-07,Piedra Bruja,Mega Evolution Pitch Black Elite Trainer Box ESP,72990
2026-07-07,Piedra Bruja,Mega Evolution Pitch Black Elite Trainer Box ING,79990
2026-07-07,Piedra Bruja,Scarlet & Violet Journey Together Elite Trainer Box Español,71990
2026-07-07,Piedra Bruja,Temporal Forces Walking Wake - Elite Trainer Box ESP,65990
2026-07-07,MARKET_AVERAGE,Daily Average ETB Price,181417
2026-07-08,Charizstore,[PREVENTA 1 – 16/09/26] 30th Celebration – Elite Trainer Box – Español,72990
2026-07-08,Charizstore,[PREVENTA 2] [17-07-2026] MEGA EVOLUTION – PITCH BLACK – ELITE TRAINER BOX – ESPAÑOL,59990
2026-07-08,Charizstore,[PREVENTA 2] [17-07-2026] MEGA EVOLUTION – PITCH BLACK – ELITE TRAINER BOX – INGLES,69990
2026-07-08,Charizstore,Mega Evolution Chaos Rising – Elite Trainer Box – Español,64000
2026-07-08,Charizstore,Mega Evolution – Perfect Order – Elite Trainer Box – Español,54000
2026-07-08,Charizstore,Mega Evolution – Perfect Order – Elite Trainer Box – Ingles,66000
2026-07-08,Charizstore,MEGA EVOLUTION – ASCENDED HEROES ELITE TRAINER BOX – ESPAÑOL,62000
2026-07-08,Charizstore,Temporal Forces – Elite Trainer Box – Español (V2),90000
2026-07-08,Charizstore,White Flare – Elite Trainer Box – Inglés,140000
2026-07-08,Charizstore,Mega Evolution Phantasmal Flames – Elite Trainer Box – Español,75000
2026-07-08,Charizstore,Temporal Forces – Elite Trainer Box – Español,90000
2026-07-08,Charizstore,White Flare – Elite Trainer Box – Español,80000
2026-07-08,Charizstore,Prismatic Evolutions – Elite Trainer Box – Español,90000
2026-07-08,Charizstore,Black Bolt – Elite Trainer Box – Español,80000
2026-07-08,Charizstore,Crown Zenith – Elite Trainer Box- Español,350000
2026-07-08,Charizstore,Twiligth Masquerade – Elite Trainer Box – Inglés,105000
2026-07-08,Charizstore,Shrouded Fable – Elite Trainer Box – Español,75000
2026-07-08,Charizstore,Shrouded Fable – Elite Trainer Box – Inglés,130000
2026-07-08,Charizstore,Scarlet & Violet Destined Rivals – Elite Trainer Box – Español,75000
2026-07-08,Charizstore,Twiligth Masquerade – Elite Trainer Box – Español,75000
2026-07-08,Charizstore,Journey Together – Elite Trainer Box – Español,60000
2026-07-08,Charizstore,Surging Sparks – Elite Trainer Box – Español,80000
2026-07-08,Charizstore,Obsidian Flames – Elite Trainer Box – Español,150000
2026-07-08,Charizstore,Stellar Crown – Elite Trainer Box – Español,75000
2026-07-08,Charizstore,Stellar Crown – Elite Trainer Box – Inglés,145000
2026-07-08,Collector Center,Scarlet & Violet: Surging Sparks – Elite Trainer Box – Ingles,129990
2026-07-08,Collector Center,Mega Evolution (Base Set) - Elite Trainer Box - Español (Gardevoir),54990
2026-07-08,Collector Center,[PREVENTA 16/09/26] 30th Celebration - Elite Trainer Box - Español,79990
2026-07-08,Collector Center,Mega Evolution Phantasmal Flames - Elite Trainer Box - Español,49990
2026-07-08,Collector Center,Mega Evolution Chaos Rising - Elite Trainer Box - Ingles,71990
2026-07-08,Collector Center,Scarlet & Violet: Black Bolt- Elite Trainer Box - Español,49990
2026-07-08,Collector Center,Mega Evolution: Ascended Heroes - Elite Trainer Box - Español,59990
2026-07-08,Collector Center,[PREVENTA 16/09/26] 30th Celebration - Elite Trainer Box - Inglés,199990
2026-07-08,Collector Center,Escarlata y Púrpura - Corona Astral – Elite Trainer Box – Español,49990
2026-07-08,Collector Center,[PREVENTA 17/07/26] Mega Evolution Pitch Black- Elite Trainer Box - Inglés,71990
2026-07-08,Collector Center,[PREVENTA 17/07/26] Mega Evolution Pitch Black- Elite Trainer Box - Español,65990
2026-07-08,Collector Center,Mega Evolution Perfect Order - Elite Trainer Box - Español,49990
2026-07-08,Collector Center,Mega Evolution Perfect Order - Elite Trainer Box - Ingles,56990
2026-07-08,Collector Center,Scarlet & Violet: White Flare - Elite Trainer Box - Español,49990
2026-07-08,Collector Center,Mega Evolution Chaos Rising - Elite Trainer Box - Español,59990
2026-07-08,Collector Center,Escarlata y Púrpura - Aventuras Compartidas – Elite Trainer Box – Español,54990
2026-07-08,MoiiJuegos,Pokémon mega evolution - pitch black elite trainer box (e...,53600
2026-07-08,MoiiJuegos,Pókemon mega evolution - chaos rising elite trainer box (...,62700
2026-07-08,MoiiJuegos,Pókemon mega evolution - perfect order elite trainer box ...,62700
2026-07-08,El Panteon,30th Celebration – Elite Trainer Box ESPAÑOL [PREVENTA] [16/09/2026],69990
2026-07-08,El Panteon,Pitch Black – Elite Trainer Box ESPAÑOL [PREVENTA] [17/07/2026],57990
2026-07-08,El Panteon,Pitch Black – Elite Trainer Box INGLES [PREVENTA] [17/07/2026],69990
2026-07-08,El Panteon,Darkness Ablaze Elite Trainer Box – ESPAÑOL,149990
2026-07-08,El Panteon,Vivid Voltage Elite Trainer Box – ESPAÑOL,149990
2026-07-08,El Panteon,Unbroken Bonds Elite Trainer Box – ESPAÑOL,1999990
2026-07-08,El Panteon,Rebel Clash Elite Trainer Box – ESPAÑOL,359990
2026-07-08,El Panteon,Unified Minds Elite Trainer Box – ESPAÑOL,1799990
2026-07-08,El Panteon,Chaos Rising – Elite Trainer Box Español – ENTREGA 17 JULIO,59990
2026-07-08,El Panteon,Chaos Rising – Elite Trainer Box INGLES,69990
2026-07-08,El Panteon,Mega Evolution Perfect Order – Elite Trainer Box Español,47990
2026-07-08,El Panteon,Mega Evolution Perfect Order – Elite Trainer Box Ingles,58990
2026-07-08,El Panteon,SET 3 X ELITE TRAINER BOX ESPAÑOL OFERTA VERANIEGA,149990
2026-07-08,El Panteon,SET 3 X ELITE TRAINER BOX PHANTASMAL FLAMES ESPAÑOL OFERTA ENERO,149990
2026-07-08,El Panteon,Pokemon GO Elite Trainer Box – Pokemon GO Español,149990
2026-07-08,El Panteon,Pokemon GO Elite Trainer Box – Pokemon GO Ingles,179990
2026-07-08,El Panteon,SET 3 X ELITE TRAINER BOX ESPAÑOL OFERTA ENERO,149990
2026-07-08,El Panteon,Ascended Heroes Collection – Elite Trainer Box Español,69990
2026-07-08,El Panteon,Shining Fates Elite Trainer Box INGLES,189990
2026-07-08,El Panteon,White Flare – Elite Trainer Box – Ingles,139990
2026-07-08,El Panteon,Mega Evolution Phantasmal Flames – Elite Trainer Box – Español,59990
2026-07-08,El Panteon,Mega Evolution Phantasmal Flames – Elite Trainer Box – Ingles,159990
2026-07-08,El Panteon,Paldea Evolved – Elite Trainer Box – Español,99990
2026-07-08,El Panteon,White Flare – Elite Trainer Box – Español,59990
2026-07-08,El Panteon,Prismatic Evolutions – Elite Trainer Box – Español,69990
2026-07-08,El Panteon,Prismatic Evolutions – Elite Trainer Box – Inglés,169990
2026-07-08,El Panteon,Black Bolt – Elite Trainer Box – Español,59990
2026-07-08,El Panteon,Black Bolt – Elite Trainer Box – Inglés,149990
2026-07-08,El Panteon,Paldean Fates – Elite Trainer Box – Ingles,599999
2026-07-08,El Panteon,Twilight Masquerade – Elite Trainer Box – Inglés,99999
2026-07-08,El Panteon,Scarlet & Violet Destined Rivals – Elite Trainer Box – Español,69990
2026-07-08,El Panteon,Journey Together – Elite Trainer Box – Español,59990
2026-07-08,El Panteon,Surging Sparks – Elite Trainer Box – Inglés,129990
2026-07-08,El Panteon,Obsidian Flames – Elite Trainer Box – Español,149990
2026-07-08,El Panteon,Stellar Crown – Elite Trainer Box – Español,59990
2026-07-08,AFK Store,Elite Trainer Box 151,550000
2026-07-08,AFK Store,ELITE TRAINER BOX DESTINED RIVALS,69990
2026-07-08,AFK Store,Elite Trainer Box Black Bolt y White Flare,64990
2026-07-08,AFK Store,Elite Trainer Box Pokemon Team Up,1500000
2026-07-08,AFK Store,Elite Trainer Box Paldea Fates,450000
2026-07-08,AFK Store,Elite Trainer Box Pokemon Battle Styles,90000
2026-07-08,AFK Store,Unbroken Bonds Elite Trainer Box - SM - Unbroken Bonds (SM10),1000000
2026-07-08,AFK Store,Elite Trainer Box Journey Together,54990
2026-07-08,AFK Store,Phantasmal Flames Elite Trainer Box,150000
2026-07-08,AFK Store,Ultra Prism Elite Trainer Box [Dawn Wings Necrozma],800000
2026-07-08,AFK Store,Elite Trainer Box Twilight Masquerade,59990
2026-07-08,AFK Store,Elite Trainer Box Rebel Clash,300000
2026-07-08,AFK Store,Elite Trainer Box Perfect Order,64990
2026-07-08,AFK Store,Ultra Prism Elite Trainer Box [Dusk Mane Necrozma],700000
2026-07-08,AFK Store,Elite Trainer Box Evolving Skies (Flareon),600000
2026-07-08,AFK Store,Elite Trainer Box Fusion Strike,180000
2026-07-08,AFK Store,Cosmic Eclipse Elite Trainer Box,1600000
2026-07-08,AFK Store,Elite Trainer Box Shinning Fates,140000
2026-07-08,AFK Store,Elite Trainer Box Pokemon Go,90000
2026-07-08,AFK Store,Elite Trainer Box Crown Zenith,200000
2026-07-08,AFK Store,ELITE TRAINER BOX ASCENDED HEROES,150000
2026-07-08,AFK Store,Elite Trainer Box Brillant Stars,130000
2026-07-08,AFK Store,Elite Trainer Box Evolving Skies (Sylveon),350000
2026-07-08,AFK Store,Elite Trainer Box Champion's Path,170000
2026-07-08,AFK Store,Elite Trainer Box Hidden Fates,450000
2026-07-08,AFK Store,Elite Trainer Box Scarlet And Violet,59990
2026-07-08,AFK Store,Elite Trainer Box Astral Radiance,90000
2026-07-08,AFK Store,Elite Trainer Box Celebrations,200000
2026-07-08,AFK Store,Elite Trainer Box Surging Sparks,69990
2026-07-08,AFK Store,Elite Trainer Box Pokemon Guardians Rising,400000
2026-07-08,AFK Store,Elite Trainer Box Silver Tempest,100000
2026-07-08,AFK Store,Elite Trainer Box Crimson Invasion,150000
2026-07-08,AFK Store,Elite Trainer Box Mega Evolution,64990
2026-07-08,AFK Store,PRISMATIC EVOLUTIONS ELITE TRAINER BOX,69990
2026-07-08,AFK Store,Elite Trainer Box Lost Origin,130000
2026-07-08,AFK Store,Elite Trainer Box Plus: Zamazenta Pokemon Sword & Shield,140000
2026-07-08,AFK Store,Elite Trainer Box Stellar Crown,49900
2026-07-08,AFK Store,Elite Trainer Box Plus: Zacian Pokemon Sword & Shield,140000
2026-07-08,AFK Store,Elite Trainer Box Obsidian Flames,100000
2026-07-08,AFK Store,Elite Trainer Box Vivid Voltage,100000
2026-07-08,AFK Store,Elite Trainer Box Temporal Forces,79990
2026-07-08,AFK Store,Elite Trainer Box Shrouded Fable,49990
2026-07-08,AFK Store,Elite Trainer Box Paradox Rift Futuro,42990
2026-07-08,AFK Store,Elite Trainer Box Paldea,44990
2026-07-08,AFK Store,Elite Trainer Box Paradox Rift Pasado,42990
2026-07-08,AFK Store,Elite Trainer Box Sword And Shield (Pequeño orificio plastico),40000
2026-07-08,AFK Store,Elite Trainer Box Darkness Ablaze (Plastico levemente Roto),40000
2026-07-08,Piedra Bruja,Mega Evolution Phantasmal Flames Elite Trainer Box ESP,61990
2026-07-08,Piedra Bruja,Scarlet & Violet Destined Rivals Elite Trainer Box,74990
2026-07-08,Piedra Bruja,Mega Evolution Perfect Order Elite Trainer Box ING,69990
2026-07-08,Piedra Bruja,Scarlet & Violet Journey Together Elite Trainer Box Español,71990
2026-07-08,Piedra Bruja,Mega Evolution Perfect Order Elite Trainer Box ESP,69990
2026-07-08,Piedra Bruja,Mega Evolution Chaos Rising Elite Trainer Box ESP,65990
2026-07-08,Piedra Bruja,Mega Evolution Pitch Black Elite Trainer Box ESP,72990
2026-07-08,Piedra Bruja,Mega Evolution Pitch Black Elite Trainer Box ING,79990
2026-07-08,Piedra Bruja,Temporal Forces Walking Wake - Elite Trainer Box ESP,65990
2026-07-08,Magicsur,Pokémon TCG: Silver Tempest Elite Trainer Box - Inglés y Español,49990
2026-07-08,Magicsur,Pokémon TCG: Scarlet & Violet: Obsidian Flames - Elite Trainer Box,51990
2026-07-08,Magicsur,Pokémon TCG: Scarlet & Violet: Temporal Forces - Elite Trainer Box - Iron Leaves,41993
2026-07-08,Magicsur,Pokémon TCG: Scarlet & Violet: Temporal Forces - Elite Trainer Box - Walking Wake,41993
2026-07-08,Magicsur,Pokémon TCG: Scarlet & Violet: Twilight Masquerade - Elite Trainer Box,45592
2026-07-08,Magicsur,Pokémon TCG: Scarlet & Violet: Stellar Crown - Elite Trainer Box,46392
2026-07-08,Magicsur,Pokémon TCG: Hidden Fates - Elite Trainer Box,399990
2026-07-08,Magicsur,Pokémon TCG: Mega Evolución - Phantasmal Flames - Elite Trainer Box,74990
2026-07-08,Magicsur,Pokémon TCG: Scarlet & Violet: Journey Together - Elite Trainer Box,59990
2026-07-08,Magicsur,Pokémon TCG: Scarlet & Violet: Surging Sparks - Elite Trainer Box,47992
2026-07-08,Magicsur,Pokémon TCG: Scarlet & Violet: Black Bolt - Elite Trainer Box,69990
2026-07-08,Magicsur,Pokémon TCG: Mega Evolution - Elite Trainer Box (Mega Gardevoir ex),72990
2026-07-08,Magicsur,Pokémon TCG: Mega Evolution - Elite Trainer Box (Mega Lucario ex),72990
2026-07-08,Magicsur,Pokémon TCG: Chaos Rising - Elite Trainer Box,69990
2026-07-08,MARKET_AVERAGE,Daily Average ETB Price,172658
2026-07-09,Charizstore,[PREVENTA 2] [17-07-2026] MEGA EVOLUTION – PITCH BLACK – ELITE TRAINER BOX – ESPAÑOL,62990
2026-07-09,Charizstore,[PREVENTA 2] [17-07-2026] MEGA EVOLUTION – PITCH BLACK – ELITE TRAINER BOX – INGLES,72990
2026-07-09,Charizstore,Mega Evolution Chaos Rising – Elite Trainer Box – Español,64000
2026-07-09,Charizstore,Mega Evolution – Perfect Order – Elite Trainer Box – Español,54000
2026-07-09,Charizstore,Mega Evolution – Perfect Order – Elite Trainer Box – Ingles,66000
2026-07-09,Charizstore,MEGA EVOLUTION – ASCENDED HEROES ELITE TRAINER BOX – ESPAÑOL,62000
2026-07-09,Charizstore,Temporal Forces – Elite Trainer Box – Español (V2),90000
2026-07-09,Charizstore,White Flare – Elite Trainer Box – Inglés,140000
2026-07-09,Charizstore,Mega Evolution Phantasmal Flames – Elite Trainer Box – Español,75000
2026-07-09,Charizstore,Temporal Forces – Elite Trainer Box – Español,90000
2026-07-09,Charizstore,White Flare – Elite Trainer Box – Español,80000
2026-07-09,Charizstore,Prismatic Evolutions – Elite Trainer Box – Español,90000
2026-07-09,Charizstore,Black Bolt – Elite Trainer Box – Español,80000
2026-07-09,Charizstore,Crown Zenith – Elite Trainer Box- Español,350000
2026-07-09,Charizstore,Twiligth Masquerade – Elite Trainer Box – Inglés,105000
2026-07-09,Charizstore,Shrouded Fable – Elite Trainer Box – Español,75000
2026-07-09,Charizstore,Shrouded Fable – Elite Trainer Box – Inglés,130000
2026-07-09,Charizstore,Scarlet & Violet Destined Rivals – Elite Trainer Box – Español,75000
2026-07-09,Charizstore,Twiligth Masquerade – Elite Trainer Box – Español,75000
2026-07-09,Charizstore,Journey Together – Elite Trainer Box – Español,60000
2026-07-09,Charizstore,Surging Sparks – Elite Trainer Box – Español,80000
2026-07-09,Charizstore,Obsidian Flames – Elite Trainer Box – Español,150000
2026-07-09,Charizstore,Stellar Crown – Elite Trainer Box – Español,75000
2026-07-09,Charizstore,Stellar Crown – Elite Trainer Box – Inglés,145000
2026-07-09,Collector Center,Mega Evolution (Base Set) - Elite Trainer Box - Español (Gardevoir),54990
2026-07-09,Collector Center,Scarlet & Violet: Black Bolt- Elite Trainer Box - Español,49990
2026-07-09,Collector Center,Mega Evolution: Ascended Heroes - Elite Trainer Box - Español,59990
2026-07-09,Collector Center,Mega Evolution Perfect Order - Elite Trainer Box - Ingles,56990
2026-07-09,Collector Center,Mega Evolution Chaos Rising - Elite Trainer Box - Ingles,71990
2026-07-09,Collector Center,Mega Evolution Perfect Order - Elite Trainer Box - Español,49990
2026-07-09,Collector Center,[PREVENTA 17/07/26] Mega Evolution Pitch Black- Elite Trainer Box - Español,65990
2026-07-09,Collector Center,Mega Evolution Phantasmal Flames - Elite Trainer Box - Español,49990
2026-07-09,Collector Center,Scarlet & Violet: White Flare - Elite Trainer Box - Español,49990
2026-07-09,Collector Center,[PREVENTA 17/07/26] Mega Evolution Pitch Black- Elite Trainer Box - Inglés,71990
2026-07-09,Collector Center,Mega Evolution Chaos Rising - Elite Trainer Box - Español,59990
2026-07-09,Collector Center,Scarlet & Violet: Surging Sparks – Elite Trainer Box – Ingles,129990
2026-07-09,Collector Center,Escarlata y Púrpura - Corona Astral – Elite Trainer Box – Español,49990
2026-07-09,Collector Center,Escarlata y Púrpura - Aventuras Compartidas – Elite Trainer Box – Español,54990
2026-07-09,Collector Center,[PREVENTA 16/09/26] 30th Celebration - Elite Trainer Box - Español,89990
2026-07-09,Collector Center,[PREVENTA 16/09/26] 30th Celebration - Elite Trainer Box - Inglés,199990
2026-07-09,MoiiJuegos,Pokémon mega evolution - pitch black elite trainer box (e...,53600
2026-07-09,MoiiJuegos,Pókemon mega evolution - chaos rising elite trainer box (...,62700
2026-07-09,MoiiJuegos,Pókemon mega evolution - perfect order elite trainer box ...,62700
2026-07-09,El Panteon,Pitch Black – Elite Trainer Box ESPAÑOL [PREVENTA] [17/07/2026],57990
2026-07-09,El Panteon,Pitch Black – Elite Trainer Box INGLES [PREVENTA] [17/07/2026],69990
2026-07-09,El Panteon,Darkness Ablaze Elite Trainer Box – ESPAÑOL,149990
2026-07-09,El Panteon,Vivid Voltage Elite Trainer Box – ESPAÑOL,149990
2026-07-09,El Panteon,Unbroken Bonds Elite Trainer Box – ESPAÑOL,1999990
2026-07-09,El Panteon,Rebel Clash Elite Trainer Box – ESPAÑOL,359990
2026-07-09,El Panteon,Unified Minds Elite Trainer Box – ESPAÑOL,1799990
2026-07-09,El Panteon,Chaos Rising – Elite Trainer Box Español – ENTREGA 17 JULIO,59990
2026-07-09,El Panteon,Chaos Rising – Elite Trainer Box INGLES,69990
2026-07-09,El Panteon,Mega Evolution Perfect Order – Elite Trainer Box Español,47990
2026-07-09,El Panteon,Mega Evolution Perfect Order – Elite Trainer Box Ingles,58990
2026-07-09,El Panteon,SET 3 X ELITE TRAINER BOX ESPAÑOL OFERTA VERANIEGA,149990
2026-07-09,El Panteon,SET 3 X ELITE TRAINER BOX PHANTASMAL FLAMES ESPAÑOL OFERTA ENERO,149990
2026-07-09,El Panteon,Pokemon GO Elite Trainer Box – Pokemon GO Español,149990
2026-07-09,El Panteon,Pokemon GO Elite Trainer Box – Pokemon GO Ingles,179990
2026-07-09,El Panteon,Ascended Heroes Collection – Elite Trainer Box Español,69990
2026-07-09,El Panteon,Shining Fates Elite Trainer Box INGLES,189990
2026-07-09,El Panteon,White Flare – Elite Trainer Box – Ingles,139990
2026-07-09,El Panteon,Mega Evolution Phantasmal Flames – Elite Trainer Box – Español,59990
2026-07-09,El Panteon,Mega Evolution Phantasmal Flames – Elite Trainer Box – Ingles,159990
2026-07-09,El Panteon,Paldea Evolved – Elite Trainer Box – Español,99990
2026-07-09,El Panteon,White Flare – Elite Trainer Box – Español,59990
2026-07-09,El Panteon,Prismatic Evolutions – Elite Trainer Box – Español,69990
2026-07-09,El Panteon,Prismatic Evolutions – Elite Trainer Box – Inglés,169990
2026-07-09,El Panteon,Black Bolt – Elite Trainer Box – Español,59990
2026-07-09,El Panteon,Black Bolt – Elite Trainer Box – Inglés,149990
2026-07-09,El Panteon,Paldean Fates – Elite Trainer Box – Ingles,599999
2026-07-09,El Panteon,Scarlet & Violet Destined Rivals – Elite Trainer Box – Español,69990
2026-07-09,El Panteon,Journey Together – Elite Trainer Box – Español,59990
2026-07-09,El Panteon,Surging Sparks – Elite Trainer Box – Inglés,129990
2026-07-09,El Panteon,Obsidian Flames – Elite Trainer Box – Español,149990
2026-07-09,El Panteon,Stellar Crown – Elite Trainer Box – Español,59990
2026-07-09,AFK Store,Elite Trainer Box 151,550000
2026-07-09,AFK Store,Elite Trainer Box Black Bolt y White Flare,64990
2026-07-09,AFK Store,Elite Trainer Box Perfect Order,64990
2026-07-09,AFK Store,Elite Trainer Box Pokemon Team Up,1500000
2026-07-09,AFK Store,Elite Trainer Box Paldea Fates,450000
2026-07-09,AFK Store,ELITE TRAINER BOX DESTINED RIVALS,69990
2026-07-09,AFK Store,Elite Trainer Box Rebel Clash,300000
2026-07-09,AFK Store,Elite Trainer Box Journey Together,54990
2026-07-09,AFK Store,Elite Trainer Box Twilight Masquerade,59990
2026-07-09,AFK Store,Phantasmal Flames Elite Trainer Box,150000
2026-07-09,AFK Store,Unbroken Bonds Elite Trainer Box - SM - Unbroken Bonds (SM10),1000000
2026-07-09,AFK Store,Ultra Prism Elite Trainer Box [Dawn Wings Necrozma],800000
2026-07-09,AFK Store,Ultra Prism Elite Trainer Box [Dusk Mane Necrozma],700000
2026-07-09,AFK Store,Cosmic Eclipse Elite Trainer Box,1600000
2026-07-09,AFK Store,Elite Trainer Box Evolving Skies (Flareon),600000
2026-07-09,AFK Store,ELITE TRAINER BOX ASCENDED HEROES,150000
2026-07-09,AFK Store,Elite Trainer Box Pokemon Go,90000
2026-07-09,AFK Store,Elite Trainer Box Mega Evolution,64990
2026-07-09,AFK Store,Elite Trainer Box Fusion Strike,180000
2026-07-09,AFK Store,Elite Trainer Box Pokemon Battle Styles,90000
2026-07-09,AFK Store,Elite Trainer Box Brillant Stars,130000
2026-07-09,AFK Store,Elite Trainer Box Celebrations,200000
2026-07-09,AFK Store,Elite Trainer Box Crimson Invasion,150000
2026-07-09,AFK Store,Elite Trainer Box Astral Radiance,90000
2026-07-09,AFK Store,Elite Trainer Box Crown Zenith,200000
2026-07-09,AFK Store,Elite Trainer Box Pokemon Guardians Rising,400000
2026-07-09,AFK Store,Elite Trainer Box Shinning Fates,140000
2026-07-09,AFK Store,Elite Trainer Box Evolving Skies (Sylveon),350000
2026-07-09,AFK Store,Elite Trainer Box Surging Sparks,69990
2026-07-09,AFK Store,Elite Trainer Box Champion's Path,170000
2026-07-09,AFK Store,Elite Trainer Box Stellar Crown,49900
2026-07-09,AFK Store,Elite Trainer Box Hidden Fates,450000
2026-07-09,AFK Store,Elite Trainer Box Silver Tempest,100000
2026-07-09,AFK Store,PRISMATIC EVOLUTIONS ELITE TRAINER BOX,69990
2026-07-09,AFK Store,Elite Trainer Box Plus: Zamazenta Pokemon Sword & Shield,140000
2026-07-09,AFK Store,Elite Trainer Box Lost Origin,130000
2026-07-09,AFK Store,Elite Trainer Box Obsidian Flames,100000
2026-07-09,AFK Store,Elite Trainer Box Paradox Rift Futuro,42990
2026-07-09,AFK Store,Elite Trainer Box Paldea,44990
2026-07-09,AFK Store,Elite Trainer Box Scarlet And Violet,59990
2026-07-09,AFK Store,Elite Trainer Box Vivid Voltage,100000
2026-07-09,AFK Store,Elite Trainer Box Plus: Zacian Pokemon Sword & Shield,140000
2026-07-09,AFK Store,Elite Trainer Box Paradox Rift Pasado,42990
2026-07-09,AFK Store,Elite Trainer Box Shrouded Fable,49990
2026-07-09,AFK Store,Elite Trainer Box Sword And Shield (Pequeño orificio plastico),40000
2026-07-09,AFK Store,Elite Trainer Box Temporal Forces,79990
2026-07-09,AFK Store,Elite Trainer Box Darkness Ablaze (Plastico levemente Roto),40000
2026-07-09,Piedra Bruja,Mega Evolution Perfect Order Elite Trainer Box ING,69990
2026-07-09,Piedra Bruja,Scarlet & Violet Destined Rivals Elite Trainer Box,74990
2026-07-09,Piedra Bruja,Mega Evolution Phantasmal Flames Elite Trainer Box ESP,61990
2026-07-09,Piedra Bruja,Mega Evolution Chaos Rising Elite Trainer Box ESP,65990
2026-07-09,Piedra Bruja,Mega Evolution Pitch Black Elite Trainer Box ING,79990
2026-07-09,Piedra Bruja,Mega Evolution Perfect Order Elite Trainer Box ESP,69990
2026-07-09,Piedra Bruja,Mega Evolution Pitch Black Elite Trainer Box ESP,72990
2026-07-09,Piedra Bruja,Scarlet & Violet Journey Together Elite Trainer Box Español,71990
2026-07-09,Piedra Bruja,Temporal Forces Walking Wake - Elite Trainer Box ESP,65990
2026-07-09,Magicsur,Pokémon TCG: Silver Tempest Elite Trainer Box - Inglés y Español,49990
2026-07-09,Magicsur,Pokémon TCG: Scarlet & Violet: Obsidian Flames - Elite Trainer Box,51990
2026-07-09,Magicsur,Pokémon TCG: Scarlet & Violet: Temporal Forces - Elite Trainer Box - Iron Leaves,41993
2026-07-09,Magicsur,Pokémon TCG: Scarlet & Violet: Temporal Forces - Elite Trainer Box - Walking Wake,41993
2026-07-09,Magicsur,Pokémon TCG: Scarlet & Violet: Twilight Masquerade - Elite Trainer Box,45592
2026-07-09,Magicsur,Pokémon TCG: Scarlet & Violet: Stellar Crown - Elite Trainer Box,46392
2026-07-09,Magicsur,Pokémon TCG: Mega Evolución - Phantasmal Flames - Elite Trainer Box,74990
2026-07-09,Magicsur,Pokémon TCG: Scarlet & Violet: Journey Together - Elite Trainer Box,59990
2026-07-09,Magicsur,Pokémon TCG: Scarlet & Violet: Surging Sparks - Elite Trainer Box,47992
2026-07-09,Magicsur,Pokémon TCG: Scarlet & Violet: Black Bolt - Elite Trainer Box,69990
2026-07-09,Magicsur,Pokémon TCG: Mega Evolution - Elite Trainer Box (Mega Gardevoir ex),72990
2026-07-09,Magicsur,Pokémon TCG: Mega Evolution - Elite Trainer Box (Mega Lucario ex),72990
2026-07-09,Magicsur,Pokémon TCG: Chaos Rising - Elite Trainer Box,69990
2026-07-09,MARKET_AVERAGE,Daily Average ETB Price,173257
2026-07-10,Collector Center,Mega Evolution (Base Set) - Elite Trainer Box - Español (Gardevoir),54990
2026-07-10,Collector Center,Scarlet & Violet: Black Bolt- Elite Trainer Box - Español,49990
2026-07-10,Collector Center,Mega Evolution Perfect Order - Elite Trainer Box - Ingles,56990
2026-07-10,Collector Center,Mega Evolution Chaos Rising - Elite Trainer Box - Ingles,71990
2026-07-10,Collector Center,Mega Evolution: Ascended Heroes - Elite Trainer Box - Español,59990
2026-07-10,Collector Center,Mega Evolution Perfect Order - Elite Trainer Box - Español,49990
2026-07-10,Collector Center,[PREVENTA 17/07/26] Mega Evolution Pitch Black- Elite Trainer Box - Español,65990
2026-07-10,Collector Center,Mega Evolution Phantasmal Flames - Elite Trainer Box - Español,49990
2026-07-10,Collector Center,Mega Evolution: Ascended Heroes - Elite Trainer Box - Ingles,149990
2026-07-10,Collector Center,Scarlet & Violet: White Flare - Elite Trainer Box - Español,49990
2026-07-10,Collector Center,Mega Evolution Chaos Rising - Elite Trainer Box - Español,59990
2026-07-10,Collector Center,[PREVENTA 17/07/26] Mega Evolution Pitch Black- Elite Trainer Box - Inglés,71990
2026-07-10,Collector Center,Scarlet & Violet: Surging Sparks – Elite Trainer Box – Ingles,129990
2026-07-10,Collector Center,Escarlata y Púrpura - Corona Astral – Elite Trainer Box – Español,49990
2026-07-10,Collector Center,Escarlata y Púrpura - Aventuras Compartidas – Elite Trainer Box – Español,54990
2026-07-10,Collector Center,[PREVENTA 16/09/26] 30th Celebration - Elite Trainer Box - Español,89990
2026-07-10,Collector Center,[PREVENTA 16/09/26] 30th Celebration - Elite Trainer Box - Inglés,199990
2026-07-10,MoiiJuegos,Pokémon mega evolution - pitch black elite trainer box (e...,53600
2026-07-10,MoiiJuegos,Pókemon mega evolution - chaos rising elite trainer box (...,62700
2026-07-10,MoiiJuegos,Pókemon mega evolution - perfect order elite trainer box ...,62700
2026-07-10,AFK Store,Elite Trainer Box 151,550000
2026-07-10,AFK Store,Elite Trainer Box Black Bolt y White Flare,64990
2026-07-10,AFK Store,Elite Trainer Box Perfect Order,64990
2026-07-10,AFK Store,Elite Trainer Box Pokemon Team Up,1500000
2026-07-10,AFK Store,Elite Trainer Box Paldea Fates,450000
2026-07-10,AFK Store,Elite Trainer Box Rebel Clash,300000
2026-07-10,AFK Store,Elite Trainer Box Journey Together,54990
2026-07-10,AFK Store,Phantasmal Flames Elite Trainer Box,150000
2026-07-10,AFK Store,ELITE TRAINER BOX DESTINED RIVALS,69990
2026-07-10,AFK Store,Unbroken Bonds Elite Trainer Box - SM - Unbroken Bonds (SM10),1000000
2026-07-10,AFK Store,Ultra Prism Elite Trainer Box [Dawn Wings Necrozma],800000
2026-07-10,AFK Store,Ultra Prism Elite Trainer Box [Dusk Mane Necrozma],700000
2026-07-10,AFK Store,Cosmic Eclipse Elite Trainer Box,1600000
2026-07-10,AFK Store,Elite Trainer Box Evolving Skies (Flareon),600000
2026-07-10,AFK Store,Elite Trainer Box Pokemon Go,90000
2026-07-10,AFK Store,ELITE TRAINER BOX ASCENDED HEROES,150000
2026-07-10,AFK Store,Elite Trainer Box Mega Evolution,64990
2026-07-10,AFK Store,Elite Trainer Box Fusion Strike,180000
2026-07-10,AFK Store,Elite Trainer Box Pokemon Battle Styles,90000
2026-07-10,AFK Store,Elite Trainer Box Celebrations,200000
2026-07-10,AFK Store,Elite Trainer Box Brillant Stars,130000
2026-07-10,AFK Store,Elite Trainer Box Crimson Invasion,150000
2026-07-10,AFK Store,Elite Trainer Box Astral Radiance,90000
2026-07-10,AFK Store,Elite Trainer Box Crown Zenith,200000
2026-07-10,AFK Store,Elite Trainer Box Pokemon Guardians Rising,400000
2026-07-10,AFK Store,Elite Trainer Box Shinning Fates,140000
2026-07-10,AFK Store,Elite Trainer Box Evolving Skies (Sylveon),350000
2026-07-10,AFK Store,Elite Trainer Box Surging Sparks,69990
2026-07-10,AFK Store,Elite Trainer Box Champion's Path,170000
2026-07-10,AFK Store,Elite Trainer Box Stellar Crown,49900
2026-07-10,AFK Store,Elite Trainer Box Hidden Fates,450000
2026-07-10,AFK Store,Elite Trainer Box Silver Tempest,100000
2026-07-10,AFK Store,PRISMATIC EVOLUTIONS ELITE TRAINER BOX,69990
2026-07-10,AFK Store,Elite Trainer Box Plus: Zamazenta Pokemon Sword & Shield,140000
2026-07-10,AFK Store,Elite Trainer Box Lost Origin,130000
2026-07-10,AFK Store,Elite Trainer Box Obsidian Flames,100000
2026-07-10,AFK Store,Elite Trainer Box Paradox Rift Futuro,42990
2026-07-10,AFK Store,Elite Trainer Box Paldea,44990
2026-07-10,AFK Store,Elite Trainer Box Scarlet And Violet,59990
2026-07-10,AFK Store,Elite Trainer Box Vivid Voltage,100000
2026-07-10,AFK Store,Elite Trainer Box Plus: Zacian Pokemon Sword & Shield,140000
2026-07-10,AFK Store,Elite Trainer Box Paradox Rift Pasado,42990
2026-07-10,AFK Store,Elite Trainer Box Shrouded Fable,49990
2026-07-10,AFK Store,Elite Trainer Box Sword And Shield (Pequeño orificio plastico),40000
2026-07-10,AFK Store,Elite Trainer Box Temporal Forces,79990
2026-07-10,AFK Store,Elite Trainer Box Darkness Ablaze (Plastico levemente Roto),40000
2026-07-10,Piedra Bruja,Mega Evolution Perfect Order Elite Trainer Box ING,69990
2026-07-10,Piedra Bruja,Mega Evolution Phantasmal Flames Elite Trainer Box ESP,61990
2026-07-10,Piedra Bruja,Scarlet & Violet Destined Rivals Elite Trainer Box,74990
2026-07-10,Piedra Bruja,Mega Evolution Chaos Rising Elite Trainer Box ESP,65990
2026-07-10,Piedra Bruja,Mega Evolution Pitch Black Elite Trainer Box ING,79990
2026-07-10,Piedra Bruja,Mega Evolution Perfect Order Elite Trainer Box ESP,69990
2026-07-10,Piedra Bruja,Mega Evolution Pitch Black Elite Trainer Box ESP,72990
2026-07-10,Piedra Bruja,Scarlet & Violet Journey Together Elite Trainer Box Español,71990
2026-07-10,Magicsur,Pokémon TCG: Silver Tempest Elite Trainer Box - Inglés y Español,49990
2026-07-10,Magicsur,Pokémon TCG: Scarlet & Violet: Obsidian Flames - Elite Trainer Box,51990
2026-07-10,Magicsur,Pokémon TCG: Scarlet & Violet: Temporal Forces - Elite Trainer Box - Iron Leaves,41993
2026-07-10,Magicsur,Pokémon TCG: Scarlet & Violet: Temporal Forces - Elite Trainer Box - Walking Wake,41993
2026-07-10,Magicsur,Pokémon TCG: Scarlet & Violet: Twilight Masquerade - Elite Trainer Box,45592
2026-07-10,Magicsur,Pokémon TCG: Scarlet & Violet: Stellar Crown - Elite Trainer Box,46392
2026-07-10,Magicsur,Pokémon TCG: Mega Evolución - Phantasmal Flames - Elite Trainer Box,74990
2026-07-10,Magicsur,Pokémon TCG: Scarlet & Violet: Journey Together - Elite Trainer Box,59990
2026-07-10,Magicsur,Pokémon TCG: Scarlet & Violet: Surging Sparks - Elite Trainer Box,47992
2026-07-10,Magicsur,Pokémon TCG: Scarlet & Violet: Black Bolt - Elite Trainer Box,69990
2026-07-10,Magicsur,Pokémon TCG: Mega Evolution - Elite Trainer Box (Mega Gardevoir ex),72990
2026-07-10,Magicsur,Pokémon TCG: Mega Evolution - Elite Trainer Box (Mega Lucario ex),72990
2026-07-10,Magicsur,Pokémon TCG: Chaos Rising - Elite Trainer Box,69990
2026-07-10,MARKET_AVERAGE,Daily Average ETB Price,170936
2026-07-11,Charizstore,[PREVENTA 2] [17-07-2026] MEGA EVOLUTION – PITCH BLACK – ELITE TRAINER BOX – ESPAÑOL,62990
2026-07-11,Charizstore,[PREVENTA 2] [17-07-2026] MEGA EVOLUTION – PITCH BLACK – ELITE TRAINER BOX – INGLES,72990
2026-07-11,Charizstore,Mega Evolution Chaos Rising – Elite Trainer Box – Español,64000
2026-07-11,Charizstore,Mega Evolution – Perfect Order – Elite Trainer Box – Español,54000
2026-07-11,Charizstore,Mega Evolution – Perfect Order – Elite Trainer Box – Ingles,66000
2026-07-11,Charizstore,MEGA EVOLUTION – ASCENDED HEROES ELITE TRAINER BOX – ESPAÑOL,62000
2026-07-11,Charizstore,Temporal Forces – Elite Trainer Box – Español (V2),90000
2026-07-11,Charizstore,White Flare – Elite Trainer Box – Inglés,140000
2026-07-11,Charizstore,Mega Evolution Phantasmal Flames – Elite Trainer Box – Español,75000
2026-07-11,Charizstore,Temporal Forces – Elite Trainer Box – Español,90000
2026-07-11,Charizstore,White Flare – Elite Trainer Box – Español,80000
2026-07-11,Charizstore,Prismatic Evolutions – Elite Trainer Box – Español,90000
2026-07-11,Charizstore,Black Bolt – Elite Trainer Box – Español,80000
2026-07-11,Charizstore,Crown Zenith – Elite Trainer Box- Español,350000
2026-07-11,Charizstore,Twiligth Masquerade – Elite Trainer Box – Inglés,105000
2026-07-11,Charizstore,Shrouded Fable – Elite Trainer Box – Español,75000
2026-07-11,Charizstore,Shrouded Fable – Elite Trainer Box – Inglés,130000
2026-07-11,Charizstore,Scarlet & Violet Destined Rivals – Elite Trainer Box – Español,75000
2026-07-11,Charizstore,Twiligth Masquerade – Elite Trainer Box – Español,75000
2026-07-11,Charizstore,Journey Together – Elite Trainer Box – Español,60000
2026-07-11,Charizstore,Surging Sparks – Elite Trainer Box – Español,80000
2026-07-11,Charizstore,Obsidian Flames – Elite Trainer Box – Español,150000
2026-07-11,Charizstore,Stellar Crown – Elite Trainer Box – Español,75000
2026-07-11,Charizstore,Stellar Crown – Elite Trainer Box – Inglés,145000
2026-07-11,Collector Center,Scarlet & Violet: Black Bolt- Elite Trainer Box - Español,49990
2026-07-11,Collector Center,Mega Evolution Chaos Rising - Elite Trainer Box - Español,59990
2026-07-11,Collector Center,Mega Evolution Perfect Order - Elite Trainer Box - Ingles,56990
2026-07-11,Collector Center,Mega Evolution: Ascended Heroes - Elite Trainer Box - Español,59990
2026-07-11,Collector Center,Mega Evolution Chaos Rising - Elite Trainer Box - Ingles,71990
2026-07-11,Collector Center,Mega Evolution Perfect Order - Elite Trainer Box - Español,49990
2026-07-11,Collector Center,[PREVENTA 17/07/26] Mega Evolution Pitch Black- Elite Trainer Box - Español,65990
2026-07-11,Collector Center,Mega Evolution Phantasmal Flames - Elite Trainer Box - Español,49990
2026-07-11,Collector Center,Mega Evolution: Ascended Heroes - Elite Trainer Box - Ingles,149990
2026-07-11,Collector Center,Scarlet & Violet: White Flare - Elite Trainer Box - Español,49990
2026-07-11,Collector Center,[PREVENTA 17/07/26] Mega Evolution Pitch Black- Elite Trainer Box - Inglés,71990
2026-07-11,Collector Center,[PREVENTA 16/09/26] 30th Celebration - Elite Trainer Box - Español,89990
2026-07-11,Collector Center,Escarlata y Púrpura - Corona Astral – Elite Trainer Box – Español,49990
2026-07-11,Collector Center,[PREVENTA 16/09/26] 30th Celebration - Elite Trainer Box - Inglés,199990
2026-07-11,Collector Center,Scarlet & Violet: Surging Sparks – Elite Trainer Box – Ingles,129990
2026-07-11,Collector Center,Escarlata y Púrpura - Aventuras Compartidas – Elite Trainer Box – Español,54990
2026-07-11,MoiiJuegos,Pokémon mega evolution - pitch black elite trainer box (e...,53600
2026-07-11,MoiiJuegos,Pókemon mega evolution - chaos rising elite trainer box (...,62700
2026-07-11,MoiiJuegos,Pókemon mega evolution - perfect order elite trainer box ...,62700
2026-07-11,El Panteon,Pitch Black – Elite Trainer Box ESPAÑOL [PREVENTA] [17/07/2026],57990
2026-07-11,El Panteon,Pitch Black – Elite Trainer Box INGLES [PREVENTA] [17/07/2026],69990
2026-07-11,El Panteon,Darkness Ablaze Elite Trainer Box – ESPAÑOL,149990
2026-07-11,El Panteon,Vivid Voltage Elite Trainer Box – ESPAÑOL,149990
2026-07-11,El Panteon,Unbroken Bonds Elite Trainer Box – ESPAÑOL,1999990
2026-07-11,El Panteon,Rebel Clash Elite Trainer Box – ESPAÑOL,359990
2026-07-11,El Panteon,Unified Minds Elite Trainer Box – ESPAÑOL,1799990
2026-07-11,El Panteon,Chaos Rising – Elite Trainer Box Español – ENTREGA 17 JULIO,59990
2026-07-11,El Panteon,Chaos Rising – Elite Trainer Box INGLES,69990
2026-07-11,El Panteon,Mega Evolution Perfect Order – Elite Trainer Box Español,47990
2026-07-11,El Panteon,Mega Evolution Perfect Order – Elite Trainer Box Ingles,58990
2026-07-11,El Panteon,SET 3 X ELITE TRAINER BOX ESPAÑOL OFERTA VERANIEGA,149990
2026-07-11,El Panteon,SET 3 X ELITE TRAINER BOX PHANTASMAL FLAMES ESPAÑOL OFERTA ENERO,149990
2026-07-11,El Panteon,Pokemon GO Elite Trainer Box – Pokemon GO Español,149990
2026-07-11,El Panteon,Pokemon GO Elite Trainer Box – Pokemon GO Ingles,179990
2026-07-11,El Panteon,Ascended Heroes Collection – Elite Trainer Box Español,69990
2026-07-11,El Panteon,Shining Fates Elite Trainer Box INGLES,189990
2026-07-11,El Panteon,White Flare – Elite Trainer Box – Ingles,139990
2026-07-11,El Panteon,Mega Evolution Phantasmal Flames – Elite Trainer Box – Español,59990
2026-07-11,El Panteon,Mega Evolution Phantasmal Flames – Elite Trainer Box – Ingles,159990
2026-07-11,El Panteon,Paldea Evolved – Elite Trainer Box – Español,99990
2026-07-11,El Panteon,White Flare – Elite Trainer Box – Español,59990
2026-07-11,El Panteon,Prismatic Evolutions – Elite Trainer Box – Español,69990
2026-07-11,El Panteon,Prismatic Evolutions – Elite Trainer Box – Inglés,169990
2026-07-11,El Panteon,Black Bolt – Elite Trainer Box – Español,59990
2026-07-11,El Panteon,Black Bolt – Elite Trainer Box – Inglés,149990
2026-07-11,El Panteon,Paldean Fates – Elite Trainer Box – Ingles,599999
2026-07-11,El Panteon,Twilight Masquerade – Elite Trainer Box – Inglés,99999
2026-07-11,El Panteon,Scarlet & Violet Destined Rivals – Elite Trainer Box – Español,69990
2026-07-11,El Panteon,Journey Together – Elite Trainer Box – Español,59990
2026-07-11,El Panteon,Surging Sparks – Elite Trainer Box – Inglés,129990
2026-07-11,El Panteon,Obsidian Flames – Elite Trainer Box – Español,149990
2026-07-11,El Panteon,Stellar Crown – Elite Trainer Box – Español,59990
2026-07-11,AFK Store,Elite Trainer Box 151,550000
2026-07-11,AFK Store,Elite Trainer Box Black Bolt y White Flare,64990
2026-07-11,AFK Store,Elite Trainer Box Perfect Order,64990
2026-07-11,AFK Store,Elite Trainer Box Paldea Fates,450000
2026-07-11,AFK Store,Elite Trainer Box Pokemon Team Up,1500000
2026-07-11,AFK Store,Elite Trainer Box Journey Together,54990
2026-07-11,AFK Store,Elite Trainer Box Rebel Clash,300000
2026-07-11,AFK Store,ELITE TRAINER BOX DESTINED RIVALS,69990
2026-07-11,AFK Store,Phantasmal Flames Elite Trainer Box,150000
2026-07-11,AFK Store,Unbroken Bonds Elite Trainer Box - SM - Unbroken Bonds (SM10),1000000
2026-07-11,AFK Store,Ultra Prism Elite Trainer Box [Dawn Wings Necrozma],800000
2026-07-11,AFK Store,Ultra Prism Elite Trainer Box [Dusk Mane Necrozma],700000
2026-07-11,AFK Store,Elite Trainer Box Evolving Skies (Flareon),600000
2026-07-11,AFK Store,Cosmic Eclipse Elite Trainer Box,1600000
2026-07-11,AFK Store,Elite Trainer Box Pokemon Go,90000
2026-07-11,AFK Store,ELITE TRAINER BOX ASCENDED HEROES,150000
2026-07-11,AFK Store,Elite Trainer Box Mega Evolution,64990
2026-07-11,AFK Store,Elite Trainer Box Fusion Strike,180000
2026-07-11,AFK Store,Elite Trainer Box Pokemon Battle Styles,90000
2026-07-11,AFK Store,Elite Trainer Box Brillant Stars,130000
2026-07-11,AFK Store,Elite Trainer Box Surging Sparks,69990
2026-07-11,AFK Store,Elite Trainer Box Crown Zenith,200000
2026-07-11,AFK Store,Elite Trainer Box Celebrations,200000
2026-07-11,AFK Store,Elite Trainer Box Pokemon Guardians Rising,400000
2026-07-11,AFK Store,Elite Trainer Box Crimson Invasion,150000
2026-07-11,AFK Store,Elite Trainer Box Astral Radiance,90000
2026-07-11,AFK Store,Elite Trainer Box Evolving Skies (Sylveon),350000
2026-07-11,AFK Store,Elite Trainer Box Shinning Fates,140000
2026-07-11,AFK Store,Elite Trainer Box Champion's Path,170000
2026-07-11,AFK Store,Elite Trainer Box Stellar Crown,49900
2026-07-11,AFK Store,PRISMATIC EVOLUTIONS ELITE TRAINER BOX,69990
2026-07-11,AFK Store,Elite Trainer Box Hidden Fates,450000
2026-07-11,AFK Store,Elite Trainer Box Silver Tempest,100000
2026-07-11,AFK Store,Elite Trainer Box Twilight Masquerade,59990
2026-07-11,AFK Store,Elite Trainer Box Lost Origin,130000
2026-07-11,AFK Store,Elite Trainer Box Plus: Zamazenta Pokemon Sword & Shield,140000
2026-07-11,AFK Store,Elite Trainer Box Paradox Rift Futuro,42990
2026-07-11,AFK Store,Elite Trainer Box Obsidian Flames,100000
2026-07-11,AFK Store,Elite Trainer Box Scarlet And Violet,59990
2026-07-11,AFK Store,Elite Trainer Box Plus: Zacian Pokemon Sword & Shield,140000
2026-07-11,AFK Store,Elite Trainer Box Paldea,44990
2026-07-11,AFK Store,Elite Trainer Box Shrouded Fable,49990
2026-07-11,AFK Store,Elite Trainer Box Paradox Rift Pasado,42990
2026-07-11,AFK Store,Elite Trainer Box Vivid Voltage,100000
2026-07-11,AFK Store,Elite Trainer Box Sword And Shield (Pequeño orificio plastico),40000
2026-07-11,AFK Store,Elite Trainer Box Temporal Forces,79990
2026-07-11,AFK Store,Elite Trainer Box Darkness Ablaze (Plastico levemente Roto),40000
2026-07-11,Piedra Bruja,Mega Evolution Perfect Order Elite Trainer Box ING,69990
2026-07-11,Piedra Bruja,Scarlet & Violet Destined Rivals Elite Trainer Box,74990
2026-07-11,Piedra Bruja,Mega Evolution Phantasmal Flames Elite Trainer Box ESP,61990
2026-07-11,Piedra Bruja,Mega Evolution Perfect Order Elite Trainer Box ESP,69990
2026-07-11,Piedra Bruja,Mega Evolution Chaos Rising Elite Trainer Box ESP,65990
2026-07-11,Piedra Bruja,Mega Evolution Pitch Black Elite Trainer Box ING,79990
2026-07-11,Piedra Bruja,Mega Evolution Pitch Black Elite Trainer Box ESP,72990
2026-07-11,Piedra Bruja,Scarlet & Violet Journey Together Elite Trainer Box Español,71990
2026-07-11,Magicsur,Pokémon TCG: Silver Tempest Elite Trainer Box - Inglés y Español,49990
2026-07-11,Magicsur,Pokémon TCG: Scarlet & Violet: Obsidian Flames - Elite Trainer Box,51990
2026-07-11,Magicsur,Pokémon TCG: Scarlet & Violet: Temporal Forces - Elite Trainer Box - Iron Leaves,41993
2026-07-11,Magicsur,Pokémon TCG: Scarlet & Violet: Temporal Forces - Elite Trainer Box - Walking Wake,41993
2026-07-11,Magicsur,Pokémon TCG: Scarlet & Violet: Twilight Masquerade - Elite Trainer Box,45592
2026-07-11,Magicsur,Pokémon TCG: Scarlet & Violet: Stellar Crown - Elite Trainer Box,46392
2026-07-11,Magicsur,Pokémon TCG: Mega Evolución - Phantasmal Flames - Elite Trainer Box,74990
2026-07-11,Magicsur,Pokémon TCG: Scarlet & Violet: Journey Together - Elite Trainer Box,59990
2026-07-11,Magicsur,Pokémon TCG: Scarlet & Violet: Surging Sparks - Elite Trainer Box,47992
2026-07-11,Magicsur,Pokémon TCG: Scarlet & Violet: Black Bolt - Elite Trainer Box,69990
2026-07-11,Magicsur,Pokémon TCG: Mega Evolution - Elite Trainer Box (Mega Gardevoir ex),72990
2026-07-11,Magicsur,Pokémon TCG: Mega Evolution - Elite Trainer Box (Mega Lucario ex),72990
2026-07-11,Magicsur,Pokémon TCG: Chaos Rising - Elite Trainer Box,69990
2026-07-11,MARKET_AVERAGE,Daily Average ETB Price,174153
2026-07-12,Charizstore,[PREVENTA 2] [17-07-2026] MEGA EVOLUTION – PITCH BLACK – ELITE TRAINER BOX – ESPAÑOL,62990
2026-07-12,Charizstore,[PREVENTA 2] [17-07-2026] MEGA EVOLUTION – PITCH BLACK – ELITE TRAINER BOX – INGLES,72990
2026-07-12,Charizstore,Mega Evolution Chaos Rising – Elite Trainer Box – Español,59990
2026-07-12,Charizstore,Mega Evolution – Perfect Order – Elite Trainer Box – Español,52990
2026-07-12,Charizstore,Mega Evolution – Perfect Order – Elite Trainer Box – Ingles,62990
2026-07-12,Charizstore,MEGA EVOLUTION – ASCENDED HEROES ELITE TRAINER BOX – ESPAÑOL,69990
2026-07-12,Charizstore,Temporal Forces – Elite Trainer Box – Español (V2),90000
2026-07-12,Charizstore,White Flare – Elite Trainer Box – Inglés,149990
2026-07-12,Charizstore,Mega Evolution Phantasmal Flames – Elite Trainer Box – Español,75000
2026-07-12,Charizstore,Temporal Forces – Elite Trainer Box – Español,90000
2026-07-12,Charizstore,White Flare – Elite Trainer Box – Español,69990
2026-07-12,Charizstore,Prismatic Evolutions – Elite Trainer Box – Español,90000
2026-07-12,Charizstore,Black Bolt – Elite Trainer Box – Español,69990
2026-07-12,Charizstore,Black Bolt – Elite Trainer Box – Inglés,149990
2026-07-12,Charizstore,Crown Zenith – Elite Trainer Box- Español,350000
2026-07-12,Charizstore,Twiligth Masquerade – Elite Trainer Box – Inglés,105000
2026-07-12,Charizstore,Shrouded Fable – Elite Trainer Box – Español,75000
2026-07-12,Charizstore,Shrouded Fable – Elite Trainer Box – Inglés,130000
2026-07-12,Charizstore,Scarlet & Violet Destined Rivals – Elite Trainer Box – Español,75000
2026-07-12,Charizstore,Twiligth Masquerade – Elite Trainer Box – Español,75000
2026-07-12,Charizstore,Journey Together – Elite Trainer Box – Español,60000
2026-07-12,Charizstore,Surging Sparks – Elite Trainer Box – Español,80000
2026-07-12,Charizstore,Surging Sparks – Elite Trainer Box – Inglés,145990
2026-07-12,Charizstore,Obsidian Flames – Elite Trainer Box – Español,149990
2026-07-12,Charizstore,Stellar Crown – Elite Trainer Box – Español,75000
2026-07-12,Charizstore,Stellar Crown – Elite Trainer Box – Inglés,145000
2026-07-12,Collector Center,Scarlet & Violet: Black Bolt- Elite Trainer Box - Español,49990
2026-07-12,Collector Center,Mega Evolution Chaos Rising - Elite Trainer Box - Español,59990
2026-07-12,Collector Center,Mega Evolution: Ascended Heroes - Elite Trainer Box - Español,59990
2026-07-12,Collector Center,Mega Evolution Perfect Order - Elite Trainer Box - Ingles,56990
2026-07-12,Collector Center,Mega Evolution Chaos Rising - Elite Trainer Box - Ingles,71990
2026-07-12,Collector Center,Mega Evolution Perfect Order - Elite Trainer Box - Español,49990
2026-07-12,Collector Center,[PREVENTA 17/07/26] Mega Evolution Pitch Black- Elite Trainer Box - Español,65990
2026-07-12,Collector Center,Mega Evolution Phantasmal Flames - Elite Trainer Box - Español,49990
2026-07-12,Collector Center,Scarlet & Violet: White Flare - Elite Trainer Box - Español,49990
2026-07-12,Collector Center,Mega Evolution: Ascended Heroes - Elite Trainer Box - Ingles,149990
2026-07-12,Collector Center,[PREVENTA 16/09/26] 30th Celebration - Elite Trainer Box - Español,89990
2026-07-12,Collector Center,[PREVENTA 16/09/26] 30th Celebration - Elite Trainer Box - Inglés,199990
2026-07-12,Collector Center,[PREVENTA 17/07/26] Mega Evolution Pitch Black- Elite Trainer Box - Inglés,71990
2026-07-12,Collector Center,Escarlata y Púrpura - Corona Astral – Elite Trainer Box – Español,49990
2026-07-12,Collector Center,Scarlet & Violet: Surging Sparks – Elite Trainer Box – Ingles,129990
2026-07-12,Collector Center,Escarlata y Púrpura - Aventuras Compartidas – Elite Trainer Box – Español,54990
2026-07-12,MoiiJuegos,Pokémon mega evolution - pitch black elite trainer box (e...,53600
2026-07-12,MoiiJuegos,Pókemon mega evolution - chaos rising elite trainer box (...,62700
2026-07-12,MoiiJuegos,Pókemon mega evolution - perfect order elite trainer box ...,62700
2026-07-12,El Panteon,Pitch Black – Elite Trainer Box ESPAÑOL [PREVENTA] [17/07/2026],57990
2026-07-12,El Panteon,Pitch Black – Elite Trainer Box INGLES [PREVENTA] [17/07/2026],69990
2026-07-12,El Panteon,Darkness Ablaze Elite Trainer Box – ESPAÑOL,149990
2026-07-12,El Panteon,Vivid Voltage Elite Trainer Box – ESPAÑOL,149990
2026-07-12,El Panteon,Unbroken Bonds Elite Trainer Box – ESPAÑOL,1999990
2026-07-12,El Panteon,Rebel Clash Elite Trainer Box – ESPAÑOL,359990
2026-07-12,El Panteon,Unified Minds Elite Trainer Box – ESPAÑOL,1799990
2026-07-12,El Panteon,Chaos Rising – Elite Trainer Box Español – ENTREGA 17 JULIO,59990
2026-07-12,El Panteon,Chaos Rising – Elite Trainer Box INGLES,69990
2026-07-12,El Panteon,Mega Evolution Perfect Order – Elite Trainer Box Español,47990
2026-07-12,El Panteon,Mega Evolution Perfect Order – Elite Trainer Box Ingles,58990
2026-07-12,El Panteon,SET 3 X ELITE TRAINER BOX ESPAÑOL OFERTA VERANIEGA,149990
2026-07-12,El Panteon,SET 3 X ELITE TRAINER BOX PHANTASMAL FLAMES ESPAÑOL OFERTA ENERO,149990
2026-07-12,El Panteon,Pokemon GO Elite Trainer Box – Pokemon GO Español,149990
2026-07-12,El Panteon,Pokemon GO Elite Trainer Box – Pokemon GO Ingles,179990
2026-07-12,El Panteon,Ascended Heroes Collection – Elite Trainer Box Español,69990
2026-07-12,El Panteon,Shining Fates Elite Trainer Box INGLES,189990
2026-07-12,El Panteon,White Flare – Elite Trainer Box – Ingles,139990
2026-07-12,El Panteon,Mega Evolution Phantasmal Flames – Elite Trainer Box – Español,59990
2026-07-12,El Panteon,Mega Evolution Phantasmal Flames – Elite Trainer Box – Ingles,159990
2026-07-12,El Panteon,Paldea Evolved – Elite Trainer Box – Español,99990
2026-07-12,El Panteon,White Flare – Elite Trainer Box – Español,59990
2026-07-12,El Panteon,Prismatic Evolutions – Elite Trainer Box – Español,69990
2026-07-12,El Panteon,Prismatic Evolutions – Elite Trainer Box – Inglés,169990
2026-07-12,El Panteon,Black Bolt – Elite Trainer Box – Español,59990
2026-07-12,El Panteon,Black Bolt – Elite Trainer Box – Inglés,149990
2026-07-12,El Panteon,Paldean Fates – Elite Trainer Box – Ingles,599999
2026-07-12,El Panteon,Twilight Masquerade – Elite Trainer Box – Inglés,99999
2026-07-12,El Panteon,Scarlet & Violet Destined Rivals – Elite Trainer Box – Español,69990
2026-07-12,El Panteon,Journey Together – Elite Trainer Box – Español,59990
2026-07-12,El Panteon,Surging Sparks – Elite Trainer Box – Inglés,129990
2026-07-12,El Panteon,Obsidian Flames – Elite Trainer Box – Español,149990
2026-07-12,El Panteon,Stellar Crown – Elite Trainer Box – Español,59990
2026-07-12,AFK Store,Elite Trainer Box 151,550000
2026-07-12,AFK Store,Elite Trainer Box Black Bolt y White Flare,64990
2026-07-12,AFK Store,Elite Trainer Box Paldea Fates,450000
2026-07-12,AFK Store,Elite Trainer Box Perfect Order,64990
2026-07-12,AFK Store,Elite Trainer Box Pokemon Team Up,1500000
2026-07-12,AFK Store,Elite Trainer Box Journey Together,54990
2026-07-12,AFK Store,Elite Trainer Box Rebel Clash,300000
2026-07-12,AFK Store,ELITE TRAINER BOX DESTINED RIVALS,69990
2026-07-12,AFK Store,Phantasmal Flames Elite Trainer Box,150000
2026-07-12,AFK Store,Unbroken Bonds Elite Trainer Box - SM - Unbroken Bonds (SM10),1000000
2026-07-12,AFK Store,Ultra Prism Elite Trainer Box [Dawn Wings Necrozma],800000
2026-07-12,AFK Store,Ultra Prism Elite Trainer Box [Dusk Mane Necrozma],700000
2026-07-12,AFK Store,Elite Trainer Box Evolving Skies (Flareon),600000
2026-07-12,AFK Store,Elite Trainer Box Surging Sparks,69990
2026-07-12,AFK Store,Elite Trainer Box Pokemon Go,90000
2026-07-12,AFK Store,Elite Trainer Box Mega Evolution,64990
2026-07-12,AFK Store,Elite Trainer Box Pokemon Battle Styles,90000
2026-07-12,AFK Store,Elite Trainer Box Fusion Strike,180000
2026-07-12,AFK Store,ELITE TRAINER BOX ASCENDED HEROES,150000
2026-07-12,AFK Store,Elite Trainer Box Brillant Stars,130000
2026-07-12,AFK Store,Cosmic Eclipse Elite Trainer Box,1600000
2026-07-12,AFK Store,Elite Trainer Box Celebrations,200000
2026-07-12,AFK Store,Elite Trainer Box Pokemon Guardians Rising,400000
2026-07-12,AFK Store,Elite Trainer Box Astral Radiance,90000
2026-07-12,AFK Store,Elite Trainer Box Crown Zenith,200000
2026-07-12,AFK Store,Elite Trainer Box Shinning Fates,140000
2026-07-12,AFK Store,Elite Trainer Box Evolving Skies (Sylveon),350000
2026-07-12,AFK Store,Elite Trainer Box Crimson Invasion,150000
2026-07-12,AFK Store,Elite Trainer Box Champion's Path,170000
2026-07-12,AFK Store,Elite Trainer Box Stellar Crown,49900
2026-07-12,AFK Store,PRISMATIC EVOLUTIONS ELITE TRAINER BOX,69990
2026-07-12,AFK Store,Elite Trainer Box Hidden Fates,450000
2026-07-12,AFK Store,Elite Trainer Box Vivid Voltage,100000
2026-07-12,AFK Store,Elite Trainer Box Lost Origin,130000
2026-07-12,AFK Store,Elite Trainer Box Silver Tempest,100000
2026-07-12,AFK Store,Elite Trainer Box Plus: Zamazenta Pokemon Sword & Shield,140000
2026-07-12,AFK Store,Elite Trainer Box Paradox Rift Futuro,42990
2026-07-12,AFK Store,Elite Trainer Box Scarlet And Violet,59990
2026-07-12,AFK Store,Elite Trainer Box Obsidian Flames,100000
2026-07-12,AFK Store,Elite Trainer Box Paldea,44990
2026-07-12,AFK Store,Elite Trainer Box Twilight Masquerade,59990
2026-07-12,AFK Store,Elite Trainer Box Shrouded Fable,49990
2026-07-12,AFK Store,Elite Trainer Box Paradox Rift Pasado,42990
2026-07-12,AFK Store,Elite Trainer Box Sword And Shield (Pequeño orificio plastico),40000
2026-07-12,AFK Store,Elite Trainer Box Temporal Forces,79990
2026-07-12,AFK Store,Elite Trainer Box Darkness Ablaze (Plastico levemente Roto),40000
2026-07-12,Piedra Bruja,Mega Evolution Perfect Order Elite Trainer Box ING,69990
2026-07-12,Piedra Bruja,Scarlet & Violet Destined Rivals Elite Trainer Box,74990
2026-07-12,Piedra Bruja,Mega Evolution Phantasmal Flames Elite Trainer Box ESP,61990
2026-07-12,Piedra Bruja,Mega Evolution Pitch Black Elite Trainer Box ING,79990
2026-07-12,Piedra Bruja,Mega Evolution Perfect Order Elite Trainer Box ESP,69990
2026-07-12,Piedra Bruja,Mega Evolution Chaos Rising Elite Trainer Box ESP,65990
2026-07-12,Piedra Bruja,Mega Evolution Pitch Black Elite Trainer Box ESP,72990
2026-07-12,Piedra Bruja,Scarlet & Violet Journey Together Elite Trainer Box Español,71990
2026-07-12,Magicsur,Pokémon TCG: Silver Tempest Elite Trainer Box - Inglés y Español,49990
2026-07-12,Magicsur,Pokémon TCG: Scarlet & Violet: Obsidian Flames - Elite Trainer Box,51990
2026-07-12,Magicsur,Pokémon TCG: Scarlet & Violet: Temporal Forces - Elite Trainer Box - Iron Leaves,41993
2026-07-12,Magicsur,Pokémon TCG: Scarlet & Violet: Temporal Forces - Elite Trainer Box - Walking Wake,41993
2026-07-12,Magicsur,Pokémon TCG: Scarlet & Violet: Twilight Masquerade - Elite Trainer Box,45592
2026-07-12,Magicsur,Pokémon TCG: Scarlet & Violet: Stellar Crown - Elite Trainer Box,46392
2026-07-12,Magicsur,Pokémon TCG: Mega Evolución - Phantasmal Flames - Elite Trainer Box,74990
2026-07-12,Magicsur,Pokémon TCG: Scarlet & Violet: Journey Together - Elite Trainer Box,59990
2026-07-12,Magicsur,Pokémon TCG: Scarlet & Violet: Surging Sparks - Elite Trainer Box,47992
2026-07-12,Magicsur,Pokémon TCG: Scarlet & Violet: Black Bolt - Elite Trainer Box,69990
2026-07-12,Magicsur,Pokémon TCG: Mega Evolution - Elite Trainer Box (Mega Gardevoir ex),72990
2026-07-12,Magicsur,Pokémon TCG: Mega Evolution - Elite Trainer Box (Mega Lucario ex),72990
2026-07-12,Magicsur,Pokémon TCG: Chaos Rising - Elite Trainer Box,69990
2026-07-12,MARKET_AVERAGE,Daily Average ETB Price,173958
2026-07-13,Charizstore,[PREVENTA 2] [17-07-2026] MEGA EVOLUTION – PITCH BLACK – ELITE TRAINER BOX – ESPAÑOL,62990
2026-07-13,Charizstore,[PREVENTA 2] [17-07-2026] MEGA EVOLUTION – PITCH BLACK – ELITE TRAINER BOX – INGLES,72990
2026-07-13,Charizstore,Mega Evolution Chaos Rising – Elite Trainer Box – Español,59990
2026-07-13,Charizstore,Mega Evolution – Perfect Order – Elite Trainer Box – Español,52990
2026-07-13,Charizstore,Mega Evolution – Perfect Order – Elite Trainer Box – Ingles,62990
2026-07-13,Charizstore,MEGA EVOLUTION – ASCENDED HEROES ELITE TRAINER BOX – ESPAÑOL,69990
2026-07-13,Charizstore,Temporal Forces – Elite Trainer Box – Español (V2),90000
2026-07-13,Charizstore,White Flare – Elite Trainer Box – Inglés,149990
2026-07-13,Charizstore,Mega Evolution Phantasmal Flames – Elite Trainer Box – Español,75000
2026-07-13,Charizstore,Temporal Forces – Elite Trainer Box – Español,90000
2026-07-13,Charizstore,White Flare – Elite Trainer Box – Español,69990
2026-07-13,Charizstore,Prismatic Evolutions – Elite Trainer Box – Español,90000
2026-07-13,Charizstore,Black Bolt – Elite Trainer Box – Español,69990
2026-07-13,Charizstore,Black Bolt – Elite Trainer Box – Inglés,149990
2026-07-13,Charizstore,Crown Zenith – Elite Trainer Box- Español,350000
2026-07-13,Charizstore,Twiligth Masquerade – Elite Trainer Box – Inglés,105000
2026-07-13,Charizstore,Shrouded Fable – Elite Trainer Box – Español,75000
2026-07-13,Charizstore,Shrouded Fable – Elite Trainer Box – Inglés,130000
2026-07-13,Charizstore,Scarlet & Violet Destined Rivals – Elite Trainer Box – Español,75000
2026-07-13,Charizstore,Twiligth Masquerade – Elite Trainer Box – Español,75000
2026-07-13,Charizstore,Journey Together – Elite Trainer Box – Español,60000
2026-07-13,Charizstore,Surging Sparks – Elite Trainer Box – Español,80000
2026-07-13,Charizstore,Surging Sparks – Elite Trainer Box – Inglés,145990
2026-07-13,Charizstore,Obsidian Flames – Elite Trainer Box – Español,149990
2026-07-13,Charizstore,Stellar Crown – Elite Trainer Box – Español,75000
2026-07-13,Charizstore,Stellar Crown – Elite Trainer Box – Inglés,145000
2026-07-13,Collector Center,Scarlet & Violet: Black Bolt- Elite Trainer Box - Español,49990
2026-07-13,Collector Center,Mega Evolution Chaos Rising - Elite Trainer Box - Español,59990
2026-07-13,Collector Center,Mega Evolution: Ascended Heroes - Elite Trainer Box - Español,59990
2026-07-13,Collector Center,Mega Evolution Perfect Order - Elite Trainer Box - Ingles,56990
2026-07-13,Collector Center,Mega Evolution Chaos Rising - Elite Trainer Box - Ingles,71990
2026-07-13,Collector Center,Mega Evolution Perfect Order - Elite Trainer Box - Español,49990
2026-07-13,Collector Center,[PREVENTA 17/07/26] Mega Evolution Pitch Black- Elite Trainer Box - Español,65990
2026-07-13,Collector Center,Mega Evolution Phantasmal Flames - Elite Trainer Box - Español,49990
2026-07-13,Collector Center,Scarlet & Violet: White Flare - Elite Trainer Box - Español,49990
2026-07-13,Collector Center,Mega Evolution: Ascended Heroes - Elite Trainer Box - Ingles,149990
2026-07-13,Collector Center,[PREVENTA 16/09/26] 30th Celebration - Elite Trainer Box - Español,89990
2026-07-13,Collector Center,[PREVENTA 16/09/26] 30th Celebration - Elite Trainer Box - Inglés,199990
2026-07-13,Collector Center,[PREVENTA 17/07/26] Mega Evolution Pitch Black- Elite Trainer Box - Inglés,71990
2026-07-13,Collector Center,Escarlata y Púrpura - Corona Astral – Elite Trainer Box – Español,49990
2026-07-13,Collector Center,Scarlet & Violet: Surging Sparks – Elite Trainer Box – Ingles,129990
2026-07-13,Collector Center,Escarlata y Púrpura - Aventuras Compartidas – Elite Trainer Box – Español,54990
2026-07-13,MoiiJuegos,Pokémon mega evolution - pitch black elite trainer box (e...,53600
2026-07-13,MoiiJuegos,Pókemon mega evolution - chaos rising elite trainer box (...,62700
2026-07-13,MoiiJuegos,Pókemon mega evolution - perfect order elite trainer box ...,62700
2026-07-13,El Panteon,Pitch Black – Elite Trainer Box ESPAÑOL [PREVENTA] [17/07/2026],57990
2026-07-13,El Panteon,Pitch Black – Elite Trainer Box INGLES [PREVENTA] [17/07/2026],69990
2026-07-13,El Panteon,Darkness Ablaze Elite Trainer Box – ESPAÑOL,149990
2026-07-13,El Panteon,Vivid Voltage Elite Trainer Box – ESPAÑOL,149990
2026-07-13,El Panteon,Unbroken Bonds Elite Trainer Box – ESPAÑOL,1999990
2026-07-13,El Panteon,Rebel Clash Elite Trainer Box – ESPAÑOL,359990
2026-07-13,El Panteon,Unified Minds Elite Trainer Box – ESPAÑOL,1799990
2026-07-13,El Panteon,Chaos Rising – Elite Trainer Box Español – ENTREGA 17 JULIO,59990
2026-07-13,El Panteon,Chaos Rising – Elite Trainer Box INGLES,69990
2026-07-13,El Panteon,Mega Evolution Perfect Order – Elite Trainer Box Español,47990
2026-07-13,El Panteon,Mega Evolution Perfect Order – Elite Trainer Box Ingles,58990
2026-07-13,El Panteon,SET 3 X ELITE TRAINER BOX ESPAÑOL OFERTA VERANIEGA,149990
2026-07-13,El Panteon,SET 3 X ELITE TRAINER BOX PHANTASMAL FLAMES ESPAÑOL OFERTA ENERO,149990
2026-07-13,El Panteon,Pokemon GO Elite Trainer Box – Pokemon GO Español,149990
2026-07-13,El Panteon,Pokemon GO Elite Trainer Box – Pokemon GO Ingles,179990
2026-07-13,El Panteon,Ascended Heroes Collection – Elite Trainer Box Español,69990
2026-07-13,El Panteon,Shining Fates Elite Trainer Box INGLES,189990
2026-07-13,El Panteon,White Flare – Elite Trainer Box – Ingles,139990
2026-07-13,El Panteon,Mega Evolution Phantasmal Flames – Elite Trainer Box – Español,59990
2026-07-13,El Panteon,Mega Evolution Phantasmal Flames – Elite Trainer Box – Ingles,159990
2026-07-13,El Panteon,Paldea Evolved – Elite Trainer Box – Español,99990
2026-07-13,El Panteon,White Flare – Elite Trainer Box – Español,59990
2026-07-13,El Panteon,Prismatic Evolutions – Elite Trainer Box – Español,69990
2026-07-13,El Panteon,Prismatic Evolutions – Elite Trainer Box – Inglés,169990
2026-07-13,El Panteon,Black Bolt – Elite Trainer Box – Español,59990
2026-07-13,El Panteon,Black Bolt – Elite Trainer Box – Inglés,149990
2026-07-13,El Panteon,Paldean Fates – Elite Trainer Box – Ingles,599999
2026-07-13,El Panteon,Twilight Masquerade – Elite Trainer Box – Inglés,99999
2026-07-13,El Panteon,Scarlet & Violet Destined Rivals – Elite Trainer Box – Español,69990
2026-07-13,El Panteon,Journey Together – Elite Trainer Box – Español,59990
2026-07-13,El Panteon,Surging Sparks – Elite Trainer Box – Inglés,129990
2026-07-13,El Panteon,Obsidian Flames – Elite Trainer Box – Español,149990
2026-07-13,El Panteon,Stellar Crown – Elite Trainer Box – Español,59990
2026-07-13,AFK Store,Elite Trainer Box 151,550000
2026-07-13,AFK Store,Elite Trainer Box Black Bolt y White Flare,64990
2026-07-13,AFK Store,Elite Trainer Box Paldea Fates,450000
2026-07-13,AFK Store,Elite Trainer Box Evolving Skies (Flareon),600000
2026-07-13,AFK Store,Elite Trainer Box Perfect Order,64990
2026-07-13,AFK Store,Elite Trainer Box Pokemon Team Up,1500000
2026-07-13,AFK Store,Elite Trainer Box Journey Together,54990
2026-07-13,AFK Store,Elite Trainer Box Rebel Clash,300000
2026-07-13,AFK Store,Elite Trainer Box Hidden Fates,550000
2026-07-13,AFK Store,ELITE TRAINER BOX DESTINED RIVALS,69990
2026-07-13,AFK Store,Phantasmal Flames Elite Trainer Box,150000
2026-07-13,AFK Store,Unbroken Bonds Elite Trainer Box - SM - Unbroken Bonds (SM10),1000000
2026-07-13,AFK Store,Ultra Prism Elite Trainer Box [Dawn Wings Necrozma],800000
2026-07-13,AFK Store,Ultra Prism Elite Trainer Box [Dusk Mane Necrozma],700000
2026-07-13,AFK Store,Elite Trainer Box Surging Sparks,69990
2026-07-13,AFK Store,Elite Trainer Box Pokemon Go,90000
2026-07-13,AFK Store,Elite Trainer Box Mega Evolution,64990
2026-07-13,AFK Store,Elite Trainer Box Pokemon Battle Styles,90000
2026-07-13,AFK Store,Elite Trainer Box Fusion Strike,180000
2026-07-13,AFK Store,ELITE TRAINER BOX ASCENDED HEROES,150000
2026-07-13,AFK Store,Elite Trainer Box Brillant Stars,130000
2026-07-13,AFK Store,Cosmic Eclipse Elite Trainer Box,1600000
2026-07-13,AFK Store,Elite Trainer Box Celebrations,200000
2026-07-13,AFK Store,Elite Trainer Box Pokemon Guardians Rising,400000
2026-07-13,AFK Store,Elite Trainer Box Astral Radiance,90000
2026-07-13,AFK Store,Elite Trainer Box Crown Zenith,200000
2026-07-13,AFK Store,Elite Trainer Box Shinning Fates,140000
2026-07-13,AFK Store,Elite Trainer Box Evolving Skies (Sylveon),350000
2026-07-13,AFK Store,Elite Trainer Box Crimson Invasion,150000
2026-07-13,AFK Store,Elite Trainer Box Champion's Path,170000
2026-07-13,AFK Store,Elite Trainer Box Stellar Crown,49900
2026-07-13,AFK Store,PRISMATIC EVOLUTIONS ELITE TRAINER BOX,69990
2026-07-13,AFK Store,Elite Trainer Box Vivid Voltage,100000
2026-07-13,AFK Store,Elite Trainer Box Lost Origin,130000
2026-07-13,AFK Store,Elite Trainer Box Silver Tempest,100000
2026-07-13,AFK Store,Elite Trainer Box Plus: Zamazenta Pokemon Sword & Shield,140000
2026-07-13,AFK Store,Elite Trainer Box Paradox Rift Futuro,42990
2026-07-13,AFK Store,Elite Trainer Box Scarlet And Violet,59990
2026-07-13,AFK Store,Elite Trainer Box Obsidian Flames,100000
2026-07-13,AFK Store,Elite Trainer Box Paldea,44990
2026-07-13,AFK Store,Elite Trainer Box Twilight Masquerade,59990
2026-07-13,AFK Store,Elite Trainer Box Shrouded Fable,49990
2026-07-13,AFK Store,Elite Trainer Box Plus: Zacian Pokemon Sword & Shield,140000
2026-07-13,AFK Store,Elite Trainer Box Paradox Rift Pasado,42990
2026-07-13,AFK Store,Elite Trainer Box Sword And Shield (Pequeño orificio plastico),40000
2026-07-13,AFK Store,Elite Trainer Box Temporal Forces,79990
2026-07-13,AFK Store,Elite Trainer Box Darkness Ablaze (Plastico levemente Roto),40000
2026-07-13,Piedra Bruja,Mega Evolution Perfect Order Elite Trainer Box ING,69990
2026-07-13,Piedra Bruja,Scarlet & Violet Destined Rivals Elite Trainer Box,74990
2026-07-13,Piedra Bruja,Mega Evolution Phantasmal Flames Elite Trainer Box ESP,61990
2026-07-13,Piedra Bruja,Mega Evolution Pitch Black Elite Trainer Box ING,79990
2026-07-13,Piedra Bruja,Mega Evolution Perfect Order Elite Trainer Box ESP,69990
2026-07-13,Piedra Bruja,Mega Evolution Chaos Rising Elite Trainer Box ESP,65990
2026-07-13,Piedra Bruja,Mega Evolution Pitch Black Elite Trainer Box ESP,72990
2026-07-13,Piedra Bruja,Scarlet & Violet Journey Together Elite Trainer Box Español,71990
2026-07-13,Magicsur,Pokémon TCG: Silver Tempest Elite Trainer Box - Inglés y Español,49990
2026-07-13,Magicsur,Pokémon TCG: Scarlet & Violet: Obsidian Flames - Elite Trainer Box,51990
2026-07-13,Magicsur,Pokémon TCG: Scarlet & Violet: Temporal Forces - Elite Trainer Box - Iron Leaves,41993
2026-07-13,Magicsur,Pokémon TCG: Scarlet & Violet: Temporal Forces - Elite Trainer Box - Walking Wake,41993
2026-07-13,Magicsur,Pokémon TCG: Scarlet & Violet: Twilight Masquerade - Elite Trainer Box,45592
2026-07-13,Magicsur,Pokémon TCG: Scarlet & Violet: Stellar Crown - Elite Trainer Box,46392
2026-07-13,Magicsur,Pokémon TCG: Mega Evolución - Phantasmal Flames - Elite Trainer Box,74990
2026-07-13,Magicsur,Pokémon TCG: Scarlet & Violet: Journey Together - Elite Trainer Box,59990
2026-07-13,Magicsur,Pokémon TCG: Scarlet & Violet: Surging Sparks - Elite Trainer Box,47992
2026-07-13,Magicsur,Pokémon TCG: Scarlet & Violet: Black Bolt - Elite Trainer Box,69990
2026-07-13,Magicsur,Pokémon TCG: Mega Evolution - Elite Trainer Box (Mega Gardevoir ex),72990
2026-07-13,Magicsur,Pokémon TCG: Mega Evolution - Elite Trainer Box (Mega Lucario ex),72990
2026-07-13,Magicsur,Pokémon TCG: Chaos Rising - Elite Trainer Box,69990
2026-07-13,MARKET_AVERAGE,Daily Average ETB Price,174411
2026-07-14,Charizstore,[PREVENTA 2] [17-07-2026] MEGA EVOLUTION – PITCH BLACK – ELITE TRAINER BOX – ESPAÑOL,62990
2026-07-14,Charizstore,[PREVENTA 2] [17-07-2026] MEGA EVOLUTION – PITCH BLACK – ELITE TRAINER BOX – INGLES,72990
2026-07-14,Charizstore,Mega Evolution Chaos Rising – Elite Trainer Box – Español,58990
2026-07-14,Charizstore,Mega Evolution – Perfect Order – Elite Trainer Box – Español,52990
2026-07-14,Charizstore,Mega Evolution – Perfect Order – Elite Trainer Box – Ingles,62990
2026-07-14,Charizstore,MEGA EVOLUTION – ASCENDED HEROES ELITE TRAINER BOX – ESPAÑOL,69990
2026-07-14,Charizstore,Temporal Forces – Elite Trainer Box – Español (V2),90000
2026-07-14,Charizstore,White Flare – Elite Trainer Box – Inglés,149990
2026-07-14,Charizstore,Mega Evolution Phantasmal Flames – Elite Trainer Box – Español,75000
2026-07-14,Charizstore,Temporal Forces – Elite Trainer Box – Español,90000
2026-07-14,Charizstore,White Flare – Elite Trainer Box – Español,62990
2026-07-14,Charizstore,Prismatic Evolutions – Elite Trainer Box – Español,90000
2026-07-14,Charizstore,Black Bolt – Elite Trainer Box – Español,62990
2026-07-14,Charizstore,Black Bolt – Elite Trainer Box – Inglés,149990
2026-07-14,Charizstore,Crown Zenith – Elite Trainer Box- Español,350000
2026-07-14,Charizstore,Twiligth Masquerade – Elite Trainer Box – Inglés,105000
2026-07-14,Charizstore,Shrouded Fable – Elite Trainer Box – Español,75000
2026-07-14,Charizstore,Shrouded Fable – Elite Trainer Box – Inglés,130000
2026-07-14,Charizstore,Scarlet & Violet Destined Rivals – Elite Trainer Box – Español,75000
2026-07-14,Charizstore,Twiligth Masquerade – Elite Trainer Box – Español,75000
2026-07-14,Charizstore,Journey Together – Elite Trainer Box – Español,60000
2026-07-14,Charizstore,Surging Sparks – Elite Trainer Box – Español,80000
2026-07-14,Charizstore,Surging Sparks – Elite Trainer Box – Inglés,145990
2026-07-14,Charizstore,Obsidian Flames – Elite Trainer Box – Español,149990
2026-07-14,Charizstore,Stellar Crown – Elite Trainer Box – Español,75000
2026-07-14,Charizstore,Stellar Crown – Elite Trainer Box – Inglés,145000
2026-07-14,Collector Center,Scarlet & Violet: Black Bolt- Elite Trainer Box - Español,49990
2026-07-14,Collector Center,Mega Evolution Chaos Rising - Elite Trainer Box - Español,59990
2026-07-14,Collector Center,Mega Evolution Chaos Rising - Elite Trainer Box - Ingles,71990
2026-07-14,Collector Center,Mega Evolution: Ascended Heroes - Elite Trainer Box - Español,59990
2026-07-14,Collector Center,Mega Evolution Perfect Order - Elite Trainer Box - Ingles,56990
2026-07-14,Collector Center,Mega Evolution Perfect Order - Elite Trainer Box - Español,49990
2026-07-14,Collector Center,[PREVENTA 17/07/26] Mega Evolution Pitch Black- Elite Trainer Box - Español,65990
2026-07-14,Collector Center,Mega Evolution Phantasmal Flames - Elite Trainer Box - Español,49990
2026-07-14,Collector Center,Mega Evolution: Ascended Heroes - Elite Trainer Box - Ingles,149990
2026-07-14,Collector Center,[PREVENTA 16/09/26] 30th Celebration - Elite Trainer Box - Español,89990
2026-07-14,Collector Center,[PREVENTA 16/09/26] 30th Celebration - Elite Trainer Box - Inglés,199990
2026-07-14,Collector Center,[PREVENTA 17/07/26] Mega Evolution Pitch Black- Elite Trainer Box - Inglés,71990
2026-07-14,Collector Center,Escarlata y Púrpura - Corona Astral – Elite Trainer Box – Español,49990
2026-07-14,Collector Center,Scarlet & Violet: Surging Sparks – Elite Trainer Box – Ingles,129990
2026-07-14,Collector Center,Escarlata y Púrpura - Aventuras Compartidas – Elite Trainer Box – Español,54990
2026-07-14,MoiiJuegos,Pokémon mega evolution - pitch black elite trainer box (e...,53600
2026-07-14,MoiiJuegos,Pókemon mega evolution - chaos rising elite trainer box (...,62700
2026-07-14,MoiiJuegos,Pókemon mega evolution - perfect order elite trainer box ...,62700
2026-07-14,El Panteon,Pitch Black – Elite Trainer Box ESPAÑOL [PREVENTA] [17/07/2026],57990
2026-07-14,El Panteon,Pitch Black – Elite Trainer Box INGLES [PREVENTA] [17/07/2026],69990
2026-07-14,El Panteon,Darkness Ablaze Elite Trainer Box – ESPAÑOL,149990
2026-07-14,El Panteon,Vivid Voltage Elite Trainer Box – ESPAÑOL,149990
2026-07-14,El Panteon,Unbroken Bonds Elite Trainer Box – ESPAÑOL,1999990
2026-07-14,El Panteon,Rebel Clash Elite Trainer Box – ESPAÑOL,359990
2026-07-14,El Panteon,Unified Minds Elite Trainer Box – ESPAÑOL,1799990
2026-07-14,El Panteon,Chaos Rising – Elite Trainer Box Español – ENTREGA 17 JULIO,59990
2026-07-14,El Panteon,Chaos Rising – Elite Trainer Box INGLES,69990
2026-07-14,El Panteon,Mega Evolution Perfect Order – Elite Trainer Box Español,47990
2026-07-14,El Panteon,Mega Evolution Perfect Order – Elite Trainer Box Ingles,58990
2026-07-14,El Panteon,SET 3 X ELITE TRAINER BOX ESPAÑOL OFERTA VERANIEGA,149990
2026-07-14,El Panteon,SET 3 X ELITE TRAINER BOX PHANTASMAL FLAMES ESPAÑOL OFERTA ENERO,149990
2026-07-14,El Panteon,Pokemon GO Elite Trainer Box – Pokemon GO Español,149990
2026-07-14,El Panteon,Pokemon GO Elite Trainer Box – Pokemon GO Ingles,179990
2026-07-14,El Panteon,Ascended Heroes Collection – Elite Trainer Box Español,69990
2026-07-14,El Panteon,Shining Fates Elite Trainer Box INGLES,189990
2026-07-14,El Panteon,White Flare – Elite Trainer Box – Ingles,139990
2026-07-14,El Panteon,Mega Evolution Phantasmal Flames – Elite Trainer Box – Español,59990
2026-07-14,El Panteon,Mega Evolution Phantasmal Flames – Elite Trainer Box – Ingles,159990
2026-07-14,El Panteon,Paldea Evolved – Elite Trainer Box – Español,99990
2026-07-14,El Panteon,White Flare – Elite Trainer Box – Español,59990
2026-07-14,El Panteon,Prismatic Evolutions – Elite Trainer Box – Español,69990
2026-07-14,El Panteon,Prismatic Evolutions – Elite Trainer Box – Inglés,169990
2026-07-14,El Panteon,Black Bolt – Elite Trainer Box – Español,59990
2026-07-14,El Panteon,Black Bolt – Elite Trainer Box – Inglés,149990
2026-07-14,El Panteon,Paldean Fates – Elite Trainer Box – Ingles,599999
2026-07-14,El Panteon,Twilight Masquerade – Elite Trainer Box – Inglés,99999
2026-07-14,El Panteon,Scarlet & Violet Destined Rivals – Elite Trainer Box – Español,69990
2026-07-14,El Panteon,Journey Together – Elite Trainer Box – Español,59990
2026-07-14,El Panteon,Surging Sparks – Elite Trainer Box – Inglés,129990
2026-07-14,El Panteon,Obsidian Flames – Elite Trainer Box – Español,149990
2026-07-14,El Panteon,Stellar Crown – Elite Trainer Box – Español,59990
2026-07-14,AFK Store,Elite Trainer Box 151,550000
2026-07-14,AFK Store,Elite Trainer Box Black Bolt y White Flare,64990
2026-07-14,AFK Store,Elite Trainer Box Paldea Fates,450000
2026-07-14,AFK Store,Elite Trainer Box Evolving Skies (Flareon),600000
2026-07-14,AFK Store,Elite Trainer Box Perfect Order,64990
2026-07-14,AFK Store,Elite Trainer Box Pokemon Team Up,1500000
2026-07-14,AFK Store,ELITE TRAINER BOX DESTINED RIVALS,69990
2026-07-14,AFK Store,Elite Trainer Box Rebel Clash,300000
2026-07-14,AFK Store,Elite Trainer Box Hidden Fates,550000
2026-07-14,AFK Store,Elite Trainer Box Journey Together,54990
2026-07-14,AFK Store,Phantasmal Flames Elite Trainer Box,150000
2026-07-14,AFK Store,Unbroken Bonds Elite Trainer Box - SM - Unbroken Bonds (SM10),1000000
2026-07-14,AFK Store,Ultra Prism Elite Trainer Box [Dawn Wings Necrozma],800000
2026-07-14,AFK Store,Ultra Prism Elite Trainer Box [Dusk Mane Necrozma],700000
2026-07-14,AFK Store,Elite Trainer Box Pokemon Go,90000
2026-07-14,AFK Store,Elite Trainer Box Surging Sparks,69990
2026-07-14,AFK Store,ELITE TRAINER BOX ASCENDED HEROES,150000
2026-07-14,AFK Store,Elite Trainer Box Mega Evolution,64990
2026-07-14,AFK Store,Elite Trainer Box Pokemon Battle Styles,90000
2026-07-14,AFK Store,Elite Trainer Box Fusion Strike,180000
2026-07-14,AFK Store,Elite Trainer Box Astral Radiance,90000
2026-07-14,AFK Store,Elite Trainer Box Brillant Stars,130000
2026-07-14,AFK Store,Elite Trainer Box Celebrations,200000
2026-07-14,AFK Store,Cosmic Eclipse Elite Trainer Box,1600000
2026-07-14,AFK Store,Elite Trainer Box Crimson Invasion,150000
2026-07-14,AFK Store,Elite Trainer Box Pokemon Guardians Rising,400000
2026-07-14,AFK Store,Elite Trainer Box Crown Zenith,200000
2026-07-14,AFK Store,Elite Trainer Box Evolving Skies (Sylveon),350000
2026-07-14,AFK Store,Elite Trainer Box Shinning Fates,140000
2026-07-14,AFK Store,Elite Trainer Box Champion's Path,170000
2026-07-14,AFK Store,Elite Trainer Box Vivid Voltage,100000
2026-07-14,AFK Store,Elite Trainer Box Stellar Crown,49900
2026-07-14,AFK Store,Elite Trainer Box Silver Tempest,100000
2026-07-14,AFK Store,Elite Trainer Box Lost Origin,130000
2026-07-14,AFK Store,PRISMATIC EVOLUTIONS ELITE TRAINER BOX,69990
2026-07-14,AFK Store,Elite Trainer Box Plus: Zamazenta Pokemon Sword & Shield,140000
2026-07-14,AFK Store,Elite Trainer Box Paradox Rift Futuro,42990
2026-07-14,AFK Store,Elite Trainer Box Paldea,44990
2026-07-14,AFK Store,Elite Trainer Box Plus: Zacian Pokemon Sword & Shield,140000
2026-07-14,AFK Store,Elite Trainer Box Scarlet And Violet,59990
2026-07-14,AFK Store,Elite Trainer Box Obsidian Flames,100000
2026-07-14,AFK Store,Elite Trainer Box Shrouded Fable,49990
2026-07-14,AFK Store,Elite Trainer Box Twilight Masquerade,59990
2026-07-14,AFK Store,Elite Trainer Box Paradox Rift Pasado,42990
2026-07-14,AFK Store,Elite Trainer Box Sword And Shield (Pequeño orificio plastico),40000
2026-07-14,AFK Store,Elite Trainer Box Temporal Forces,79990
2026-07-14,AFK Store,Elite Trainer Box Darkness Ablaze (Plastico levemente Roto),40000
2026-07-14,Piedra Bruja,Scarlet & Violet Destined Rivals Elite Trainer Box,74990
2026-07-14,Piedra Bruja,Mega Evolution Perfect Order Elite Trainer Box ING,69990
2026-07-14,Piedra Bruja,Mega Evolution Phantasmal Flames Elite Trainer Box ESP,61990
2026-07-14,Piedra Bruja,Mega Evolution Pitch Black Elite Trainer Box ING,79990
2026-07-14,Piedra Bruja,Mega Evolution Chaos Rising Elite Trainer Box ESP,65990
2026-07-14,Piedra Bruja,Mega Evolution Pitch Black Elite Trainer Box ESP,72990
2026-07-14,Piedra Bruja,Mega Evolution Perfect Order Elite Trainer Box ESP,69990
2026-07-14,Piedra Bruja,Scarlet & Violet Journey Together Elite Trainer Box Español,71990
2026-07-14,Magicsur,Pokémon TCG: Silver Tempest Elite Trainer Box - Inglés y Español,49990
2026-07-14,Magicsur,Pokémon TCG: Scarlet & Violet: Obsidian Flames - Elite Trainer Box,51990
2026-07-14,Magicsur,Pokémon TCG: Scarlet & Violet: Temporal Forces - Elite Trainer Box - Iron Leaves,41993
2026-07-14,Magicsur,Pokémon TCG: Scarlet & Violet: Temporal Forces - Elite Trainer Box - Walking Wake,41993
2026-07-14,Magicsur,Pokémon TCG: Scarlet & Violet: Twilight Masquerade - Elite Trainer Box,45592
2026-07-14,Magicsur,Pokémon TCG: Scarlet & Violet: Stellar Crown - Elite Trainer Box,46392
2026-07-14,Magicsur,Pokémon TCG: Mega Evolución - Phantasmal Flames - Elite Trainer Box,74990
2026-07-14,Magicsur,Pokémon TCG: Scarlet & Violet: Journey Together - Elite Trainer Box,59990
2026-07-14,Magicsur,Pokémon TCG: Scarlet & Violet: Surging Sparks - Elite Trainer Box,47992
2026-07-14,Magicsur,Pokémon TCG: Scarlet & Violet: Black Bolt - Elite Trainer Box,69990
2026-07-14,Magicsur,Pokémon TCG: Mega Evolution - Elite Trainer Box (Mega Gardevoir ex),72990
2026-07-14,Magicsur,Pokémon TCG: Mega Evolution - Elite Trainer Box (Mega Lucario ex),72990
2026-07-14,Magicsur,Pokémon TCG: Chaos Rising - Elite Trainer Box,69990
2026-07-14,MARKET_AVERAGE,Daily Average ETB Price,175165
2026-07-15,Charizstore,[PREVENTA 2] [17-07-2026] MEGA EVOLUTION – PITCH BLACK – ELITE TRAINER BOX – ESPAÑOL,62990
2026-07-15,Charizstore,[PREVENTA 2] [17-07-2026] MEGA EVOLUTION – PITCH BLACK – ELITE TRAINER BOX – INGLES,72990
2026-07-15,Charizstore,Mega Evolution Chaos Rising – Elite Trainer Box – Español,58990
2026-07-15,Charizstore,Mega Evolution – Perfect Order – Elite Trainer Box – Español,52990
2026-07-15,Charizstore,Mega Evolution – Perfect Order – Elite Trainer Box – Ingles,62990
2026-07-15,Charizstore,MEGA EVOLUTION – ASCENDED HEROES ELITE TRAINER BOX – ESPAÑOL,69990
2026-07-15,Charizstore,Temporal Forces – Elite Trainer Box – Español (V2),90000
2026-07-15,Charizstore,White Flare – Elite Trainer Box – Inglés,149990
2026-07-15,Charizstore,Mega Evolution Phantasmal Flames – Elite Trainer Box – Español,75000
2026-07-15,Charizstore,Temporal Forces – Elite Trainer Box – Español,90000
2026-07-15,Charizstore,White Flare – Elite Trainer Box – Español,62990
2026-07-15,Charizstore,Prismatic Evolutions – Elite Trainer Box – Español,90000
2026-07-15,Charizstore,Black Bolt – Elite Trainer Box – Español,62990
2026-07-15,Charizstore,Black Bolt – Elite Trainer Box – Inglés,149990
2026-07-15,Charizstore,Crown Zenith – Elite Trainer Box- Español,350000
2026-07-15,Charizstore,Twiligth Masquerade – Elite Trainer Box – Inglés,105000
2026-07-15,Charizstore,Shrouded Fable – Elite Trainer Box – Español,75000
2026-07-15,Charizstore,Shrouded Fable – Elite Trainer Box – Inglés,130000
2026-07-15,Charizstore,Scarlet & Violet Destined Rivals – Elite Trainer Box – Español,75000
2026-07-15,Charizstore,Twiligth Masquerade – Elite Trainer Box – Español,75000
2026-07-15,Charizstore,Journey Together – Elite Trainer Box – Español,60000
2026-07-15,Charizstore,Surging Sparks – Elite Trainer Box – Español,80000
2026-07-15,Charizstore,Surging Sparks – Elite Trainer Box – Inglés,145990
2026-07-15,Charizstore,Obsidian Flames – Elite Trainer Box – Español,149990
2026-07-15,Charizstore,Stellar Crown – Elite Trainer Box – Español,75000
2026-07-15,Charizstore,Stellar Crown – Elite Trainer Box – Inglés,145000
2026-07-15,Collector Center,Scarlet & Violet: Black Bolt- Elite Trainer Box - Español,49990
2026-07-15,Collector Center,Mega Evolution Chaos Rising - Elite Trainer Box - Español,59990
2026-07-15,Collector Center,Mega Evolution Chaos Rising - Elite Trainer Box - Ingles,71990
2026-07-15,Collector Center,Mega Evolution: Ascended Heroes - Elite Trainer Box - Español,59990
2026-07-15,Collector Center,Mega Evolution Pitch Black- Elite Trainer Box - Español,67990
2026-07-15,Collector Center,Mega Evolution Perfect Order - Elite Trainer Box - Español,49990
2026-07-15,Collector Center,Mega Evolution Perfect Order - Elite Trainer Box - Ingles,56990
2026-07-15,Collector Center,Mega Evolution Phantasmal Flames - Elite Trainer Box - Español,49990
2026-07-15,Collector Center,Mega Evolution: Ascended Heroes - Elite Trainer Box - Ingles,149990
2026-07-15,Collector Center,[PREVENTA 16/09/26] 30th Celebration - Elite Trainer Box - Español,89990
2026-07-15,Collector Center,[PREVENTA 16/09/26] 30th Celebration - Elite Trainer Box - Inglés,199990
2026-07-15,Collector Center,Scarlet & Violet: Surging Sparks – Elite Trainer Box – Ingles,129990
2026-07-15,Collector Center,Escarlata y Púrpura - Corona Astral – Elite Trainer Box – Español,49990
2026-07-15,Collector Center,Escarlata y Púrpura - Aventuras Compartidas – Elite Trainer Box – Español,54990
2026-07-15,MoiiJuegos,Pokémon mega evolution - pitch black elite trainer box (e...,53600
2026-07-15,MoiiJuegos,Pókemon mega evolution - chaos rising elite trainer box (...,62700
2026-07-15,MoiiJuegos,Pókemon mega evolution - perfect order elite trainer box ...,62700
2026-07-15,El Panteon,Pitch Black – Elite Trainer Box ESPAÑOL [PREVENTA] [17/07/2026],57990
2026-07-15,El Panteon,Pitch Black – Elite Trainer Box INGLES [PREVENTA] [17/07/2026],69990
2026-07-15,El Panteon,Darkness Ablaze Elite Trainer Box – ESPAÑOL,149990
2026-07-15,El Panteon,Vivid Voltage Elite Trainer Box – ESPAÑOL,149990
2026-07-15,El Panteon,Unbroken Bonds Elite Trainer Box – ESPAÑOL,1999990
2026-07-15,El Panteon,Rebel Clash Elite Trainer Box – ESPAÑOL,359990
2026-07-15,El Panteon,Unified Minds Elite Trainer Box – ESPAÑOL,1799990
2026-07-15,El Panteon,Chaos Rising – Elite Trainer Box Español – ENTREGA 17 JULIO,59990
2026-07-15,El Panteon,Chaos Rising – Elite Trainer Box INGLES,69990
2026-07-15,El Panteon,Mega Evolution Perfect Order – Elite Trainer Box Español,47990
2026-07-15,El Panteon,Mega Evolution Perfect Order – Elite Trainer Box Ingles,58990
2026-07-15,El Panteon,SET 3 X ELITE TRAINER BOX ESPAÑOL OFERTA VERANIEGA,149990
2026-07-15,El Panteon,SET 3 X ELITE TRAINER BOX PHANTASMAL FLAMES ESPAÑOL OFERTA ENERO,149990
2026-07-15,El Panteon,Pokemon GO Elite Trainer Box – Pokemon GO Español,159990
2026-07-15,El Panteon,Pokemon GO Elite Trainer Box – Pokemon GO Ingles,199990
2026-07-15,El Panteon,Ascended Heroes Collection – Elite Trainer Box Español,69990
2026-07-15,El Panteon,Shining Fates Elite Trainer Box INGLES,189990
2026-07-15,El Panteon,White Flare – Elite Trainer Box – Ingles,139990
2026-07-15,El Panteon,Mega Evolution Phantasmal Flames – Elite Trainer Box – Español,59990
2026-07-15,El Panteon,Mega Evolution Phantasmal Flames – Elite Trainer Box – Ingles,159990
2026-07-15,El Panteon,Paldea Evolved – Elite Trainer Box – Español,149990
2026-07-15,El Panteon,White Flare – Elite Trainer Box – Español,59990
2026-07-15,El Panteon,Prismatic Evolutions – Elite Trainer Box – Español,69990
2026-07-15,El Panteon,Prismatic Evolutions – Elite Trainer Box – Inglés,169990
2026-07-15,El Panteon,Black Bolt – Elite Trainer Box – Español,59990
2026-07-15,El Panteon,Black Bolt – Elite Trainer Box – Inglés,149990
2026-07-15,El Panteon,Paldean Fates – Elite Trainer Box – Ingles,599999
2026-07-15,El Panteon,Twilight Masquerade – Elite Trainer Box – Inglés,99999
2026-07-15,El Panteon,Scarlet & Violet Destined Rivals – Elite Trainer Box – Español,69990
2026-07-15,El Panteon,Journey Together – Elite Trainer Box – Español,59990
2026-07-15,El Panteon,Surging Sparks – Elite Trainer Box – Inglés,129990
2026-07-15,El Panteon,Obsidian Flames – Elite Trainer Box – Español,199990
2026-07-15,El Panteon,Stellar Crown – Elite Trainer Box – Español,59990
2026-07-15,AFK Store,Elite Trainer Box 151,550000
2026-07-15,AFK Store,Elite Trainer Box Black Bolt y White Flare,64990
2026-07-15,AFK Store,Elite Trainer Box Paldea Fates,450000
2026-07-15,AFK Store,Elite Trainer Box Evolving Skies (Flareon),600000
2026-07-15,AFK Store,Elite Trainer Box Perfect Order,64990
2026-07-15,AFK Store,Elite Trainer Box Pokemon Team Up,1500000
2026-07-15,AFK Store,ELITE TRAINER BOX DESTINED RIVALS,69990
2026-07-15,AFK Store,Elite Trainer Box Rebel Clash,300000
2026-07-15,AFK Store,Elite Trainer Box Hidden Fates,550000
2026-07-15,AFK Store,Elite Trainer Box Journey Together,54990
2026-07-15,AFK Store,Phantasmal Flames Elite Trainer Box,150000
2026-07-15,AFK Store,Unbroken Bonds Elite Trainer Box - SM - Unbroken Bonds (SM10),1000000
2026-07-15,AFK Store,Ultra Prism Elite Trainer Box [Dawn Wings Necrozma],800000
2026-07-15,AFK Store,Ultra Prism Elite Trainer Box [Dusk Mane Necrozma],700000
2026-07-15,AFK Store,Elite Trainer Box Pokemon Battle Styles,90000
2026-07-15,AFK Store,Elite Trainer Box Pokemon Go,90000
2026-07-15,AFK Store,Elite Trainer Box Surging Sparks,69990
2026-07-15,AFK Store,ELITE TRAINER BOX ASCENDED HEROES,150000
2026-07-15,AFK Store,Elite Trainer Box Mega Evolution,64990
2026-07-15,AFK Store,Elite Trainer Box Fusion Strike,180000
2026-07-15,AFK Store,Elite Trainer Box Astral Radiance,90000
2026-07-15,AFK Store,Elite Trainer Box Brillant Stars,130000
2026-07-15,AFK Store,Elite Trainer Box Celebrations,200000
2026-07-15,AFK Store,Cosmic Eclipse Elite Trainer Box,1600000
2026-07-15,AFK Store,Elite Trainer Box Crimson Invasion,150000
2026-07-15,AFK Store,Elite Trainer Box Pokemon Guardians Rising,400000
2026-07-15,AFK Store,Elite Trainer Box Crown Zenith,200000
2026-07-15,AFK Store,Elite Trainer Box Evolving Skies (Sylveon),350000
2026-07-15,AFK Store,Elite Trainer Box Champion's Path,170000
2026-07-15,AFK Store,Elite Trainer Box Shinning Fates,140000
2026-07-15,AFK Store,Elite Trainer Box Vivid Voltage,100000
2026-07-15,AFK Store,Elite Trainer Box Stellar Crown,49900
2026-07-15,AFK Store,Elite Trainer Box Silver Tempest,100000
2026-07-15,AFK Store,Elite Trainer Box Lost Origin,130000
2026-07-15,AFK Store,PRISMATIC EVOLUTIONS ELITE TRAINER BOX,69990
2026-07-15,AFK Store,Elite Trainer Box Plus: Zamazenta Pokemon Sword & Shield,140000
2026-07-15,AFK Store,Elite Trainer Box Paradox Rift Futuro,42990
2026-07-15,AFK Store,Elite Trainer Box Paldea,44990
2026-07-15,AFK Store,Elite Trainer Box Plus: Zacian Pokemon Sword & Shield,140000
2026-07-15,AFK Store,Elite Trainer Box Scarlet And Violet,59990
2026-07-15,AFK Store,Elite Trainer Box Obsidian Flames,100000
2026-07-15,AFK Store,Elite Trainer Box Shrouded Fable,49990
2026-07-15,AFK Store,Elite Trainer Box Twilight Masquerade,59990
2026-07-15,AFK Store,Elite Trainer Box Paradox Rift Pasado,42990
2026-07-15,AFK Store,Elite Trainer Box Sword And Shield (Pequeño orificio plastico),40000
2026-07-15,AFK Store,Elite Trainer Box Temporal Forces,79990
2026-07-15,AFK Store,Elite Trainer Box Darkness Ablaze (Plastico levemente Roto),40000
2026-07-15,Piedra Bruja,Scarlet & Violet Destined Rivals Elite Trainer Box,74990
2026-07-15,Piedra Bruja,Mega Evolution Perfect Order Elite Trainer Box ING,69990
2026-07-15,Piedra Bruja,Mega Evolution Phantasmal Flames Elite Trainer Box ESP,61990
2026-07-15,Piedra Bruja,Mega Evolution Pitch Black Elite Trainer Box ING,79990
2026-07-15,Piedra Bruja,Mega Evolution Chaos Rising Elite Trainer Box ESP,65990
2026-07-15,Piedra Bruja,Mega Evolution Pitch Black Elite Trainer Box ESP,72990
2026-07-15,Piedra Bruja,Mega Evolution Perfect Order Elite Trainer Box ESP,69990
2026-07-15,Piedra Bruja,Scarlet & Violet Journey Together Elite Trainer Box Español,71990
2026-07-15,Magicsur,Pokémon TCG: Silver Tempest Elite Trainer Box - Inglés y Español,49990
2026-07-15,Magicsur,Pokémon TCG: Scarlet & Violet: Obsidian Flames - Elite Trainer Box,51990
2026-07-15,Magicsur,Pokémon TCG: Scarlet & Violet: Temporal Forces - Elite Trainer Box - Iron Leaves,41993
2026-07-15,Magicsur,Pokémon TCG: Scarlet & Violet: Temporal Forces - Elite Trainer Box - Walking Wake,41993
2026-07-15,Magicsur,Pokémon TCG: Scarlet & Violet: Twilight Masquerade - Elite Trainer Box,45592
2026-07-15,Magicsur,Pokémon TCG: Scarlet & Violet: Stellar Crown - Elite Trainer Box,46392
2026-07-15,Magicsur,Pokémon TCG: Mega Evolución - Phantasmal Flames - Elite Trainer Box,74990
2026-07-15,Magicsur,Pokémon TCG: Scarlet & Violet: Journey Together - Elite Trainer Box,59990
2026-07-15,Magicsur,Pokémon TCG: Scarlet & Violet: Surging Sparks - Elite Trainer Box,47992
2026-07-15,Magicsur,Pokémon TCG: Scarlet & Violet: Black Bolt - Elite Trainer Box,69990
2026-07-15,Magicsur,Pokémon TCG: Mega Evolution - Elite Trainer Box (Mega Gardevoir ex),72990
2026-07-15,Magicsur,Pokémon TCG: Mega Evolution - Elite Trainer Box (Mega Lucario ex),72990
2026-07-15,Magicsur,Pokémon TCG: Chaos Rising - Elite Trainer Box,69990
2026-07-15,MARKET_AVERAGE,Daily Average ETB Price,176799
2026-07-16,Charizstore,[PREVENTA 2] [17-07-2026] MEGA EVOLUTION – PITCH BLACK – ELITE TRAINER BOX – ESPAÑOL,62990
2026-07-16,Charizstore,Mega Evolution Chaos Rising – Elite Trainer Box – Español,58990
2026-07-16,Charizstore,Mega Evolution – Perfect Order – Elite Trainer Box – Español,52990
2026-07-16,Charizstore,Mega Evolution – Perfect Order – Elite Trainer Box – Ingles,62990
2026-07-16,Charizstore,MEGA EVOLUTION – ASCENDED HEROES ELITE TRAINER BOX – ESPAÑOL,69990
2026-07-16,Charizstore,Temporal Forces – Elite Trainer Box – Español (V2),90000
2026-07-16,Charizstore,White Flare – Elite Trainer Box – Inglés,149990
2026-07-16,Charizstore,Mega Evolution Phantasmal Flames – Elite Trainer Box – Español,75000
2026-07-16,Charizstore,Temporal Forces – Elite Trainer Box – Español,90000
2026-07-16,Charizstore,White Flare – Elite Trainer Box – Español,62990
2026-07-16,Charizstore,Prismatic Evolutions – Elite Trainer Box – Español,90000
2026-07-16,Charizstore,Black Bolt – Elite Trainer Box – Español,62990
2026-07-16,Charizstore,Black Bolt – Elite Trainer Box – Inglés,149990
2026-07-16,Charizstore,Crown Zenith – Elite Trainer Box- Español,350000
2026-07-16,Charizstore,Twiligth Masquerade – Elite Trainer Box – Inglés,105000
2026-07-16,Charizstore,Shrouded Fable – Elite Trainer Box – Español,75000
2026-07-16,Charizstore,Shrouded Fable – Elite Trainer Box – Inglés,130000
2026-07-16,Charizstore,Scarlet & Violet Destined Rivals – Elite Trainer Box – Español,75000
2026-07-16,Charizstore,Twiligth Masquerade – Elite Trainer Box – Español,75000
2026-07-16,Charizstore,Journey Together – Elite Trainer Box – Español,60000
2026-07-16,Charizstore,Surging Sparks – Elite Trainer Box – Español,80000
2026-07-16,Charizstore,Surging Sparks – Elite Trainer Box – Inglés,145990
2026-07-16,Charizstore,Obsidian Flames – Elite Trainer Box – Español,149990
2026-07-16,Charizstore,Stellar Crown – Elite Trainer Box – Español,75000
2026-07-16,Charizstore,Stellar Crown – Elite Trainer Box – Inglés,145000
2026-07-16,Collector Center,Scarlet & Violet: Black Bolt- Elite Trainer Box - Español,49990
2026-07-16,Collector Center,Mega Evolution: Ascended Heroes - Elite Trainer Box - Español,59990
2026-07-16,Collector Center,Mega Evolution Pitch Black- Elite Trainer Box - Español,67990
2026-07-16,Collector Center,Mega Evolution Chaos Rising - Elite Trainer Box - Español,59990
2026-07-16,Collector Center,Mega Evolution Chaos Rising - Elite Trainer Box - Ingles,71990
2026-07-16,Collector Center,Mega Evolution Perfect Order - Elite Trainer Box - Ingles,56990
2026-07-16,Collector Center,Mega Evolution Perfect Order - Elite Trainer Box - Español,49990
2026-07-16,Collector Center,Mega Evolution Phantasmal Flames - Elite Trainer Box - Español,49990
2026-07-16,Collector Center,Mega Evolution: Ascended Heroes - Elite Trainer Box - Ingles,149990
2026-07-16,Collector Center,Scarlet & Violet: Surging Sparks – Elite Trainer Box – Ingles,129990
2026-07-16,Collector Center,[PREVENTA 16/09/26] 30th Celebration - Elite Trainer Box - Español,89990
2026-07-16,Collector Center,[PREVENTA 16/09/26] 30th Celebration - Elite Trainer Box - Inglés,199990
2026-07-16,Collector Center,Escarlata y Púrpura - Corona Astral – Elite Trainer Box – Español,49990
2026-07-16,Collector Center,Escarlata y Púrpura - Aventuras Compartidas – Elite Trainer Box – Español,54990
2026-07-16,MoiiJuegos,Pokémon mega evolution - pitch black elite trainer box (e...,63650
2026-07-16,MoiiJuegos,Pókemon mega evolution - chaos rising elite trainer box (...,62700
2026-07-16,MoiiJuegos,Pókemon mega evolution - perfect order elite trainer box ...,62700
2026-07-16,El Panteon,Pitch Black – Elite Trainer Box ESPAÑOL [PREVENTA] [17/07/2026],57990
2026-07-16,El Panteon,Pitch Black – Elite Trainer Box INGLES [PREVENTA] [17/07/2026],69990
2026-07-16,El Panteon,Darkness Ablaze Elite Trainer Box – ESPAÑOL,149990
2026-07-16,El Panteon,Vivid Voltage Elite Trainer Box – ESPAÑOL,149990
2026-07-16,El Panteon,Rebel Clash Elite Trainer Box – ESPAÑOL,359990
2026-07-16,El Panteon,Chaos Rising – Elite Trainer Box INGLES,69990
2026-07-16,El Panteon,Mega Evolution Perfect Order – Elite Trainer Box Español,47990
2026-07-16,El Panteon,Mega Evolution Perfect Order – Elite Trainer Box Ingles,58990
2026-07-16,El Panteon,SET 3 X ELITE TRAINER BOX ESPAÑOL OFERTA VERANIEGA,149990
2026-07-16,El Panteon,SET 3 X ELITE TRAINER BOX PHANTASMAL FLAMES ESPAÑOL OFERTA ENERO,149990
2026-07-16,El Panteon,Pokemon GO Elite Trainer Box – Pokemon GO Español,159990
2026-07-16,El Panteon,Pokemon GO Elite Trainer Box – Pokemon GO Ingles,199990
2026-07-16,El Panteon,SET 3 X ELITE TRAINER BOX ESPAÑOL OFERTA ENERO,159990
2026-07-16,El Panteon,Ascended Heroes Collection – Elite Trainer Box Español,69990
2026-07-16,El Panteon,Shining Fates Elite Trainer Box INGLES,189990
2026-07-16,El Panteon,White Flare – Elite Trainer Box – Ingles,139990
2026-07-16,El Panteon,Mega Evolution Phantasmal Flames – Elite Trainer Box – Español,59990
2026-07-16,El Panteon,Mega Evolution Phantasmal Flames – Elite Trainer Box – Ingles,159990
2026-07-16,El Panteon,Paldea Evolved – Elite Trainer Box – Español,149990
2026-07-16,El Panteon,White Flare – Elite Trainer Box – Español,59990
2026-07-16,El Panteon,Prismatic Evolutions – Elite Trainer Box – Español,69990
2026-07-16,El Panteon,Prismatic Evolutions – Elite Trainer Box – Inglés,169990
2026-07-16,El Panteon,Black Bolt – Elite Trainer Box – Español,59990
2026-07-16,El Panteon,Black Bolt – Elite Trainer Box – Inglés,149990
2026-07-16,El Panteon,Paldean Fates – Elite Trainer Box – Ingles,599999
2026-07-16,El Panteon,Twilight Masquerade – Elite Trainer Box – Inglés,99999
2026-07-16,El Panteon,Scarlet & Violet Destined Rivals – Elite Trainer Box – Español,69990
2026-07-16,El Panteon,Journey Together – Elite Trainer Box – Español,59990
2026-07-16,El Panteon,Surging Sparks – Elite Trainer Box – Inglés,129990
2026-07-16,El Panteon,Obsidian Flames – Elite Trainer Box – Español,199990
2026-07-16,El Panteon,Stellar Crown – Elite Trainer Box – Español,59990
2026-07-16,AFK Store,Elite Trainer Box Paldea Fates,450000
2026-07-16,AFK Store,Elite Trainer Box Black Bolt y White Flare,64990
2026-07-16,AFK Store,Elite Trainer Box Evolving Skies (Flareon),600000
2026-07-16,AFK Store,Elite Trainer Box 151,550000
2026-07-16,AFK Store,Elite Trainer Box Perfect Order,64990
2026-07-16,AFK Store,Elite Trainer Box Journey Together,54990
2026-07-16,AFK Store,Elite Trainer Box Pokemon Team Up,1500000
2026-07-16,AFK Store,Elite Trainer Box Rebel Clash,300000
2026-07-16,AFK Store,Elite Trainer Box Hidden Fates,550000
2026-07-16,AFK Store,Phantasmal Flames Elite Trainer Box,150000
2026-07-16,AFK Store,ELITE TRAINER BOX DESTINED RIVALS,69990
2026-07-16,AFK Store,Unbroken Bonds Elite Trainer Box - SM - Unbroken Bonds (SM10),1000000
2026-07-16,AFK Store,Ultra Prism Elite Trainer Box [Dawn Wings Necrozma],800000
2026-07-16,AFK Store,Ultra Prism Elite Trainer Box [Dusk Mane Necrozma],700000
2026-07-16,AFK Store,Elite Trainer Box Pokemon Battle Styles,90000
2026-07-16,AFK Store,Elite Trainer Box Pokemon Go,90000
2026-07-16,AFK Store,Elite Trainer Box Mega Evolution,64990
2026-07-16,AFK Store,ELITE TRAINER BOX ASCENDED HEROES,150000
2026-07-16,AFK Store,Elite Trainer Box Surging Sparks,69990
2026-07-16,AFK Store,Elite Trainer Box Fusion Strike,180000
2026-07-16,AFK Store,Elite Trainer Box Astral Radiance,90000
2026-07-16,AFK Store,Elite Trainer Box Celebrations,200000
2026-07-16,AFK Store,Elite Trainer Box Brillant Stars,130000
2026-07-16,AFK Store,Cosmic Eclipse Elite Trainer Box,1600000
2026-07-16,AFK Store,Elite Trainer Box Crimson Invasion,150000
2026-07-16,AFK Store,Elite Trainer Box Pokemon Guardians Rising,400000
2026-07-16,AFK Store,Elite Trainer Box Crown Zenith,200000
2026-07-16,AFK Store,Elite Trainer Box Evolving Skies (Sylveon),350000
2026-07-16,AFK Store,Elite Trainer Box Shinning Fates,140000
2026-07-16,AFK Store,Elite Trainer Box Twilight Masquerade,59990
2026-07-16,AFK Store,Elite Trainer Box Champion's Path,170000
2026-07-16,AFK Store,Elite Trainer Box Vivid Voltage,100000
2026-07-16,AFK Store,Elite Trainer Box Stellar Crown,49900
2026-07-16,AFK Store,Elite Trainer Box Lost Origin,130000
2026-07-16,AFK Store,Elite Trainer Box Silver Tempest,100000
2026-07-16,AFK Store,PRISMATIC EVOLUTIONS ELITE TRAINER BOX,69990
2026-07-16,AFK Store,Elite Trainer Box Plus: Zamazenta Pokemon Sword & Shield,140000
2026-07-16,AFK Store,Elite Trainer Box Paradox Rift Futuro,42990
2026-07-16,AFK Store,Elite Trainer Box Paldea,44990
2026-07-16,AFK Store,Elite Trainer Box Plus: Zacian Pokemon Sword & Shield,140000
2026-07-16,AFK Store,Elite Trainer Box Scarlet And Violet,59990
2026-07-16,AFK Store,Elite Trainer Box Obsidian Flames,100000
2026-07-16,AFK Store,Elite Trainer Box Paradox Rift Pasado,42990
2026-07-16,AFK Store,Elite Trainer Box Shrouded Fable,49990
2026-07-16,AFK Store,Elite Trainer Box Sword And Shield (Pequeño orificio plastico),40000
2026-07-16,AFK Store,Elite Trainer Box Temporal Forces,79990
2026-07-16,AFK Store,Elite Trainer Box Darkness Ablaze (Plastico levemente Roto),40000
2026-07-16,Piedra Bruja,Scarlet & Violet Destined Rivals Elite Trainer Box,74990
2026-07-16,Piedra Bruja,Mega Evolution Pitch Black Elite Trainer Box ING,79990
2026-07-16,Piedra Bruja,Mega Evolution Perfect Order Elite Trainer Box ING,69990
2026-07-16,Piedra Bruja,Mega Evolution Phantasmal Flames Elite Trainer Box ESP,61990
2026-07-16,Piedra Bruja,Mega Evolution Perfect Order Elite Trainer Box ESP,69990
2026-07-16,Piedra Bruja,Mega Evolution Chaos Rising Elite Trainer Box ESP,65990
2026-07-16,Piedra Bruja,Mega Evolution Pitch Black Elite Trainer Box ESP,72990
2026-07-16,Piedra Bruja,Scarlet & Violet Journey Together Elite Trainer Box Español,71990
2026-07-16,Magicsur,Pokémon TCG: Silver Tempest Elite Trainer Box - Inglés y Español,49990
2026-07-16,Magicsur,Pokémon TCG: Scarlet & Violet: Obsidian Flames - Elite Trainer Box,51990
2026-07-16,Magicsur,Pokémon TCG: Scarlet & Violet: Temporal Forces - Elite Trainer Box - Iron Leaves,41993
2026-07-16,Magicsur,Pokémon TCG: Scarlet & Violet: Temporal Forces - Elite Trainer Box - Walking Wake,41993
2026-07-16,Magicsur,Pokémon TCG: Scarlet & Violet: Twilight Masquerade - Elite Trainer Box,45592
2026-07-16,Magicsur,Pokémon TCG: Scarlet & Violet: Stellar Crown - Elite Trainer Box,46392
2026-07-16,Magicsur,Pokémon TCG: Mega Evolución - Phantasmal Flames - Elite Trainer Box,74990
2026-07-16,Magicsur,Pokémon TCG: Scarlet & Violet: Journey Together - Elite Trainer Box,59990
2026-07-16,Magicsur,Pokémon TCG: Scarlet & Violet: Surging Sparks - Elite Trainer Box,47992
2026-07-16,Magicsur,Pokémon TCG: Scarlet & Violet: Black Bolt - Elite Trainer Box,69990
2026-07-16,Magicsur,Pokémon TCG: Mega Evolution - Elite Trainer Box (Mega Gardevoir ex),72990
2026-07-16,Magicsur,Pokémon TCG: Mega Evolution - Elite Trainer Box (Mega Lucario ex),72990
2026-07-16,Magicsur,Pokémon TCG: Chaos Rising - Elite Trainer Box,69990
2026-07-16,MARKET_AVERAGE,Daily Average ETB Price,153873
2026-07-17,Charizstore,[PREVENTA 2] [17-07-2026] MEGA EVOLUTION – PITCH BLACK – ELITE TRAINER BOX – ESPAÑOL,62990
2026-07-17,Charizstore,Mega Evolution Chaos Rising – Elite Trainer Box – Español,58990
2026-07-17,Charizstore,Mega Evolution – Perfect Order – Elite Trainer Box – Español,52990
2026-07-17,Charizstore,Mega Evolution – Perfect Order – Elite Trainer Box – Ingles,62990
2026-07-17,Charizstore,MEGA EVOLUTION – ASCENDED HEROES ELITE TRAINER BOX – ESPAÑOL,69990
2026-07-17,Charizstore,Temporal Forces – Elite Trainer Box – Español (V2),90000
2026-07-17,Charizstore,White Flare – Elite Trainer Box – Inglés,149990
2026-07-17,Charizstore,Mega Evolution Phantasmal Flames – Elite Trainer Box – Español,75000
2026-07-17,Charizstore,Temporal Forces – Elite Trainer Box – Español,90000
2026-07-17,Charizstore,White Flare – Elite Trainer Box – Español,62990
2026-07-17,Charizstore,Prismatic Evolutions – Elite Trainer Box – Español,90000
2026-07-17,Charizstore,Black Bolt – Elite Trainer Box – Español,62990
2026-07-17,Charizstore,Black Bolt – Elite Trainer Box – Inglés,149990
2026-07-17,Charizstore,Crown Zenith – Elite Trainer Box- Español,350000
2026-07-17,Charizstore,Twiligth Masquerade – Elite Trainer Box – Inglés,105000
2026-07-17,Charizstore,Shrouded Fable – Elite Trainer Box – Español,75000
2026-07-17,Charizstore,Shrouded Fable – Elite Trainer Box – Inglés,130000
2026-07-17,Charizstore,Scarlet & Violet Destined Rivals – Elite Trainer Box – Español,75000
2026-07-17,Charizstore,Twiligth Masquerade – Elite Trainer Box – Español,75000
2026-07-17,Charizstore,Journey Together – Elite Trainer Box – Español,60000
2026-07-17,Charizstore,Surging Sparks – Elite Trainer Box – Español,80000
2026-07-17,Charizstore,Surging Sparks – Elite Trainer Box – Inglés,145990
2026-07-17,Charizstore,Obsidian Flames – Elite Trainer Box – Español,149990
2026-07-17,Charizstore,Stellar Crown – Elite Trainer Box – Español,75000
2026-07-17,Charizstore,Stellar Crown – Elite Trainer Box – Inglés,145000
2026-07-17,Collector Center,Scarlet & Violet: Black Bolt- Elite Trainer Box - Español,49990
2026-07-17,Collector Center,Mega Evolution: Ascended Heroes - Elite Trainer Box - Español,59990
2026-07-17,Collector Center,Mega Evolution Pitch Black- Elite Trainer Box - Español,67990
2026-07-17,Collector Center,Mega Evolution Chaos Rising - Elite Trainer Box - Español,59990
2026-07-17,Collector Center,Mega Evolution Phantasmal Flames - Elite Trainer Box - Español,49990
2026-07-17,Collector Center,Mega Evolution Perfect Order - Elite Trainer Box - Ingles,56990
2026-07-17,Collector Center,Mega Evolution Perfect Order - Elite Trainer Box - Español,49990
2026-07-17,Collector Center,Mega Evolution Chaos Rising - Elite Trainer Box - Ingles,71990
2026-07-17,Collector Center,Mega Evolution: Ascended Heroes - Elite Trainer Box - Ingles,149990
2026-07-17,Collector Center,Scarlet & Violet: Surging Sparks – Elite Trainer Box – Ingles,129990
2026-07-17,Collector Center,[PREVENTA 16/09/26] 30th Celebration - Elite Trainer Box - Español,89990
2026-07-17,Collector Center,[PREVENTA 16/09/26] 30th Celebration - Elite Trainer Box - Inglés,199990
2026-07-17,Collector Center,Escarlata y Púrpura - Corona Astral – Elite Trainer Box – Español,49990
2026-07-17,Collector Center,Escarlata y Púrpura - Aventuras Compartidas – Elite Trainer Box – Español,54990
2026-07-17,MoiiJuegos,Pokémon mega evolution - pitch black elite trainer box (e...,63650
2026-07-17,MoiiJuegos,Pókemon mega evolution - chaos rising elite trainer box (...,62700
2026-07-17,MoiiJuegos,Pókemon mega evolution - perfect order elite trainer box ...,62700
2026-07-17,El Panteon,Surging Sparks – Elite Trainer Box – ESPAÑOL,79990
2026-07-17,El Panteon,Twilight Masquerade – Elite Trainer Box – ESPAÑOL,59990
2026-07-17,El Panteon,Pitch Black – Elite Trainer Box ESPAÑOL – ENTREGA 24 JULIO,57990
2026-07-17,El Panteon,Pitch Black – Elite Trainer Box INGLES – ENTREGA 24 JULIO,69990
2026-07-17,El Panteon,Darkness Ablaze Elite Trainer Box – ESPAÑOL,149990
2026-07-17,El Panteon,Vivid Voltage Elite Trainer Box – ESPAÑOL,149990
2026-07-17,El Panteon,Rebel Clash Elite Trainer Box – ESPAÑOL,359990
2026-07-17,El Panteon,Chaos Rising – Elite Trainer Box INGLES,69990
2026-07-17,El Panteon,Mega Evolution Perfect Order – Elite Trainer Box Español,47990
2026-07-17,El Panteon,Mega Evolution Perfect Order – Elite Trainer Box Ingles,58990
2026-07-17,El Panteon,SET 3 X ELITE TRAINER BOX ESPAÑOL OFERTA VERANIEGA,149990
2026-07-17,El Panteon,SET 3 X ELITE TRAINER BOX PHANTASMAL FLAMES ESPAÑOL OFERTA ENERO,149990
2026-07-17,El Panteon,Pokemon GO Elite Trainer Box – Pokemon GO Español,159990
2026-07-17,El Panteon,Pokemon GO Elite Trainer Box – Pokemon GO Ingles,199990
2026-07-17,El Panteon,SET 3 X ELITE TRAINER BOX ESPAÑOL OFERTA ENERO,159990
2026-07-17,El Panteon,Ascended Heroes Collection – Elite Trainer Box Español,69990
2026-07-17,El Panteon,Shining Fates Elite Trainer Box INGLES,189990
2026-07-17,El Panteon,White Flare – Elite Trainer Box – Ingles,139990
2026-07-17,El Panteon,Mega Evolution Phantasmal Flames – Elite Trainer Box – Español,59990
2026-07-17,El Panteon,Mega Evolution Phantasmal Flames – Elite Trainer Box – Ingles,159990
2026-07-17,El Panteon,Paldea Evolved – Elite Trainer Box – Español,149990
2026-07-17,El Panteon,White Flare – Elite Trainer Box – Español,59990
2026-07-17,El Panteon,Prismatic Evolutions – Elite Trainer Box – Español,69990
2026-07-17,El Panteon,Prismatic Evolutions – Elite Trainer Box – Inglés,169990
2026-07-17,El Panteon,Black Bolt – Elite Trainer Box – Español,59990
2026-07-17,El Panteon,Black Bolt – Elite Trainer Box – Inglés,149990
2026-07-17,El Panteon,Paldean Fates – Elite Trainer Box – Ingles,599999
2026-07-17,El Panteon,Twilight Masquerade – Elite Trainer Box – Inglés,99999
2026-07-17,El Panteon,Scarlet & Violet Destined Rivals – Elite Trainer Box – Español,69990
2026-07-17,El Panteon,Journey Together – Elite Trainer Box – Español,59990
2026-07-17,El Panteon,Surging Sparks – Elite Trainer Box – Inglés,129990
2026-07-17,El Panteon,Obsidian Flames – Elite Trainer Box – Español,199990
2026-07-17,El Panteon,Stellar Crown – Elite Trainer Box – Español,59990
2026-07-17,AFK Store,Elite Trainer Box Paldea Fates,450000
2026-07-17,AFK Store,Elite Trainer Box Black Bolt y White Flare,64990
2026-07-17,AFK Store,Elite Trainer Box 151,550000
2026-07-17,AFK Store,Elite Trainer Box Evolving Skies (Flareon),600000
2026-07-17,AFK Store,Elite Trainer Box Journey Together,54990
2026-07-17,AFK Store,Elite Trainer Box Perfect Order,64990
2026-07-17,AFK Store,Elite Trainer Box Pokemon Team Up,1500000
2026-07-17,AFK Store,Elite Trainer Box Rebel Clash,300000
2026-07-17,AFK Store,Elite Trainer Box Hidden Fates,550000
2026-07-17,AFK Store,ELITE TRAINER BOX DESTINED RIVALS,69990
2026-07-17,AFK Store,Phantasmal Flames Elite Trainer Box,150000
2026-07-17,AFK Store,Ultra Prism Elite Trainer Box [Dawn Wings Necrozma],800000
2026-07-17,AFK Store,Ultra Prism Elite Trainer Box [Dusk Mane Necrozma],700000
2026-07-17,AFK Store,Unbroken Bonds Elite Trainer Box - SM - Unbroken Bonds (SM10),1000000
2026-07-17,AFK Store,Elite Trainer Box Pokemon Battle Styles,90000
2026-07-17,AFK Store,Elite Trainer Box Pokemon Go,90000
2026-07-17,AFK Store,ELITE TRAINER BOX ASCENDED HEROES,150000
2026-07-17,AFK Store,Elite Trainer Box Mega Evolution,64990
2026-07-17,AFK Store,Elite Trainer Box Surging Sparks,69990
2026-07-17,AFK Store,Elite Trainer Box Fusion Strike,180000
2026-07-17,AFK Store,Elite Trainer Box Celebrations,200000
2026-07-17,AFK Store,Elite Trainer Box Astral Radiance,90000
2026-07-17,AFK Store,Elite Trainer Box Brillant Stars,130000
2026-07-17,AFK Store,Cosmic Eclipse Elite Trainer Box,1600000
2026-07-17,AFK Store,Elite Trainer Box Crown Zenith,200000
2026-07-17,AFK Store,Elite Trainer Box Crimson Invasion,150000
2026-07-17,AFK Store,Elite Trainer Box Pokemon Guardians Rising,400000
2026-07-17,AFK Store,Elite Trainer Box Evolving Skies (Sylveon),350000
2026-07-17,AFK Store,Elite Trainer Box Shinning Fates,140000
2026-07-17,AFK Store,Elite Trainer Box Twilight Masquerade,59990
2026-07-17,AFK Store,Elite Trainer Box Champion's Path,170000
2026-07-17,AFK Store,Elite Trainer Box Vivid Voltage,100000
2026-07-17,AFK Store,Elite Trainer Box Stellar Crown,49900
2026-07-17,AFK Store,Elite Trainer Box Silver Tempest,100000
2026-07-17,AFK Store,Elite Trainer Box Lost Origin,130000
2026-07-17,AFK Store,PRISMATIC EVOLUTIONS ELITE TRAINER BOX,69990
2026-07-17,AFK Store,Elite Trainer Box Plus: Zamazenta Pokemon Sword & Shield,140000
2026-07-17,AFK Store,Elite Trainer Box Paradox Rift Futuro,42990
2026-07-17,AFK Store,Elite Trainer Box Paldea,44990
2026-07-17,AFK Store,Elite Trainer Box Obsidian Flames,100000
2026-07-17,AFK Store,Elite Trainer Box Plus: Zacian Pokemon Sword & Shield,140000
2026-07-17,AFK Store,Elite Trainer Box Scarlet And Violet,59990
2026-07-17,AFK Store,Elite Trainer Box Paradox Rift Pasado,42990
2026-07-17,AFK Store,Elite Trainer Box Sword And Shield (Pequeño orificio plastico),40000
2026-07-17,AFK Store,Elite Trainer Box Temporal Forces,79990
2026-07-17,AFK Store,Elite Trainer Box Darkness Ablaze (Plastico levemente Roto),40000
2026-07-17,Piedra Bruja,Mega Evolution Pitch Black Elite Trainer Box ING,79990
2026-07-17,Piedra Bruja,Mega Evolution Perfect Order Elite Trainer Box ING,69990
2026-07-17,Piedra Bruja,Mega Evolution Phantasmal Flames Elite Trainer Box ESP,61990
2026-07-17,Piedra Bruja,Scarlet & Violet Destined Rivals Elite Trainer Box,74990
2026-07-17,Piedra Bruja,Mega Evolution Chaos Rising Elite Trainer Box ESP,65990
2026-07-17,Piedra Bruja,Mega Evolution Perfect Order Elite Trainer Box ESP,69990
2026-07-17,Piedra Bruja,Mega Evolution Pitch Black Elite Trainer Box ESP,72990
2026-07-17,Piedra Bruja,Scarlet & Violet Journey Together Elite Trainer Box Español,71990
2026-07-17,MARKET_AVERAGE,Daily Average ETB Price,163094
2026-07-18,Charizstore,[PREVENTA 2] [17-07-2026] MEGA EVOLUTION – PITCH BLACK – ELITE TRAINER BOX – ESPAÑOL,62990
2026-07-18,Charizstore,Mega Evolution Chaos Rising – Elite Trainer Box – Español,58990
2026-07-18,Charizstore,Mega Evolution – Perfect Order – Elite Trainer Box – Español,52990
2026-07-18,Charizstore,Mega Evolution – Perfect Order – Elite Trainer Box – Ingles,62990
2026-07-18,Charizstore,MEGA EVOLUTION – ASCENDED HEROES ELITE TRAINER BOX – ESPAÑOL,69990
2026-07-18,Charizstore,Temporal Forces – Elite Trainer Box – Español (V2),90000
2026-07-18,Charizstore,White Flare – Elite Trainer Box – Inglés,149990
2026-07-18,Charizstore,Mega Evolution Phantasmal Flames – Elite Trainer Box – Español,75000
2026-07-18,Charizstore,Temporal Forces – Elite Trainer Box – Español,90000
2026-07-18,Charizstore,White Flare – Elite Trainer Box – Español,62990
2026-07-18,Charizstore,Prismatic Evolutions – Elite Trainer Box – Español,90000
2026-07-18,Charizstore,Black Bolt – Elite Trainer Box – Español,62990
2026-07-18,Charizstore,Black Bolt – Elite Trainer Box – Inglés,149990
2026-07-18,Charizstore,Crown Zenith – Elite Trainer Box- Español,350000
2026-07-18,Charizstore,Twiligth Masquerade – Elite Trainer Box – Inglés,105000
2026-07-18,Charizstore,Shrouded Fable – Elite Trainer Box – Español,75000
2026-07-18,Charizstore,Shrouded Fable – Elite Trainer Box – Inglés,130000
2026-07-18,Charizstore,Scarlet & Violet Destined Rivals – Elite Trainer Box – Español,75000
2026-07-18,Charizstore,Twiligth Masquerade – Elite Trainer Box – Español,75000
2026-07-18,Charizstore,Journey Together – Elite Trainer Box – Español,60000
2026-07-18,Charizstore,Surging Sparks – Elite Trainer Box – Español,80000
2026-07-18,Charizstore,Surging Sparks – Elite Trainer Box – Inglés,145990
2026-07-18,Charizstore,Obsidian Flames – Elite Trainer Box – Español,149990
2026-07-18,Charizstore,Stellar Crown – Elite Trainer Box – Español,75000
2026-07-18,Charizstore,Stellar Crown – Elite Trainer Box – Inglés,145000
2026-07-18,Collector Center,Scarlet & Violet: Black Bolt- Elite Trainer Box - Español,49990
2026-07-18,Collector Center,Mega Evolution: Ascended Heroes - Elite Trainer Box - Español,59990
2026-07-18,Collector Center,Mega Evolution Pitch Black- Elite Trainer Box - Español,67990
2026-07-18,Collector Center,Mega Evolution Chaos Rising - Elite Trainer Box - Español,59990
2026-07-18,Collector Center,Mega Evolution Perfect Order - Elite Trainer Box - Español,49990
2026-07-18,Collector Center,Mega Evolution Pitch Black- Elite Trainer Box - Inglés,73990
2026-07-18,Collector Center,Mega Evolution Phantasmal Flames - Elite Trainer Box - Español,49990
2026-07-18,Collector Center,Mega Evolution Perfect Order - Elite Trainer Box - Ingles,56990
2026-07-18,Collector Center,Mega Evolution Chaos Rising - Elite Trainer Box - Ingles,71990
2026-07-18,Collector Center,Mega Evolution: Ascended Heroes - Elite Trainer Box - Ingles,149990
2026-07-18,Collector Center,Scarlet & Violet: Surging Sparks – Elite Trainer Box – Ingles,129990
2026-07-18,Collector Center,[PREVENTA 16/09/26] 30th Celebration - Elite Trainer Box - Español,89990
2026-07-18,Collector Center,[PREVENTA 16/09/26] 30th Celebration - Elite Trainer Box - Inglés,199990
2026-07-18,Collector Center,Escarlata y Púrpura - Corona Astral – Elite Trainer Box – Español,49990
2026-07-18,Collector Center,Escarlata y Púrpura - Aventuras Compartidas – Elite Trainer Box – Español,54990
2026-07-18,MoiiJuegos,Pokémon mega evolution - pitch black elite trainer box (e...,63900
2026-07-18,MoiiJuegos,Pókemon mega evolution - chaos rising elite trainer box (...,62900
2026-07-18,MoiiJuegos,Pókemon mega evolution - perfect order elite trainer box ...,62900
2026-07-18,El Panteon,Surging Sparks – Elite Trainer Box – ESPAÑOL,79990
2026-07-18,El Panteon,Twilight Masquerade – Elite Trainer Box – ESPAÑOL,59990
2026-07-18,El Panteon,Pitch Black – Elite Trainer Box ESPAÑOL – ENTREGA 24 JULIO,57990
2026-07-18,El Panteon,Pitch Black – Elite Trainer Box INGLES – ENTREGA 24 JULIO,69990
2026-07-18,El Panteon,Darkness Ablaze Elite Trainer Box – ESPAÑOL,149990
2026-07-18,El Panteon,Vivid Voltage Elite Trainer Box – ESPAÑOL,149990
2026-07-18,El Panteon,Rebel Clash Elite Trainer Box – ESPAÑOL,359990
2026-07-18,El Panteon,Chaos Rising – Elite Trainer Box INGLES,69990
2026-07-18,El Panteon,Mega Evolution Perfect Order – Elite Trainer Box Español,47990
2026-07-18,El Panteon,Mega Evolution Perfect Order – Elite Trainer Box Ingles,58990
2026-07-18,El Panteon,SET 3 X ELITE TRAINER BOX ESPAÑOL OFERTA VERANIEGA,149990
2026-07-18,El Panteon,SET 3 X ELITE TRAINER BOX PHANTASMAL FLAMES ESPAÑOL OFERTA ENERO,149990
2026-07-18,El Panteon,Pokemon GO Elite Trainer Box – Pokemon GO Español,159990
2026-07-18,El Panteon,Pokemon GO Elite Trainer Box – Pokemon GO Ingles,199990
2026-07-18,El Panteon,SET 3 X ELITE TRAINER BOX ESPAÑOL OFERTA ENERO,159990
2026-07-18,El Panteon,Ascended Heroes Collection – Elite Trainer Box Español,69990
2026-07-18,El Panteon,Shining Fates Elite Trainer Box INGLES,189990
2026-07-18,El Panteon,White Flare – Elite Trainer Box – Ingles,139990
2026-07-18,El Panteon,Mega Evolution Phantasmal Flames – Elite Trainer Box – Español,59990
2026-07-18,El Panteon,Mega Evolution Phantasmal Flames – Elite Trainer Box – Ingles,159990
2026-07-18,El Panteon,Paldea Evolved – Elite Trainer Box – Español,149990
2026-07-18,El Panteon,White Flare – Elite Trainer Box – Español,59990
2026-07-18,El Panteon,Prismatic Evolutions – Elite Trainer Box – Español,69990
2026-07-18,El Panteon,Prismatic Evolutions – Elite Trainer Box – Inglés,169990
2026-07-18,El Panteon,Black Bolt – Elite Trainer Box – Español,59990
2026-07-18,El Panteon,Black Bolt – Elite Trainer Box – Inglés,149990
2026-07-18,El Panteon,Paldean Fates – Elite Trainer Box – Ingles,599999
2026-07-18,El Panteon,Twilight Masquerade – Elite Trainer Box – Inglés,99999
2026-07-18,El Panteon,Scarlet & Violet Destined Rivals – Elite Trainer Box – Español,69990
2026-07-18,El Panteon,Journey Together – Elite Trainer Box – Español,59990
2026-07-18,El Panteon,Surging Sparks – Elite Trainer Box – Inglés,129990
2026-07-18,El Panteon,Obsidian Flames – Elite Trainer Box – Español,199990
2026-07-18,El Panteon,Stellar Crown – Elite Trainer Box – Español,59990
2026-07-18,AFK Store,Elite Trainer Box 151,550000
2026-07-18,AFK Store,Elite Trainer Box Paldea Fates,450000
2026-07-18,AFK Store,Elite Trainer Box Evolving Skies (Flareon),600000
2026-07-18,AFK Store,Elite Trainer Box Black Bolt y White Flare,64990
2026-07-18,AFK Store,Elite Trainer Box Perfect Order,64990
2026-07-18,AFK Store,Elite Trainer Box Pokemon Team Up,1500000
2026-07-18,AFK Store,Elite Trainer Box Journey Together,54990
2026-07-18,AFK Store,Elite Trainer Box Rebel Clash,300000
2026-07-18,AFK Store,Elite Trainer Box Hidden Fates,550000
2026-07-18,AFK Store,ELITE TRAINER BOX DESTINED RIVALS,69990
2026-07-18,AFK Store,Phantasmal Flames Elite Trainer Box,150000
2026-07-18,AFK Store,Unbroken Bonds Elite Trainer Box - SM - Unbroken Bonds (SM10),1000000
2026-07-18,AFK Store,Ultra Prism Elite Trainer Box [Dawn Wings Necrozma],800000
2026-07-18,AFK Store,Ultra Prism Elite Trainer Box [Dusk Mane Necrozma],700000
2026-07-18,AFK Store,Elite Trainer Box Pokemon Battle Styles,90000
2026-07-18,AFK Store,Elite Trainer Box Pokemon Go,90000
2026-07-18,AFK Store,ELITE TRAINER BOX ASCENDED HEROES,150000
2026-07-18,AFK Store,Elite Trainer Box Mega Evolution,64990
2026-07-18,AFK Store,Elite Trainer Box Surging Sparks,69990
2026-07-18,AFK Store,Elite Trainer Box Celebrations,200000
2026-07-18,AFK Store,Elite Trainer Box Astral Radiance,90000
2026-07-18,AFK Store,Elite Trainer Box Fusion Strike,180000
2026-07-18,AFK Store,Elite Trainer Box Pokemon Guardians Rising,400000
2026-07-18,AFK Store,Elite Trainer Box Crimson Invasion,150000
2026-07-18,AFK Store,Elite Trainer Box Brillant Stars,130000
2026-07-18,AFK Store,Elite Trainer Box Evolving Skies (Sylveon),350000
2026-07-18,AFK Store,Cosmic Eclipse Elite Trainer Box,1600000
2026-07-18,AFK Store,Elite Trainer Box Twilight Masquerade,59990
2026-07-18,AFK Store,Elite Trainer Box Crown Zenith,200000
2026-07-18,AFK Store,Elite Trainer Box Champion's Path,170000
2026-07-18,AFK Store,Elite Trainer Box Vivid Voltage,100000
2026-07-18,AFK Store,Elite Trainer Box Shinning Fates,140000
2026-07-18,AFK Store,Elite Trainer Box Silver Tempest,100000
2026-07-18,AFK Store,Elite Trainer Box Stellar Crown,49900
2026-07-18,AFK Store,PRISMATIC EVOLUTIONS ELITE TRAINER BOX,69990
2026-07-18,AFK Store,Elite Trainer Box Lost Origin,130000
2026-07-18,AFK Store,Elite Trainer Box Plus: Zamazenta Pokemon Sword & Shield,140000
2026-07-18,AFK Store,Elite Trainer Box Paradox Rift Futuro,42990
2026-07-18,AFK Store,Elite Trainer Box Paldea,44990
2026-07-18,AFK Store,Elite Trainer Box Plus: Zacian Pokemon Sword & Shield,140000
2026-07-18,AFK Store,Elite Trainer Box Scarlet And Violet,59990
2026-07-18,AFK Store,Elite Trainer Box Obsidian Flames,100000
2026-07-18,AFK Store,Elite Trainer Box Shrouded Fable,49990
2026-07-18,AFK Store,Elite Trainer Box Paradox Rift Pasado,42990
2026-07-18,AFK Store,Elite Trainer Box Sword And Shield (Pequeño orificio plastico),40000
2026-07-18,AFK Store,Elite Trainer Box Temporal Forces,79990
2026-07-18,AFK Store,Elite Trainer Box Darkness Ablaze (Plastico levemente Roto),40000
2026-07-18,Piedra Bruja,Scarlet & Violet Destined Rivals Elite Trainer Box,74990
2026-07-18,Piedra Bruja,Mega Evolution Pitch Black Elite Trainer Box ING,79990
2026-07-18,Piedra Bruja,Mega Evolution Perfect Order Elite Trainer Box ING,69990
2026-07-18,Piedra Bruja,Mega Evolution Phantasmal Flames Elite Trainer Box ESP,61990
2026-07-18,Piedra Bruja,Mega Evolution Perfect Order Elite Trainer Box ESP,69990
2026-07-18,Piedra Bruja,Mega Evolution Chaos Rising Elite Trainer Box ESP,65990
2026-07-18,Piedra Bruja,Mega Evolution Pitch Black Elite Trainer Box ESP,72990
2026-07-18,Piedra Bruja,Scarlet & Violet Journey Together Elite Trainer Box Español,71990
2026-07-18,MARKET_AVERAGE,Daily Average ETB Price,161556
2026-07-19,Charizstore,[PREVENTA 2] [17-07-2026] MEGA EVOLUTION – PITCH BLACK – ELITE TRAINER BOX – ESPAÑOL,62990
2026-07-19,Charizstore,Mega Evolution Chaos Rising – Elite Trainer Box – Español,58990
2026-07-19,Charizstore,Mega Evolution – Perfect Order – Elite Trainer Box – Español,52990
2026-07-19,Charizstore,Mega Evolution – Perfect Order – Elite Trainer Box – Ingles,62990
2026-07-19,Charizstore,MEGA EVOLUTION – ASCENDED HEROES ELITE TRAINER BOX – ESPAÑOL,69990
2026-07-19,Charizstore,Temporal Forces – Elite Trainer Box – Español (V2),90000
2026-07-19,Charizstore,White Flare – Elite Trainer Box – Inglés,149990
2026-07-19,Charizstore,Mega Evolution Phantasmal Flames – Elite Trainer Box – Español,75000
2026-07-19,Charizstore,Temporal Forces – Elite Trainer Box – Español,90000
2026-07-19,Charizstore,White Flare – Elite Trainer Box – Español,62990
2026-07-19,Charizstore,Prismatic Evolutions – Elite Trainer Box – Español,90000
2026-07-19,Charizstore,Black Bolt – Elite Trainer Box – Español,62990
2026-07-19,Charizstore,Black Bolt – Elite Trainer Box – Inglés,149990
2026-07-19,Charizstore,Crown Zenith – Elite Trainer Box- Español,350000
2026-07-19,Charizstore,Twiligth Masquerade – Elite Trainer Box – Inglés,105000
2026-07-19,Charizstore,Shrouded Fable – Elite Trainer Box – Español,75000
2026-07-19,Charizstore,Shrouded Fable – Elite Trainer Box – Inglés,130000
2026-07-19,Charizstore,Scarlet & Violet Destined Rivals – Elite Trainer Box – Español,75000
2026-07-19,Charizstore,Twiligth Masquerade – Elite Trainer Box – Español,75000
2026-07-19,Charizstore,Journey Together – Elite Trainer Box – Español,60000
2026-07-19,Charizstore,Surging Sparks – Elite Trainer Box – Español,80000
2026-07-19,Charizstore,Surging Sparks – Elite Trainer Box – Inglés,145990
2026-07-19,Charizstore,Obsidian Flames – Elite Trainer Box – Español,149990
2026-07-19,Charizstore,Stellar Crown – Elite Trainer Box – Español,75000
2026-07-19,Charizstore,Stellar Crown – Elite Trainer Box – Inglés,145000
2026-07-19,Collector Center,Scarlet & Violet: Black Bolt- Elite Trainer Box - Español,49990
2026-07-19,Collector Center,Mega Evolution: Ascended Heroes - Elite Trainer Box - Español,59990
2026-07-19,Collector Center,Mega Evolution Pitch Black- Elite Trainer Box - Español,67990
2026-07-19,Collector Center,Mega Evolution Phantasmal Flames - Elite Trainer Box - Español,49990
2026-07-19,Collector Center,Mega Evolution Chaos Rising - Elite Trainer Box - Español,59990
2026-07-19,Collector Center,Mega Evolution Perfect Order - Elite Trainer Box - Español,49990
2026-07-19,Collector Center,Mega Evolution Pitch Black- Elite Trainer Box - Inglés,73990
2026-07-19,Collector Center,Mega Evolution Perfect Order - Elite Trainer Box - Ingles,56990
2026-07-19,Collector Center,Mega Evolution Chaos Rising - Elite Trainer Box - Ingles,71990
2026-07-19,Collector Center,Mega Evolution: Ascended Heroes - Elite Trainer Box - Ingles,149990
2026-07-19,Collector Center,Scarlet & Violet: Surging Sparks – Elite Trainer Box – Ingles,129990
2026-07-19,Collector Center,[PREVENTA 16/09/26] 30th Celebration - Elite Trainer Box - Español,89990
2026-07-19,Collector Center,[PREVENTA 16/09/26] 30th Celebration - Elite Trainer Box - Inglés,199990
2026-07-19,Collector Center,Escarlata y Púrpura - Corona Astral – Elite Trainer Box – Español,49990
2026-07-19,Collector Center,Escarlata y Púrpura - Aventuras Compartidas – Elite Trainer Box – Español,54990
2026-07-19,MoiiJuegos,Pokémon mega evolution - pitch black elite trainer box (e...,63900
2026-07-19,MoiiJuegos,Pókemon mega evolution - chaos rising elite trainer box (...,62900
2026-07-19,MoiiJuegos,Pókemon mega evolution - perfect order elite trainer box ...,62900
2026-07-19,El Panteon,Surging Sparks – Elite Trainer Box – ESPAÑOL,79990
2026-07-19,El Panteon,Twilight Masquerade – Elite Trainer Box – ESPAÑOL,59990
2026-07-19,El Panteon,Pitch Black – Elite Trainer Box ESPAÑOL – ENTREGA 24 JULIO,57990
2026-07-19,El Panteon,Pitch Black – Elite Trainer Box INGLES – ENTREGA 24 JULIO,69990
2026-07-19,El Panteon,Darkness Ablaze Elite Trainer Box – ESPAÑOL,149990
2026-07-19,El Panteon,Vivid Voltage Elite Trainer Box – ESPAÑOL,149990
2026-07-19,El Panteon,Rebel Clash Elite Trainer Box – ESPAÑOL,359990
2026-07-19,El Panteon,Chaos Rising – Elite Trainer Box INGLES,69990
2026-07-19,El Panteon,Mega Evolution Perfect Order – Elite Trainer Box Español,47990
2026-07-19,El Panteon,Mega Evolution Perfect Order – Elite Trainer Box Ingles,58990
2026-07-19,El Panteon,SET 3 X ELITE TRAINER BOX ESPAÑOL OFERTA VERANIEGA,149990
2026-07-19,El Panteon,SET 3 X ELITE TRAINER BOX PHANTASMAL FLAMES ESPAÑOL OFERTA ENERO,149990
2026-07-19,El Panteon,Pokemon GO Elite Trainer Box – Pokemon GO Español,159990
2026-07-19,El Panteon,Pokemon GO Elite Trainer Box – Pokemon GO Ingles,199990
2026-07-19,El Panteon,SET 3 X ELITE TRAINER BOX ESPAÑOL OFERTA ENERO,159990
2026-07-19,El Panteon,Ascended Heroes Collection – Elite Trainer Box Español,69990
2026-07-19,El Panteon,Shining Fates Elite Trainer Box INGLES,189990
2026-07-19,El Panteon,White Flare – Elite Trainer Box – Ingles,139990
2026-07-19,El Panteon,Mega Evolution Phantasmal Flames – Elite Trainer Box – Español,59990
2026-07-19,El Panteon,Mega Evolution Phantasmal Flames – Elite Trainer Box – Ingles,159990
2026-07-19,El Panteon,Paldea Evolved – Elite Trainer Box – Español,149990
2026-07-19,El Panteon,White Flare – Elite Trainer Box – Español,59990
2026-07-19,El Panteon,Prismatic Evolutions – Elite Trainer Box – Español,69990
2026-07-19,El Panteon,Prismatic Evolutions – Elite Trainer Box – Inglés,169990
2026-07-19,El Panteon,Black Bolt – Elite Trainer Box – Español,59990
2026-07-19,El Panteon,Black Bolt – Elite Trainer Box – Inglés,149990
2026-07-19,El Panteon,Paldean Fates – Elite Trainer Box – Ingles,599999
2026-07-19,El Panteon,Twilight Masquerade – Elite Trainer Box – Inglés,99999
2026-07-19,El Panteon,Scarlet & Violet Destined Rivals – Elite Trainer Box – Español,69990
2026-07-19,El Panteon,Journey Together – Elite Trainer Box – Español,59990
2026-07-19,El Panteon,Surging Sparks – Elite Trainer Box – Inglés,129990
2026-07-19,El Panteon,Obsidian Flames – Elite Trainer Box – Español,199990
2026-07-19,El Panteon,Stellar Crown – Elite Trainer Box – Español,59990
2026-07-19,AFK Store,Elite Trainer Box 151,550000
2026-07-19,AFK Store,Elite Trainer Box Paldea Fates,450000
2026-07-19,AFK Store,Elite Trainer Box Evolving Skies (Flareon),600000
2026-07-19,AFK Store,Elite Trainer Box Black Bolt y White Flare,64990
2026-07-19,AFK Store,Elite Trainer Box Perfect Order,64990
2026-07-19,AFK Store,Elite Trainer Box Journey Together,54990
2026-07-19,AFK Store,Elite Trainer Box Pokemon Team Up,1500000
2026-07-19,AFK Store,Elite Trainer Box Rebel Clash,300000
2026-07-19,AFK Store,Elite Trainer Box Hidden Fates,550000
2026-07-19,AFK Store,Phantasmal Flames Elite Trainer Box,150000
2026-07-19,AFK Store,ELITE TRAINER BOX DESTINED RIVALS,69990
2026-07-19,AFK Store,Unbroken Bonds Elite Trainer Box - SM - Unbroken Bonds (SM10),1000000
2026-07-19,AFK Store,Ultra Prism Elite Trainer Box [Dawn Wings Necrozma],800000
2026-07-19,AFK Store,Ultra Prism Elite Trainer Box [Dusk Mane Necrozma],700000
2026-07-19,AFK Store,Elite Trainer Box Pokemon Battle Styles,90000
2026-07-19,AFK Store,Elite Trainer Box Pokemon Go,90000
2026-07-19,AFK Store,ELITE TRAINER BOX ASCENDED HEROES,150000
2026-07-19,AFK Store,Elite Trainer Box Mega Evolution,64990
2026-07-19,AFK Store,Elite Trainer Box Surging Sparks,69990
2026-07-19,AFK Store,Elite Trainer Box Celebrations,200000
2026-07-19,AFK Store,Elite Trainer Box Astral Radiance,90000
2026-07-19,AFK Store,Elite Trainer Box Fusion Strike,180000
2026-07-19,AFK Store,Elite Trainer Box Pokemon Guardians Rising,400000
2026-07-19,AFK Store,Elite Trainer Box Crimson Invasion,150000
2026-07-19,AFK Store,Elite Trainer Box Brillant Stars,130000
2026-07-19,AFK Store,Elite Trainer Box Evolving Skies (Sylveon),350000
2026-07-19,AFK Store,Cosmic Eclipse Elite Trainer Box,1600000
2026-07-19,AFK Store,Elite Trainer Box Twilight Masquerade,59990
2026-07-19,AFK Store,Elite Trainer Box Crown Zenith,200000
2026-07-19,AFK Store,Elite Trainer Box Champion's Path,170000
2026-07-19,AFK Store,Elite Trainer Box Stellar Crown,49900
2026-07-19,AFK Store,Elite Trainer Box Vivid Voltage,100000
2026-07-19,AFK Store,Elite Trainer Box Shinning Fates,140000
2026-07-19,AFK Store,PRISMATIC EVOLUTIONS ELITE TRAINER BOX,69990
2026-07-19,AFK Store,Elite Trainer Box Silver Tempest,100000
2026-07-19,AFK Store,Elite Trainer Box Lost Origin,130000
2026-07-19,AFK Store,Elite Trainer Box Plus: Zamazenta Pokemon Sword & Shield,140000
2026-07-19,AFK Store,Elite Trainer Box Paradox Rift Futuro,42990
2026-07-19,AFK Store,Elite Trainer Box Paldea,44990
2026-07-19,AFK Store,Elite Trainer Box Obsidian Flames,100000
2026-07-19,AFK Store,Elite Trainer Box Plus: Zacian Pokemon Sword & Shield,140000
2026-07-19,AFK Store,Elite Trainer Box Scarlet And Violet,59990
2026-07-19,AFK Store,Elite Trainer Box Paradox Rift Pasado,42990
2026-07-19,AFK Store,Elite Trainer Box Sword And Shield (Pequeño orificio plastico),40000
2026-07-19,AFK Store,Elite Trainer Box Shrouded Fable,49990
2026-07-19,AFK Store,Elite Trainer Box Temporal Forces,79990
2026-07-19,AFK Store,Elite Trainer Box Darkness Ablaze (Plastico levemente Roto),40000
2026-07-19,Piedra Bruja,Mega Evolution Pitch Black Elite Trainer Box ING,79990
2026-07-19,Piedra Bruja,Mega Evolution Perfect Order Elite Trainer Box ING,69990
2026-07-19,Piedra Bruja,Scarlet & Violet Destined Rivals Elite Trainer Box,74990
2026-07-19,Piedra Bruja,Mega Evolution Phantasmal Flames Elite Trainer Box ESP,61990
2026-07-19,Piedra Bruja,Mega Evolution Chaos Rising Elite Trainer Box ESP,65990
2026-07-19,Piedra Bruja,Mega Evolution Perfect Order Elite Trainer Box ESP,69990
2026-07-19,Piedra Bruja,Mega Evolution Pitch Black Elite Trainer Box ESP,72990
2026-07-19,Piedra Bruja,Scarlet & Violet Journey Together Elite Trainer Box Español,71990
2026-07-19,Magicsur,Pokémon TCG: Silver Tempest Elite Trainer Box - Inglés y Español,49990
2026-07-19,Magicsur,Pokémon TCG: Scarlet & Violet: Obsidian Flames - Elite Trainer Box,51990
2026-07-19,Magicsur,Pokémon TCG: Scarlet & Violet: Temporal Forces - Elite Trainer Box - Iron Leaves,41993
2026-07-19,Magicsur,Pokémon TCG: Scarlet & Violet: Temporal Forces - Elite Trainer Box - Walking Wake,41993
2026-07-19,Magicsur,Pokémon TCG: Scarlet & Violet: Twilight Masquerade - Elite Trainer Box,45592
2026-07-19,Magicsur,Pokémon TCG: Scarlet & Violet: Stellar Crown - Elite Trainer Box,46392
2026-07-19,Magicsur,Pokémon TCG: Mega Evolución - Phantasmal Flames - Elite Trainer Box,74990
2026-07-19,Magicsur,Pokémon TCG: Scarlet & Violet: Journey Together - Elite Trainer Box,59990
2026-07-19,Magicsur,Pokémon TCG: Scarlet & Violet: Surging Sparks - Elite Trainer Box,47992
2026-07-19,Magicsur,Pokémon TCG: Scarlet & Violet: Black Bolt - Elite Trainer Box,69990
2026-07-19,Magicsur,Pokémon TCG: Mega Evolution - Elite Trainer Box (Mega Gardevoir ex),72990
2026-07-19,Magicsur,Pokémon TCG: Mega Evolution - Elite Trainer Box (Mega Lucario ex),72990
2026-07-19,Magicsur,Pokémon TCG: Chaos Rising - Elite Trainer Box,69990
2026-07-19,MARKET_AVERAGE,Daily Average ETB Price,152158
2026-07-20,Charizstore,PITCH BLACK – ELITE TRAINER BOX – ESPAÑOL,67990
2026-07-20,Charizstore,Mega Evolution Chaos Rising – Elite Trainer Box – Español,58990
2026-07-20,Charizstore,Mega Evolution – Perfect Order – Elite Trainer Box – Español,52990
2026-07-20,Charizstore,Mega Evolution – Perfect Order – Elite Trainer Box – Ingles,62990
2026-07-20,Charizstore,MEGA EVOLUTION – ASCENDED HEROES ELITE TRAINER BOX – ESPAÑOL,69990
2026-07-20,Charizstore,Temporal Forces – Elite Trainer Box – Español (V2),90000
2026-07-20,Charizstore,Mega Evolution Phantasmal Flames – Elite Trainer Box – Español,75000
2026-07-20,Charizstore,Temporal Forces – Elite Trainer Box – Español,90000
2026-07-20,Charizstore,White Flare – Elite Trainer Box – Español,62990
2026-07-20,Charizstore,Prismatic Evolutions – Elite Trainer Box – Español,100000
2026-07-20,Charizstore,Black Bolt – Elite Trainer Box – Español,62990
2026-07-20,Charizstore,Crown Zenith – Elite Trainer Box- Español,350000
2026-07-20,Charizstore,Twiligth Masquerade – Elite Trainer Box – Inglés,105000
2026-07-20,Charizstore,Shrouded Fable – Elite Trainer Box – Español,85000
2026-07-20,Charizstore,Shrouded Fable – Elite Trainer Box – Inglés,130000
2026-07-20,Charizstore,Scarlet & Violet Destined Rivals – Elite Trainer Box – Español,85000
2026-07-20,Charizstore,Twiligth Masquerade – Elite Trainer Box – Español,75000
2026-07-20,Charizstore,Journey Together – Elite Trainer Box – Español,60000
2026-07-20,Charizstore,Surging Sparks – Elite Trainer Box – Español,80000
2026-07-20,Charizstore,Surging Sparks – Elite Trainer Box – Inglés,145990
2026-07-20,Charizstore,Obsidian Flames – Elite Trainer Box – Español,149990
2026-07-20,Charizstore,Stellar Crown – Elite Trainer Box – Español,85000
2026-07-20,Charizstore,Stellar Crown – Elite Trainer Box – Inglés,155000
2026-07-20,Collector Center,Scarlet & Violet: Black Bolt- Elite Trainer Box - Español,49990
2026-07-20,Collector Center,Mega Evolution: Ascended Heroes - Elite Trainer Box - Español,59990
2026-07-20,Collector Center,Mega Evolution Pitch Black- Elite Trainer Box - Español,67990
2026-07-20,Collector Center,Mega Evolution Phantasmal Flames - Elite Trainer Box - Español,49990
2026-07-20,Collector Center,Mega Evolution Chaos Rising - Elite Trainer Box - Español,59990
2026-07-20,Collector Center,Mega Evolution Pitch Black- Elite Trainer Box - Inglés,73990
2026-07-20,Collector Center,Mega Evolution Perfect Order - Elite Trainer Box - Ingles,56990
2026-07-20,Collector Center,Mega Evolution Perfect Order - Elite Trainer Box - Español,49990
2026-07-20,Collector Center,Mega Evolution Chaos Rising - Elite Trainer Box - Ingles,71990
2026-07-20,Collector Center,Mega Evolution: Ascended Heroes - Elite Trainer Box - Ingles,149990
2026-07-20,Collector Center,Scarlet & Violet: Surging Sparks – Elite Trainer Box – Ingles,129990
2026-07-20,Collector Center,[PREVENTA 16/09/26] 30th Celebration - Elite Trainer Box - Español,89990
2026-07-20,Collector Center,[PREVENTA 16/09/26] 30th Celebration - Elite Trainer Box - Inglés,199990
2026-07-20,Collector Center,Escarlata y Púrpura - Corona Astral – Elite Trainer Box – Español,49990
2026-07-20,Collector Center,Escarlata y Púrpura - Aventuras Compartidas – Elite Trainer Box – Español,54990
2026-07-20,MoiiJuegos,Pokémon mega evolution - pitch black elite trainer box (e...,63900
2026-07-20,MoiiJuegos,Pókemon mega evolution - chaos rising elite trainer box (...,62900
2026-07-20,MoiiJuegos,Pókemon mega evolution - perfect order elite trainer box ...,62900
2026-07-20,El Panteon,Surging Sparks – Elite Trainer Box – ESPAÑOL,79990
2026-07-20,El Panteon,Twilight Masquerade – Elite Trainer Box – ESPAÑOL,59990
2026-07-20,El Panteon,Pitch Black – Elite Trainer Box ESPAÑOL – ENTREGA 24 JULIO,57990
2026-07-20,El Panteon,Pitch Black – Elite Trainer Box INGLES – ENTREGA 24 JULIO,69990
2026-07-20,El Panteon,Darkness Ablaze Elite Trainer Box – ESPAÑOL,149990
2026-07-20,El Panteon,Vivid Voltage Elite Trainer Box – ESPAÑOL,149990
2026-07-20,El Panteon,Rebel Clash Elite Trainer Box – ESPAÑOL,359990
2026-07-20,El Panteon,Chaos Rising – Elite Trainer Box INGLES,69990
2026-07-20,El Panteon,Mega Evolution Perfect Order – Elite Trainer Box Español,47990
2026-07-20,El Panteon,Mega Evolution Perfect Order – Elite Trainer Box Ingles,58990
2026-07-20,El Panteon,SET 3 X ELITE TRAINER BOX ESPAÑOL OFERTA VERANIEGA,149990
2026-07-20,El Panteon,SET 3 X ELITE TRAINER BOX PHANTASMAL FLAMES ESPAÑOL OFERTA ENERO,149990
2026-07-20,El Panteon,Pokemon GO Elite Trainer Box – Pokemon GO Español,159990
2026-07-20,El Panteon,Pokemon GO Elite Trainer Box – Pokemon GO Ingles,199990
2026-07-20,El Panteon,SET 3 X ELITE TRAINER BOX ESPAÑOL OFERTA ENERO,159990
2026-07-20,El Panteon,Ascended Heroes Collection – Elite Trainer Box Español,69990
2026-07-20,El Panteon,Shining Fates Elite Trainer Box INGLES,189990
2026-07-20,El Panteon,White Flare – Elite Trainer Box – Ingles,139990
2026-07-20,El Panteon,Mega Evolution Phantasmal Flames – Elite Trainer Box – Español,59990
2026-07-20,El Panteon,Mega Evolution Phantasmal Flames – Elite Trainer Box – Ingles,159990
2026-07-20,El Panteon,Paldea Evolved – Elite Trainer Box – Español,149990
2026-07-20,El Panteon,White Flare – Elite Trainer Box – Español,59990
2026-07-20,El Panteon,Prismatic Evolutions – Elite Trainer Box – Inglés,169990
2026-07-20,El Panteon,Black Bolt – Elite Trainer Box – Español,59990
2026-07-20,El Panteon,Black Bolt – Elite Trainer Box – Inglés,149990
2026-07-20,El Panteon,Paldean Fates – Elite Trainer Box – Ingles,599999
2026-07-20,El Panteon,Twilight Masquerade – Elite Trainer Box – Inglés,99999
2026-07-20,El Panteon,Scarlet & Violet Destined Rivals – Elite Trainer Box – Español,69990
2026-07-20,El Panteon,Journey Together – Elite Trainer Box – Español,59990
2026-07-20,El Panteon,Surging Sparks – Elite Trainer Box – Inglés,129990
2026-07-20,El Panteon,Obsidian Flames – Elite Trainer Box – Español,199990
2026-07-20,El Panteon,Stellar Crown – Elite Trainer Box – Español,59990
2026-07-20,AFK Store,Elite Trainer Box 151,550000
2026-07-20,AFK Store,Elite Trainer Box Paldea Fates,450000
2026-07-20,AFK Store,Elite Trainer Box Evolving Skies (Flareon),600000
2026-07-20,AFK Store,Elite Trainer Box Black Bolt y White Flare,64990
2026-07-20,AFK Store,Elite Trainer Box Perfect Order,64990
2026-07-20,AFK Store,Elite Trainer Box Journey Together,54990
2026-07-20,AFK Store,Elite Trainer Box Pokemon Team Up,1500000
2026-07-20,AFK Store,Elite Trainer Box Rebel Clash,300000
2026-07-20,AFK Store,Elite Trainer Box Hidden Fates,550000
2026-07-20,AFK Store,Phantasmal Flames Elite Trainer Box,150000
2026-07-20,AFK Store,ELITE TRAINER BOX DESTINED RIVALS,69990
2026-07-20,AFK Store,Unbroken Bonds Elite Trainer Box - SM - Unbroken Bonds (SM10),1000000
2026-07-20,AFK Store,Ultra Prism Elite Trainer Box [Dawn Wings Necrozma],800000
2026-07-20,AFK Store,Ultra Prism Elite Trainer Box [Dusk Mane Necrozma],700000
2026-07-20,AFK Store,Elite Trainer Box Pokemon Battle Styles,90000
2026-07-20,AFK Store,Elite Trainer Box Pokemon Go,90000
2026-07-20,AFK Store,ELITE TRAINER BOX ASCENDED HEROES,150000
2026-07-20,AFK Store,Elite Trainer Box Mega Evolution,64990
2026-07-20,AFK Store,Elite Trainer Box Celebrations,200000
2026-07-20,AFK Store,Elite Trainer Box Astral Radiance,90000
2026-07-20,AFK Store,Elite Trainer Box Surging Sparks,69990
2026-07-20,AFK Store,Elite Trainer Box Fusion Strike,180000
2026-07-20,AFK Store,Elite Trainer Box Pokemon Guardians Rising,400000
2026-07-20,AFK Store,Elite Trainer Box Crimson Invasion,150000
2026-07-20,AFK Store,Elite Trainer Box Brillant Stars,130000
2026-07-20,AFK Store,Elite Trainer Box Evolving Skies (Sylveon),350000
2026-07-20,AFK Store,Cosmic Eclipse Elite Trainer Box,1600000
2026-07-20,AFK Store,Elite Trainer Box Twilight Masquerade,59990
2026-07-20,AFK Store,Elite Trainer Box Crown Zenith,200000
2026-07-20,AFK Store,Elite Trainer Box Champion's Path,170000
2026-07-20,AFK Store,Elite Trainer Box Stellar Crown,49900
2026-07-20,AFK Store,Elite Trainer Box Vivid Voltage,100000
2026-07-20,AFK Store,Elite Trainer Box Shinning Fates,140000
2026-07-20,AFK Store,PRISMATIC EVOLUTIONS ELITE TRAINER BOX,69990
2026-07-20,AFK Store,Elite Trainer Box Silver Tempest,100000
2026-07-20,AFK Store,Elite Trainer Box Lost Origin,130000
2026-07-20,AFK Store,Elite Trainer Box Plus: Zamazenta Pokemon Sword & Shield,140000
2026-07-20,AFK Store,Elite Trainer Box Paradox Rift Futuro,42990
2026-07-20,AFK Store,Elite Trainer Box Paldea,44990
2026-07-20,AFK Store,Elite Trainer Box Obsidian Flames,100000
2026-07-20,AFK Store,Elite Trainer Box Plus: Zacian Pokemon Sword & Shield,140000
2026-07-20,AFK Store,Elite Trainer Box Scarlet And Violet,59990
2026-07-20,AFK Store,Elite Trainer Box Paradox Rift Pasado,42990
2026-07-20,AFK Store,Elite Trainer Box Sword And Shield (Pequeño orificio plastico),40000
2026-07-20,AFK Store,Elite Trainer Box Shrouded Fable,49990
2026-07-20,AFK Store,Elite Trainer Box Temporal Forces,79990
2026-07-20,AFK Store,Elite Trainer Box Darkness Ablaze (Plastico levemente Roto),40000
2026-07-20,Piedra Bruja,Mega Evolution Pitch Black Elite Trainer Box ING,79990
2026-07-20,Piedra Bruja,Scarlet & Violet Destined Rivals Elite Trainer Box,74990
2026-07-20,Piedra Bruja,Mega Evolution Perfect Order Elite Trainer Box ING,69990
2026-07-20,Piedra Bruja,Mega Evolution Phantasmal Flames Elite Trainer Box ESP,61990
2026-07-20,Piedra Bruja,Mega Evolution Perfect Order Elite Trainer Box ESP,69990
2026-07-20,Piedra Bruja,Mega Evolution Chaos Rising Elite Trainer Box ESP,65990
2026-07-20,Piedra Bruja,Mega Evolution Pitch Black Elite Trainer Box ESP,72990
2026-07-20,Piedra Bruja,Scarlet & Violet Journey Together Elite Trainer Box Español,71990
2026-07-20,Magicsur,Pokémon TCG: Silver Tempest Elite Trainer Box - Inglés y Español,49990
2026-07-20,Magicsur,Pokémon TCG: Scarlet & Violet: Obsidian Flames - Elite Trainer Box,51990
2026-07-20,Magicsur,Pokémon TCG: Scarlet & Violet: Temporal Forces - Elite Trainer Box - Iron Leaves,41993
2026-07-20,Magicsur,Pokémon TCG: Scarlet & Violet: Temporal Forces - Elite Trainer Box - Walking Wake,41993
2026-07-20,Magicsur,Pokémon TCG: Scarlet & Violet: Twilight Masquerade - Elite Trainer Box,45592
2026-07-20,Magicsur,Pokémon TCG: Scarlet & Violet: Stellar Crown - Elite Trainer Box,46392
2026-07-20,Magicsur,Pokémon TCG: Mega Evolución - Phantasmal Flames - Elite Trainer Box,74990
2026-07-20,Magicsur,Pokémon TCG: Scarlet & Violet: Journey Together - Elite Trainer Box,59990
2026-07-20,Magicsur,Pokémon TCG: Scarlet & Violet: Surging Sparks - Elite Trainer Box,47992
2026-07-20,Magicsur,Pokémon TCG: Scarlet & Violet: Black Bolt - Elite Trainer Box,69990
2026-07-20,Magicsur,Pokémon TCG: Mega Evolution - Elite Trainer Box (Mega Gardevoir ex),72990
2026-07-20,Magicsur,Pokémon TCG: Mega Evolution - Elite Trainer Box (Mega Lucario ex),72990
2026-07-20,Magicsur,Pokémon TCG: Chaos Rising - Elite Trainer Box,69990
2026-07-20,MARKET_AVERAGE,Daily Average ETB Price,153161
2026-07-21,Collector Center,Scarlet & Violet: Black Bolt- Elite Trainer Box - Español,54990
2026-07-21,Collector Center,Mega Evolution: Ascended Heroes - Elite Trainer Box - Español,59990
2026-07-21,Collector Center,Mega Evolution Phantasmal Flames - Elite Trainer Box - Español,49990
2026-07-21,Collector Center,Mega Evolution Pitch Black- Elite Trainer Box - Español,67990
2026-07-21,Collector Center,Mega Evolution Chaos Rising - Elite Trainer Box - Español,59990
2026-07-21,Collector Center,Mega Evolution Pitch Black- Elite Trainer Box - Inglés,73990
2026-07-21,Collector Center,Mega Evolution Perfect Order - Elite Trainer Box - Ingles,56990
2026-07-21,Collector Center,Mega Evolution Perfect Order - Elite Trainer Box - Español,49990
2026-07-21,Collector Center,Mega Evolution Chaos Rising - Elite Trainer Box - Ingles,71990
2026-07-21,Collector Center,Mega Evolution: Ascended Heroes - Elite Trainer Box - Ingles,149990
2026-07-21,Collector Center,Scarlet & Violet: White Flare - Elite Trainer Box - Español,54990
2026-07-21,Collector Center,Scarlet & Violet: Surging Sparks – Elite Trainer Box – Ingles,129990
2026-07-21,Collector Center,[PREVENTA 16/09/26] 30th Celebration - Elite Trainer Box - Español,89990
2026-07-21,Collector Center,[PREVENTA 16/09/26] 30th Celebration - Elite Trainer Box - Inglés,199990
2026-07-21,Collector Center,Escarlata y Púrpura - Corona Astral – Elite Trainer Box – Español,49990
2026-07-21,Collector Center,Escarlata y Púrpura - Aventuras Compartidas – Elite Trainer Box – Español,54990
2026-07-21,MoiiJuegos,Pokémon mega evolution - pitch black elite trainer box (e...,63900
2026-07-21,MoiiJuegos,Pókemon mega evolution - chaos rising elite trainer box (...,62900
2026-07-21,MoiiJuegos,Pókemon mega evolution - perfect order elite trainer box ...,62900
2026-07-21,AFK Store,Elite Trainer Box 151,550000
2026-07-21,AFK Store,Elite Trainer Box Paldea Fates,450000
2026-07-21,AFK Store,Elite Trainer Box Evolving Skies (Flareon),600000
2026-07-21,AFK Store,Elite Trainer Box Black Bolt y White Flare,64990
2026-07-21,AFK Store,Elite Trainer Box Perfect Order,64990
2026-07-21,AFK Store,Elite Trainer Box Journey Together,54990
2026-07-21,AFK Store,Elite Trainer Box Pokemon Team Up,1500000
2026-07-21,AFK Store,Elite Trainer Box Rebel Clash,300000
2026-07-21,AFK Store,Elite Trainer Box Hidden Fates,550000
2026-07-21,AFK Store,Phantasmal Flames Elite Trainer Box,150000
2026-07-21,AFK Store,ELITE TRAINER BOX DESTINED RIVALS,69990
2026-07-21,AFK Store,Unbroken Bonds Elite Trainer Box - SM - Unbroken Bonds (SM10),1000000
2026-07-21,AFK Store,Ultra Prism Elite Trainer Box [Dawn Wings Necrozma],800000
2026-07-21,AFK Store,Ultra Prism Elite Trainer Box [Dusk Mane Necrozma],700000
2026-07-21,AFK Store,Elite Trainer Box Pokemon Battle Styles,90000
2026-07-21,AFK Store,Elite Trainer Box Pokemon Go,90000
2026-07-21,AFK Store,ELITE TRAINER BOX ASCENDED HEROES,150000
2026-07-21,AFK Store,Elite Trainer Box Mega Evolution,64990
2026-07-21,AFK Store,Elite Trainer Box Celebrations,200000
2026-07-21,AFK Store,Elite Trainer Box Surging Sparks,69990
2026-07-21,AFK Store,Elite Trainer Box Fusion Strike,180000
2026-07-21,AFK Store,Elite Trainer Box Astral Radiance,90000
2026-07-21,AFK Store,Elite Trainer Box Pokemon Guardians Rising,400000
2026-07-21,AFK Store,Elite Trainer Box Crimson Invasion,150000
2026-07-21,AFK Store,Elite Trainer Box Brillant Stars,130000
2026-07-21,AFK Store,Elite Trainer Box Evolving Skies (Sylveon),350000
2026-07-21,AFK Store,Cosmic Eclipse Elite Trainer Box,1600000
2026-07-21,AFK Store,Elite Trainer Box Twilight Masquerade,59990
2026-07-21,AFK Store,Elite Trainer Box Crown Zenith,200000
2026-07-21,AFK Store,Elite Trainer Box Champion's Path,170000
2026-07-21,AFK Store,Elite Trainer Box Stellar Crown,49900
2026-07-21,AFK Store,Elite Trainer Box Shinning Fates,140000
2026-07-21,AFK Store,Elite Trainer Box Vivid Voltage,100000
2026-07-21,AFK Store,PRISMATIC EVOLUTIONS ELITE TRAINER BOX,69990
2026-07-21,AFK Store,Elite Trainer Box Silver Tempest,100000
2026-07-21,AFK Store,Elite Trainer Box Lost Origin,130000
2026-07-21,AFK Store,Elite Trainer Box Plus: Zamazenta Pokemon Sword & Shield,140000
2026-07-21,AFK Store,Elite Trainer Box Paradox Rift Futuro,42990
2026-07-21,AFK Store,Elite Trainer Box Obsidian Flames,100000
2026-07-21,AFK Store,Elite Trainer Box Paldea,44990
2026-07-21,AFK Store,Elite Trainer Box Plus: Zacian Pokemon Sword & Shield,140000
2026-07-21,AFK Store,Elite Trainer Box Scarlet And Violet,59990
2026-07-21,AFK Store,Elite Trainer Box Paradox Rift Pasado,42990
2026-07-21,AFK Store,Elite Trainer Box Sword And Shield (Pequeño orificio plastico),40000
2026-07-21,AFK Store,Elite Trainer Box Shrouded Fable,49990
2026-07-21,AFK Store,Elite Trainer Box Temporal Forces,79990
2026-07-21,AFK Store,Elite Trainer Box Darkness Ablaze (Plastico levemente Roto),40000
2026-07-21,Piedra Bruja,Mega Evolution Pitch Black Elite Trainer Box ING,79990
2026-07-21,Piedra Bruja,Scarlet & Violet Destined Rivals Elite Trainer Box,74990
2026-07-21,Piedra Bruja,Mega Evolution Phantasmal Flames Elite Trainer Box ESP,61990
2026-07-21,Piedra Bruja,Mega Evolution Perfect Order Elite Trainer Box ING,69990
2026-07-21,Piedra Bruja,Mega Evolution Perfect Order Elite Trainer Box ESP,69990
2026-07-21,Piedra Bruja,Mega Evolution Chaos Rising Elite Trainer Box ESP,65990
2026-07-21,Piedra Bruja,Mega Evolution Pitch Black Elite Trainer Box ESP,72990
2026-07-21,Piedra Bruja,Scarlet & Violet Journey Together Elite Trainer Box Español,71990
2026-07-21,Piedra Bruja,Temporal Forces Iron Leaves - Elite Trainer Box ESP,65990
2026-07-21,Piedra Bruja,Scarlet & Violet White Flare Elite Trainer Box,69990
2026-07-21,Piedra Bruja,Temporal Forces Walking Wake - Elite Trainer Box ESP,65990
2026-07-21,Piedra Bruja,Mega Evolution Elite Trainer Box,67990
2026-07-21,Piedra Bruja,Scarlet & Violet Black Bolt Elite Trainer Box,69990
2026-07-21,Piedra Bruja,Scarlet & Violet Prismatic Evolutions Elite Trainer Box,89990
2026-07-21,Piedra Bruja,Mega Evolution Ascended Heroes Elite Trainer Box,67990
2026-07-21,Piedra Bruja,Mega Evolution Chaos Rising Elite Trainer Box ING,69990
2026-07-21,Piedra Bruja,Mega Evolution Phantasmal Flames Elite Trainer Box,67990
2026-07-21,Piedra Bruja,Scarlet & Violet Prismatic Evolutions Elite Trainer Box Español,84990
2026-07-21,Piedra Bruja,Mega Evolution Ascended Heroes Elite Trainer Box ESP,67990
2026-07-21,Piedra Bruja,Pokemon TCG 30th Celebration - Elite Trainer Box ESP,79990
2026-07-21,Piedra Bruja,Pokemon TCG 30th Celebration - Elite Trainer Box ING,79990
2026-07-21,Magicsur,Pokémon TCG: Silver Tempest Elite Trainer Box - Inglés y Español,49990
2026-07-21,Magicsur,Pokémon TCG: Scarlet & Violet: Obsidian Flames - Elite Trainer Box,51990
2026-07-21,Magicsur,Pokémon TCG: Scarlet & Violet: Temporal Forces - Elite Trainer Box - Iron Leaves,41993
2026-07-21,Magicsur,Pokémon TCG: Scarlet & Violet: Temporal Forces - Elite Trainer Box - Walking Wake,41993
2026-07-21,Magicsur,Pokémon TCG: Scarlet & Violet: Twilight Masquerade - Elite Trainer Box,45592
2026-07-21,Magicsur,Pokémon TCG: Scarlet & Violet: Stellar Crown - Elite Trainer Box,46392
2026-07-21,Magicsur,Pokémon TCG: Mega Evolución - Phantasmal Flames - Elite Trainer Box,74990
2026-07-21,Magicsur,Pokémon TCG: Scarlet & Violet: Journey Together - Elite Trainer Box,59990
2026-07-21,Magicsur,Pokémon TCG: Scarlet & Violet: Surging Sparks - Elite Trainer Box,47992
2026-07-21,Magicsur,Pokémon TCG: Scarlet & Violet: Black Bolt - Elite Trainer Box,69990
2026-07-21,Magicsur,Pokémon TCG: Mega Evolution - Elite Trainer Box (Mega Gardevoir ex),72990
2026-07-21,Magicsur,Pokémon TCG: Mega Evolution - Elite Trainer Box (Mega Lucario ex),72990
2026-07-21,Magicsur,Pokémon TCG: Chaos Rising - Elite Trainer Box,69990
2026-07-21,MARKET_AVERAGE,Daily Average ETB Price,159500
2026-07-22,Charizstore,PITCH BLACK – ELITE TRAINER BOX – ESPAÑOL,67990
2026-07-22,Charizstore,PITCH BLACK – ELITE TRAINER BOX – INGLES,73990
2026-07-22,Charizstore,Mega Evolution Chaos Rising – Elite Trainer Box – Español,58990
2026-07-22,Charizstore,Mega Evolution – Perfect Order – Elite Trainer Box – Español,52990
2026-07-22,Charizstore,Mega Evolution – Perfect Order – Elite Trainer Box – Ingles,62990
2026-07-22,Charizstore,MEGA EVOLUTION – ASCENDED HEROES ELITE TRAINER BOX – ESPAÑOL,69990
2026-07-22,Charizstore,Temporal Forces – Elite Trainer Box – Español (V2),90000
2026-07-22,Charizstore,Mega Evolution Phantasmal Flames – Elite Trainer Box – Español,75000
2026-07-22,Charizstore,Temporal Forces – Elite Trainer Box – Español,90000
2026-07-22,Charizstore,White Flare – Elite Trainer Box – Español,62990
2026-07-22,Charizstore,Prismatic Evolutions – Elite Trainer Box – Español,100000
2026-07-22,Charizstore,Black Bolt – Elite Trainer Box – Español,62990
2026-07-22,Charizstore,Crown Zenith – Elite Trainer Box- Español,350000
2026-07-22,Charizstore,Twiligth Masquerade – Elite Trainer Box – Inglés,105000
2026-07-22,Charizstore,Shrouded Fable – Elite Trainer Box – Español,85000
2026-07-22,Charizstore,Shrouded Fable – Elite Trainer Box – Inglés,130000
2026-07-22,Charizstore,Scarlet & Violet Destined Rivals – Elite Trainer Box – Español,85000
2026-07-22,Charizstore,Twiligth Masquerade – Elite Trainer Box – Español,75000
2026-07-22,Charizstore,Journey Together – Elite Trainer Box – Español,60000
2026-07-22,Charizstore,Surging Sparks – Elite Trainer Box – Español,80000
2026-07-22,Charizstore,Surging Sparks – Elite Trainer Box – Inglés,145990
2026-07-22,Charizstore,Obsidian Flames – Elite Trainer Box – Español,149990
2026-07-22,Charizstore,Stellar Crown – Elite Trainer Box – Español,85000
2026-07-22,Charizstore,Stellar Crown – Elite Trainer Box – Inglés,155000
2026-07-22,Collector Center,Scarlet & Violet: Black Bolt- Elite Trainer Box - Español,54990
2026-07-22,Collector Center,Mega Evolution: Ascended Heroes - Elite Trainer Box - Español,59990
2026-07-22,Collector Center,Mega Evolution Pitch Black- Elite Trainer Box - Español,67990
2026-07-22,Collector Center,Mega Evolution Phantasmal Flames - Elite Trainer Box - Español,49990
2026-07-22,Collector Center,Mega Evolution Chaos Rising - Elite Trainer Box - Español,59990
2026-07-22,Collector Center,Mega Evolution Perfect Order - Elite Trainer Box - Ingles,56990
2026-07-22,Collector Center,Mega Evolution Pitch Black- Elite Trainer Box - Inglés,73990
2026-07-22,Collector Center,Mega Evolution Perfect Order - Elite Trainer Box - Español,49990
2026-07-22,Collector Center,Mega Evolution Chaos Rising - Elite Trainer Box - Ingles,71990
2026-07-22,Collector Center,Scarlet & Violet: White Flare - Elite Trainer Box - Español,54990
2026-07-22,Collector Center,Scarlet & Violet: Surging Sparks – Elite Trainer Box – Ingles,129990
2026-07-22,Collector Center,Escarlata y Púrpura - Aventuras Compartidas – Elite Trainer Box – Español,54990
2026-07-22,Collector Center,Mega Evolution: Ascended Heroes - Elite Trainer Box - Ingles,149990
2026-07-22,MoiiJuegos,Pokémon mega evolution - pitch black elite trainer box (e...,63900
2026-07-22,MoiiJuegos,Pókemon mega evolution - chaos rising elite trainer box (...,62900
2026-07-22,MoiiJuegos,Pókemon mega evolution - perfect order elite trainer box ...,62900
2026-07-22,El Panteon,SET 3 X ELITE TRAINER BOX ESPAÑOL OFERTA PALDEA,169990
2026-07-22,El Panteon,SET 3 X ELITE TRAINER BOX ESPAÑOL OFERTA HEROES,159990
2026-07-22,El Panteon,SET 3 X ELITE TRAINER BOX ESPAÑOL OFERTA MASCARADA,139990
2026-07-22,El Panteon,SET 3 X ELITE TRAINER BOX ESPAÑOL OFERTA PRISMATICA,159990
2026-07-22,El Panteon,SET 3 X ELITE TRAINER BOX ESPAÑOL OFERTA OBSIDIANA,169990
2026-07-22,El Panteon,SET 3 X ELITE TRAINER BOX ESPAÑOL OFERTA DON LUCHO,139990
2026-07-22,El Panteon,SET 3 X ELITE TRAINER BOX ESPAÑOL OFERTA CRUZADA,129990
2026-07-22,El Panteon,SET 3 X ELITE TRAINER BOX ESPAÑOL OFERTA MUNDIALERA,129990
2026-07-22,El Panteon,SET 3 X ELITE TRAINER BOX ESPAÑOL OFERTA DE INVIERNO,129990
2026-07-22,El Panteon,Pitch Black – Elite Trainer Box ESPAÑOL – ENTREGA 24 JULIO,57990
2026-07-22,El Panteon,Pitch Black – Elite Trainer Box INGLES – ENTREGA 24 JULIO,69990
2026-07-22,El Panteon,Darkness Ablaze Elite Trainer Box – ESPAÑOL,149990
2026-07-22,El Panteon,Vivid Voltage Elite Trainer Box – ESPAÑOL,149990
2026-07-22,El Panteon,Rebel Clash Elite Trainer Box – ESPAÑOL,359990
2026-07-22,El Panteon,Chaos Rising – Elite Trainer Box INGLES,60990
2026-07-22,El Panteon,Mega Evolution Perfect Order – Elite Trainer Box Español,47990
2026-07-22,El Panteon,Mega Evolution Perfect Order – Elite Trainer Box Ingles,58990
2026-07-22,El Panteon,SET 3 X ELITE TRAINER BOX ESPAÑOL OFERTA VERANIEGA,129990
2026-07-22,El Panteon,SET 3 X ELITE TRAINER BOX PHANTASMAL FLAMES ESPAÑOL OFERTA ENERO,129990
2026-07-22,El Panteon,Pokemon GO Elite Trainer Box – Pokemon GO Español,159990
2026-07-22,El Panteon,Pokemon GO Elite Trainer Box – Pokemon GO Ingles,199990
2026-07-22,El Panteon,SET 3 X ELITE TRAINER BOX ESPAÑOL OFERTA ENERO,139990
2026-07-22,El Panteon,Ascended Heroes Collection – Elite Trainer Box Español,69990
2026-07-22,El Panteon,Shining Fates Elite Trainer Box INGLES,189990
2026-07-22,El Panteon,White Flare – Elite Trainer Box – Ingles,139990
2026-07-22,El Panteon,Mega Evolution Phantasmal Flames – Elite Trainer Box – Español,44990
2026-07-22,El Panteon,Mega Evolution Phantasmal Flames – Elite Trainer Box – Ingles,159990
2026-07-22,El Panteon,Paldea Evolved – Elite Trainer Box – Español,149990
2026-07-22,El Panteon,White Flare – Elite Trainer Box – Español,59990
2026-07-22,El Panteon,Prismatic Evolutions – Elite Trainer Box – Español,79990
2026-07-22,El Panteon,Prismatic Evolutions – Elite Trainer Box – Inglés,169990
2026-07-22,El Panteon,Black Bolt – Elite Trainer Box – Español,49990
2026-07-22,El Panteon,Black Bolt – Elite Trainer Box – Inglés,149990
2026-07-22,El Panteon,Paldean Fates – Elite Trainer Box – Ingles,599999
2026-07-22,El Panteon,Twilight Masquerade – Elite Trainer Box – Inglés,99999
2026-07-22,El Panteon,Scarlet & Violet Destined Rivals – Elite Trainer Box – Español,54990
2026-07-22,El Panteon,Journey Together – Elite Trainer Box – Español,44990
2026-07-22,El Panteon,Surging Sparks – Elite Trainer Box – Inglés,129990
2026-07-22,El Panteon,Obsidian Flames – Elite Trainer Box – Español,199990
2026-07-22,El Panteon,Stellar Crown – Elite Trainer Box – Español,59990
2026-07-22,AFK Store,Elite Trainer Box 151,550000
2026-07-22,AFK Store,Elite Trainer Box Perfect Order,64990
2026-07-22,AFK Store,Elite Trainer Box Pokemon Team Up,1500000
2026-07-22,AFK Store,Elite Trainer Box Black Bolt y White Flare,64990
2026-07-22,AFK Store,Elite Trainer Box Evolving Skies (Flareon),600000
2026-07-22,AFK Store,Elite Trainer Box Paldea Fates,450000
2026-07-22,AFK Store,Elite Trainer Box Rebel Clash,300000
2026-07-22,AFK Store,Elite Trainer Box Hidden Fates,550000
2026-07-22,AFK Store,Elite Trainer Box Journey Together,54990
2026-07-22,AFK Store,Phantasmal Flames Elite Trainer Box,150000
2026-07-22,AFK Store,ELITE TRAINER BOX DESTINED RIVALS,69990
2026-07-22,AFK Store,Ultra Prism Elite Trainer Box [Dawn Wings Necrozma],800000
2026-07-22,AFK Store,Unbroken Bonds Elite Trainer Box - SM - Unbroken Bonds (SM10),1000000
2026-07-22,AFK Store,Ultra Prism Elite Trainer Box [Dusk Mane Necrozma],700000
2026-07-22,AFK Store,Elite Trainer Box Pokemon Go,90000
2026-07-22,AFK Store,Elite Trainer Box Mega Evolution,64990
2026-07-22,AFK Store,Elite Trainer Box Celebrations,200000
2026-07-22,AFK Store,Elite Trainer Box Astral Radiance,90000
2026-07-22,AFK Store,Elite Trainer Box Fusion Strike,180000
2026-07-22,AFK Store,Elite Trainer Box Pokemon Guardians Rising,400000
2026-07-22,AFK Store,Elite Trainer Box Crimson Invasion,150000
2026-07-22,AFK Store,Elite Trainer Box Pokemon Battle Styles,90000
2026-07-22,AFK Store,Elite Trainer Box Brillant Stars,130000
2026-07-22,AFK Store,Cosmic Eclipse Elite Trainer Box,1600000
2026-07-22,AFK Store,Elite Trainer Box Evolving Skies (Sylveon),350000
2026-07-22,AFK Store,Elite Trainer Box Champion's Path,170000
2026-07-22,AFK Store,Elite Trainer Box Crown Zenith,200000
2026-07-22,AFK Store,Elite Trainer Box Stellar Crown,49900
2026-07-22,AFK Store,Elite Trainer Box Shinning Fates,140000
2026-07-22,AFK Store,Elite Trainer Box Lost Origin,130000
2026-07-22,AFK Store,Elite Trainer Box Surging Sparks,69990
2026-07-22,AFK Store,ELITE TRAINER BOX ASCENDED HEROES,150000
2026-07-22,AFK Store,PRISMATIC EVOLUTIONS ELITE TRAINER BOX,69990
2026-07-22,AFK Store,Elite Trainer Box Plus: Zamazenta Pokemon Sword & Shield,140000
2026-07-22,AFK Store,Elite Trainer Box Silver Tempest,100000
2026-07-22,AFK Store,Elite Trainer Box Paradox Rift Futuro,42990
2026-07-22,AFK Store,Elite Trainer Box Paldea,44990
2026-07-22,AFK Store,Elite Trainer Box Plus: Zacian Pokemon Sword & Shield,140000
2026-07-22,AFK Store,Elite Trainer Box Scarlet And Violet,59990
2026-07-22,AFK Store,Elite Trainer Box Vivid Voltage,100000
2026-07-22,AFK Store,Elite Trainer Box Obsidian Flames,100000
2026-07-22,AFK Store,Elite Trainer Box Twilight Masquerade,59990
2026-07-22,AFK Store,Elite Trainer Box Paradox Rift Pasado,42990
2026-07-22,AFK Store,Elite Trainer Box Sword And Shield (Pequeño orificio plastico),40000
2026-07-22,AFK Store,Elite Trainer Box Shrouded Fable,49990
2026-07-22,AFK Store,Elite Trainer Box Temporal Forces,79990
2026-07-22,AFK Store,Elite Trainer Box Darkness Ablaze (Plastico levemente Roto),40000
2026-07-22,Piedra Bruja,Mega Evolution Pitch Black Elite Trainer Box ING,79990
2026-07-22,Piedra Bruja,Mega Evolution Phantasmal Flames Elite Trainer Box ESP,61990
2026-07-22,Piedra Bruja,Scarlet & Violet Destined Rivals Elite Trainer Box,74990
2026-07-22,Piedra Bruja,Mega Evolution Perfect Order Elite Trainer Box ING,69990
2026-07-22,Piedra Bruja,Mega Evolution Pitch Black Elite Trainer Box ESP,72990
2026-07-22,Piedra Bruja,Mega Evolution Chaos Rising Elite Trainer Box ESP,65990
2026-07-22,Piedra Bruja,Mega Evolution Perfect Order Elite Trainer Box ESP,69990
2026-07-22,Piedra Bruja,Scarlet & Violet Journey Together Elite Trainer Box Español,71990
2026-07-22,Piedra Bruja,Temporal Forces Iron Leaves - Elite Trainer Box ESP,65990
2026-07-22,Piedra Bruja,Scarlet & Violet White Flare Elite Trainer Box,69990
2026-07-22,Piedra Bruja,Pokemon TCG 30th Celebration - Elite Trainer Box ESP,79990
2026-07-22,Piedra Bruja,Mega Evolution Elite Trainer Box,67990
2026-07-22,Piedra Bruja,Scarlet & Violet Black Bolt Elite Trainer Box,69990
2026-07-22,Piedra Bruja,Temporal Forces Walking Wake - Elite Trainer Box ESP,65990
2026-07-22,Piedra Bruja,Mega Evolution Chaos Rising Elite Trainer Box ING,69990
2026-07-22,Piedra Bruja,Mega Evolution Ascended Heroes Elite Trainer Box,67990
2026-07-22,Piedra Bruja,Pokemon TCG 30th Celebration - Elite Trainer Box ING,79990
2026-07-22,Piedra Bruja,Scarlet & Violet Prismatic Evolutions Elite Trainer Box Español,84990
2026-07-22,Piedra Bruja,Mega Evolution Phantasmal Flames Elite Trainer Box,67990
2026-07-22,Piedra Bruja,Mega Evolution Ascended Heroes Elite Trainer Box ESP,67990
2026-07-22,Piedra Bruja,Scarlet & Violet Prismatic Evolutions Elite Trainer Box,89990
2026-07-22,Magicsur,Pokémon TCG: Silver Tempest Elite Trainer Box - Inglés y Español,49990
2026-07-22,Magicsur,Pokémon TCG: Scarlet & Violet: Obsidian Flames - Elite Trainer Box,51990
2026-07-22,Magicsur,Pokémon TCG: Scarlet & Violet: Temporal Forces - Elite Trainer Box - Iron Leaves,41993
2026-07-22,Magicsur,Pokémon TCG: Scarlet & Violet: Temporal Forces - Elite Trainer Box - Walking Wake,41993
2026-07-22,Magicsur,Pokémon TCG: Scarlet & Violet: Twilight Masquerade - Elite Trainer Box,45592
2026-07-22,Magicsur,Pokémon TCG: Scarlet & Violet: Stellar Crown - Elite Trainer Box,46392
2026-07-22,Magicsur,Pokémon TCG: Mega Evolución - Phantasmal Flames - Elite Trainer Box,74990
2026-07-22,Magicsur,Pokémon TCG: Scarlet & Violet: Journey Together - Elite Trainer Box,59990
2026-07-22,Magicsur,Pokémon TCG: Scarlet & Violet: Surging Sparks - Elite Trainer Box,47992
2026-07-22,Magicsur,Pokémon TCG: Scarlet & Violet: Black Bolt - Elite Trainer Box,69990
2026-07-22,Magicsur,Pokémon TCG: Mega Evolution - Elite Trainer Box (Mega Gardevoir ex),72990
2026-07-22,Magicsur,Pokémon TCG: Mega Evolution - Elite Trainer Box (Mega Lucario ex),72990
2026-07-22,Magicsur,Pokémon TCG: Chaos Rising - Elite Trainer Box,69990
2026-07-22,MARKET_AVERAGE,Daily Average ETB Price,145867
2026-07-23,Charizstore,PITCH BLACK – ELITE TRAINER BOX – ESPAÑOL,67990
2026-07-23,Charizstore,PITCH BLACK – ELITE TRAINER BOX – INGLES,73990
2026-07-23,Charizstore,Mega Evolution Chaos Rising – Elite Trainer Box – Español,58990
2026-07-23,Charizstore,Mega Evolution – Perfect Order – Elite Trainer Box – Español,52990
2026-07-23,Charizstore,Mega Evolution – Perfect Order – Elite Trainer Box – Ingles,62990
2026-07-23,Charizstore,MEGA EVOLUTION – ASCENDED HEROES ELITE TRAINER BOX – ESPAÑOL,69990
2026-07-23,Charizstore,Temporal Forces – Elite Trainer Box – Español (V2),90000
2026-07-23,Charizstore,Mega Evolution Phantasmal Flames – Elite Trainer Box – Español,75000
2026-07-23,Charizstore,Temporal Forces – Elite Trainer Box – Español,90000
2026-07-23,Charizstore,White Flare – Elite Trainer Box – Español,62990
2026-07-23,Charizstore,Prismatic Evolutions – Elite Trainer Box – Español,100000
2026-07-23,Charizstore,Black Bolt – Elite Trainer Box – Español,62990
2026-07-23,Charizstore,Crown Zenith – Elite Trainer Box- Español,350000
2026-07-23,Charizstore,Twiligth Masquerade – Elite Trainer Box – Inglés,105000
2026-07-23,Charizstore,Shrouded Fable – Elite Trainer Box – Español,85000
2026-07-23,Charizstore,Shrouded Fable – Elite Trainer Box – Inglés,130000
2026-07-23,Charizstore,Scarlet & Violet Destined Rivals – Elite Trainer Box – Español,85000
2026-07-23,Charizstore,Twiligth Masquerade – Elite Trainer Box – Español,75000
2026-07-23,Charizstore,Journey Together – Elite Trainer Box – Español,60000
2026-07-23,Charizstore,Surging Sparks – Elite Trainer Box – Español,80000
2026-07-23,Charizstore,Surging Sparks – Elite Trainer Box – Inglés,145990
2026-07-23,Charizstore,Obsidian Flames – Elite Trainer Box – Español,149990
2026-07-23,Charizstore,Stellar Crown – Elite Trainer Box – Español,85000
2026-07-23,Charizstore,Stellar Crown – Elite Trainer Box – Inglés,155000
2026-07-23,Collector Center,Scarlet & Violet: Black Bolt- Elite Trainer Box - Español,54990
2026-07-23,Collector Center,Mega Evolution: Ascended Heroes - Elite Trainer Box - Español,59990
2026-07-23,Collector Center,Mega Evolution Pitch Black- Elite Trainer Box - Español,67990
2026-07-23,Collector Center,Mega Evolution Phantasmal Flames - Elite Trainer Box - Español,49990
2026-07-23,Collector Center,Mega Evolution Chaos Rising - Elite Trainer Box - Español,59990
2026-07-23,Collector Center,Mega Evolution Perfect Order - Elite Trainer Box - Ingles,56990
2026-07-23,Collector Center,Mega Evolution Pitch Black- Elite Trainer Box - Inglés,73990
2026-07-23,Collector Center,Mega Evolution Perfect Order - Elite Trainer Box - Español,49990
2026-07-23,Collector Center,Mega Evolution Chaos Rising - Elite Trainer Box - Ingles,71990
2026-07-23,Collector Center,Scarlet & Violet: White Flare - Elite Trainer Box - Español,54990
2026-07-23,Collector Center,[PREVENTA 16/09/26] 30th Celebration - Elite Trainer Box - Inglés,199990
2026-07-23,Collector Center,[PREVENTA 16/09/26] 30th Celebration - Elite Trainer Box - Español,89990
2026-07-23,Collector Center,Scarlet & Violet: Surging Sparks – Elite Trainer Box – Ingles,129990
2026-07-23,Collector Center,Escarlata y Púrpura - Corona Astral – Elite Trainer Box – Español,49990
2026-07-23,Collector Center,Escarlata y Púrpura - Aventuras Compartidas – Elite Trainer Box – Español,54990
2026-07-23,Collector Center,Mega Evolution: Ascended Heroes - Elite Trainer Box - Ingles,149990
2026-07-23,MoiiJuegos,Pokémon mega evolution - pitch black elite trainer box (e...,63900
2026-07-23,MoiiJuegos,Pókemon mega evolution - chaos rising elite trainer box (...,62900
2026-07-23,MoiiJuegos,Pókemon mega evolution - perfect order elite trainer box ...,62900
2026-07-23,El Panteon,SET 3 X ELITE TRAINER BOX ESPAÑOL OFERTA PALDEA,169990
2026-07-23,El Panteon,SET 3 X ELITE TRAINER BOX ESPAÑOL OFERTA HEROES,159990
2026-07-23,El Panteon,SET 3 X ELITE TRAINER BOX ESPAÑOL OFERTA MASCARADA,139990
2026-07-23,El Panteon,SET 3 X ELITE TRAINER BOX ESPAÑOL OFERTA PRISMATICA,159990
2026-07-23,El Panteon,SET 3 X ELITE TRAINER BOX ESPAÑOL OFERTA OBSIDIANA,169990
2026-07-23,El Panteon,SET 3 X ELITE TRAINER BOX ESPAÑOL OFERTA DON LUCHO,139990
2026-07-23,El Panteon,SET 3 X ELITE TRAINER BOX ESPAÑOL OFERTA CRUZADA,129990
2026-07-23,El Panteon,SET 3 X ELITE TRAINER BOX ESPAÑOL OFERTA MUNDIALERA,129990
2026-07-23,El Panteon,SET 3 X ELITE TRAINER BOX ESPAÑOL OFERTA DE INVIERNO,129990
2026-07-23,El Panteon,Pitch Black – Elite Trainer Box ESPAÑOL – ENTREGA 24 JULIO,57990
2026-07-23,El Panteon,Pitch Black – Elite Trainer Box INGLES – ENTREGA 24 JULIO,69990
2026-07-23,El Panteon,Darkness Ablaze Elite Trainer Box – ESPAÑOL,149990
2026-07-23,El Panteon,Vivid Voltage Elite Trainer Box – ESPAÑOL,149990
2026-07-23,El Panteon,Rebel Clash Elite Trainer Box – ESPAÑOL,359990
2026-07-23,El Panteon,Chaos Rising – Elite Trainer Box INGLES,60990
2026-07-23,El Panteon,Mega Evolution Perfect Order – Elite Trainer Box Español,47990
2026-07-23,El Panteon,Mega Evolution Perfect Order – Elite Trainer Box Ingles,58990
2026-07-23,El Panteon,SET 3 X ELITE TRAINER BOX ESPAÑOL OFERTA VERANIEGA,129990
2026-07-23,El Panteon,SET 3 X ELITE TRAINER BOX PHANTASMAL FLAMES ESPAÑOL OFERTA ENERO,129990
2026-07-23,El Panteon,Pokemon GO Elite Trainer Box – Pokemon GO Español,159990
2026-07-23,El Panteon,Pokemon GO Elite Trainer Box – Pokemon GO Ingles,199990
2026-07-23,El Panteon,SET 3 X ELITE TRAINER BOX ESPAÑOL OFERTA ENERO,139990
2026-07-23,El Panteon,Ascended Heroes Collection – Elite Trainer Box Español,69990
2026-07-23,El Panteon,Shining Fates Elite Trainer Box INGLES,189990
2026-07-23,El Panteon,White Flare – Elite Trainer Box – Ingles,139990
2026-07-23,El Panteon,Mega Evolution Phantasmal Flames – Elite Trainer Box – Español,44990
2026-07-23,El Panteon,Mega Evolution Phantasmal Flames – Elite Trainer Box – Ingles,159990
2026-07-23,El Panteon,Paldea Evolved – Elite Trainer Box – Español,149990
2026-07-23,El Panteon,White Flare – Elite Trainer Box – Español,59990
2026-07-23,El Panteon,Prismatic Evolutions – Elite Trainer Box – Español,79990
2026-07-23,El Panteon,Prismatic Evolutions – Elite Trainer Box – Inglés,169990
2026-07-23,El Panteon,Black Bolt – Elite Trainer Box – Español,49990
2026-07-23,El Panteon,Black Bolt – Elite Trainer Box – Inglés,149990
2026-07-23,El Panteon,Paldean Fates – Elite Trainer Box – Ingles,599999
2026-07-23,El Panteon,Twilight Masquerade – Elite Trainer Box – Inglés,99999
2026-07-23,El Panteon,Scarlet & Violet Destined Rivals – Elite Trainer Box – Español,54990
2026-07-23,El Panteon,Journey Together – Elite Trainer Box – Español,44990
2026-07-23,El Panteon,Surging Sparks – Elite Trainer Box – Inglés,129990
2026-07-23,El Panteon,Obsidian Flames – Elite Trainer Box – Español,199990
2026-07-23,El Panteon,Stellar Crown – Elite Trainer Box – Español,59990
2026-07-23,AFK Store,Elite Trainer Box 151,550000
2026-07-23,AFK Store,Elite Trainer Box Pokemon Team Up,1500000
2026-07-23,AFK Store,Elite Trainer Box Perfect Order,64990
2026-07-23,AFK Store,Elite Trainer Box Evolving Skies (Flareon),600000
2026-07-23,AFK Store,Elite Trainer Box Black Bolt y White Flare,64990
2026-07-23,AFK Store,Elite Trainer Box Rebel Clash,300000
2026-07-23,AFK Store,Elite Trainer Box Hidden Fates,550000
2026-07-23,AFK Store,Elite Trainer Box Paldea Fates,450000
2026-07-23,AFK Store,ELITE TRAINER BOX DESTINED RIVALS,69990
2026-07-23,AFK Store,Phantasmal Flames Elite Trainer Box,150000
2026-07-23,AFK Store,Unbroken Bonds Elite Trainer Box - SM - Unbroken Bonds (SM10),1000000
2026-07-23,AFK Store,Elite Trainer Box Journey Together,54990
2026-07-23,AFK Store,Ultra Prism Elite Trainer Box [Dawn Wings Necrozma],800000
2026-07-23,AFK Store,Ultra Prism Elite Trainer Box [Dusk Mane Necrozma],700000
2026-07-23,AFK Store,Elite Trainer Box Pokemon Go,90000
2026-07-23,AFK Store,Elite Trainer Box Mega Evolution,64990
2026-07-23,AFK Store,Elite Trainer Box Celebrations,200000
2026-07-23,AFK Store,Elite Trainer Box Astral Radiance,90000
2026-07-23,AFK Store,Elite Trainer Box Pokemon Battle Styles,90000
2026-07-23,AFK Store,Elite Trainer Box Fusion Strike,180000
2026-07-23,AFK Store,Elite Trainer Box Pokemon Guardians Rising,400000
2026-07-23,AFK Store,Elite Trainer Box Brillant Stars,130000
2026-07-23,AFK Store,Cosmic Eclipse Elite Trainer Box,1600000
2026-07-23,AFK Store,Elite Trainer Box Evolving Skies (Sylveon),350000
2026-07-23,AFK Store,Elite Trainer Box Crimson Invasion,150000
2026-07-23,AFK Store,Elite Trainer Box Champion's Path,170000
2026-07-23,AFK Store,ELITE TRAINER BOX ASCENDED HEROES,150000
2026-07-23,AFK Store,Elite Trainer Box Crown Zenith,200000
2026-07-23,AFK Store,Elite Trainer Box Stellar Crown,49900
2026-07-23,AFK Store,Elite Trainer Box Silver Tempest,100000
2026-07-23,AFK Store,Elite Trainer Box Plus: Zamazenta Pokemon Sword & Shield,140000
2026-07-23,AFK Store,PRISMATIC EVOLUTIONS ELITE TRAINER BOX,69990
2026-07-23,AFK Store,Elite Trainer Box Shinning Fates,140000
2026-07-23,AFK Store,Elite Trainer Box Surging Sparks,69990
2026-07-23,AFK Store,Elite Trainer Box Paradox Rift Futuro,42990
2026-07-23,AFK Store,Elite Trainer Box Paldea,44990
2026-07-23,AFK Store,Elite Trainer Box Obsidian Flames,100000
2026-07-23,AFK Store,Elite Trainer Box Plus: Zacian Pokemon Sword & Shield,140000
2026-07-23,AFK Store,Elite Trainer Box Scarlet And Violet,59990
2026-07-23,AFK Store,Elite Trainer Box Twilight Masquerade,59990
2026-07-23,AFK Store,Elite Trainer Box Vivid Voltage,100000
2026-07-23,AFK Store,Elite Trainer Box Shrouded Fable,49990
2026-07-23,AFK Store,Elite Trainer Box Paradox Rift Pasado,42990
2026-07-23,AFK Store,Elite Trainer Box Temporal Forces,79990
2026-07-23,AFK Store,Elite Trainer Box Sword And Shield (Pequeño orificio plastico),40000
2026-07-23,AFK Store,Elite Trainer Box Lost Origin,130000
2026-07-23,AFK Store,Elite Trainer Box Darkness Ablaze (Plastico levemente Roto),40000
2026-07-23,Piedra Bruja,Mega Evolution Pitch Black Elite Trainer Box ING,79990
2026-07-23,Piedra Bruja,Mega Evolution Perfect Order Elite Trainer Box ING,69990
2026-07-23,Piedra Bruja,Mega Evolution Chaos Rising Elite Trainer Box ESP,65990
2026-07-23,Piedra Bruja,Mega Evolution Phantasmal Flames Elite Trainer Box ESP,61990
2026-07-23,Piedra Bruja,Scarlet & Violet Destined Rivals Elite Trainer Box,74990
2026-07-23,Piedra Bruja,Mega Evolution Pitch Black Elite Trainer Box ESP,72990
2026-07-23,Piedra Bruja,Mega Evolution Perfect Order Elite Trainer Box ESP,69990
2026-07-23,Piedra Bruja,Scarlet & Violet Journey Together Elite Trainer Box Español,71990
2026-07-23,Piedra Bruja,Temporal Forces Iron Leaves - Elite Trainer Box ESP,65990
2026-07-23,Piedra Bruja,Scarlet & Violet White Flare Elite Trainer Box,69990
2026-07-23,Piedra Bruja,Temporal Forces Walking Wake - Elite Trainer Box ESP,65990
2026-07-23,Piedra Bruja,Pokemon TCG 30th Celebration - Elite Trainer Box ESP,79990
2026-07-23,Piedra Bruja,Scarlet & Violet Black Bolt Elite Trainer Box,69990
2026-07-23,Piedra Bruja,Mega Evolution Elite Trainer Box,67990
2026-07-23,Piedra Bruja,Mega Evolution Ascended Heroes Elite Trainer Box,67990
2026-07-23,Piedra Bruja,Pokemon TCG 30th Celebration - Elite Trainer Box ING,79990
2026-07-23,Piedra Bruja,Scarlet & Violet Prismatic Evolutions Elite Trainer Box Español,84990
2026-07-23,Piedra Bruja,Mega Evolution Ascended Heroes Elite Trainer Box ESP,67990
2026-07-23,Piedra Bruja,Mega Evolution Phantasmal Flames Elite Trainer Box,67990
2026-07-23,Piedra Bruja,Mega Evolution Chaos Rising Elite Trainer Box ING,69990
2026-07-23,Piedra Bruja,Scarlet & Violet Prismatic Evolutions Elite Trainer Box,89990
2026-07-23,MARKET_AVERAGE,Daily Average ETB Price,152832
2026-07-24,Charizstore,PITCH BLACK – ELITE TRAINER BOX – ESPAÑOL,67990
2026-07-24,Charizstore,PITCH BLACK – ELITE TRAINER BOX – INGLES,73990
2026-07-24,Charizstore,Mega Evolution Chaos Rising – Elite Trainer Box – Español,58990
2026-07-24,Charizstore,Mega Evolution – Perfect Order – Elite Trainer Box – Español,52990
2026-07-24,Charizstore,Mega Evolution – Perfect Order – Elite Trainer Box – Ingles,62990
2026-07-24,Charizstore,MEGA EVOLUTION – ASCENDED HEROES ELITE TRAINER BOX – ESPAÑOL,69990
2026-07-24,Charizstore,Temporal Forces – Elite Trainer Box – Español (V2),90000
2026-07-24,Charizstore,Mega Evolution Phantasmal Flames – Elite Trainer Box – Español,75000
2026-07-24,Charizstore,Temporal Forces – Elite Trainer Box – Español,90000
2026-07-24,Charizstore,White Flare – Elite Trainer Box – Español,62990
2026-07-24,Charizstore,Prismatic Evolutions – Elite Trainer Box – Español,100000
2026-07-24,Charizstore,Black Bolt – Elite Trainer Box – Español,62990
2026-07-24,Charizstore,Crown Zenith – Elite Trainer Box- Español,350000
2026-07-24,Charizstore,Twiligth Masquerade – Elite Trainer Box – Inglés,105000
2026-07-24,Charizstore,Shrouded Fable – Elite Trainer Box – Español,85000
2026-07-24,Charizstore,Shrouded Fable – Elite Trainer Box – Inglés,130000
2026-07-24,Charizstore,Scarlet & Violet Destined Rivals – Elite Trainer Box – Español,85000
2026-07-24,Charizstore,Twiligth Masquerade – Elite Trainer Box – Español,75000
2026-07-24,Charizstore,Journey Together – Elite Trainer Box – Español,60000
2026-07-24,Charizstore,Surging Sparks – Elite Trainer Box – Español,80000
2026-07-24,Charizstore,Surging Sparks – Elite Trainer Box – Inglés,145990
2026-07-24,Charizstore,Obsidian Flames – Elite Trainer Box – Español,149990
2026-07-24,Charizstore,Stellar Crown – Elite Trainer Box – Español,85000
2026-07-24,Charizstore,Stellar Crown – Elite Trainer Box – Inglés,155000
2026-07-24,Collector Center,Scarlet & Violet: Black Bolt- Elite Trainer Box - Español,54990
2026-07-24,Collector Center,Mega Evolution: Ascended Heroes - Elite Trainer Box - Español,59990
2026-07-24,Collector Center,Mega Evolution Pitch Black- Elite Trainer Box - Español,67990
2026-07-24,Collector Center,Mega Evolution Phantasmal Flames - Elite Trainer Box - Español,49990
2026-07-24,Collector Center,Mega Evolution Chaos Rising - Elite Trainer Box - Español,59990
2026-07-24,Collector Center,Mega Evolution Perfect Order - Elite Trainer Box - Ingles,56990
2026-07-24,Collector Center,Mega Evolution Pitch Black- Elite Trainer Box - Inglés,73990
2026-07-24,Collector Center,Mega Evolution Perfect Order - Elite Trainer Box - Español,49990
2026-07-24,Collector Center,Mega Evolution Chaos Rising - Elite Trainer Box - Ingles,71990
2026-07-24,Collector Center,Scarlet & Violet: White Flare - Elite Trainer Box - Español,54990
2026-07-24,Collector Center,[PREVENTA 16/09/26] 30th Celebration - Elite Trainer Box - Inglés,199990
2026-07-24,Collector Center,[PREVENTA 16/09/26] 30th Celebration - Elite Trainer Box - Español,89990
2026-07-24,Collector Center,Scarlet & Violet: Surging Sparks – Elite Trainer Box – Ingles,129990
2026-07-24,Collector Center,Escarlata y Púrpura - Corona Astral – Elite Trainer Box – Español,49990
2026-07-24,Collector Center,Escarlata y Púrpura - Aventuras Compartidas – Elite Trainer Box – Español,54990
2026-07-24,MoiiJuegos,Pokémon mega evolution - pitch black elite trainer box (e...,63900
2026-07-24,MoiiJuegos,Pókemon mega evolution - chaos rising elite trainer box (...,62900
2026-07-24,MoiiJuegos,Pókemon mega evolution - perfect order elite trainer box ...,62900
2026-07-24,El Panteon,SET 3 X ELITE TRAINER BOX ESPAÑOL OFERTA PALDEA,169990
2026-07-24,El Panteon,SET 3 X ELITE TRAINER BOX ESPAÑOL OFERTA HEROES,159990
2026-07-24,El Panteon,SET 3 X ELITE TRAINER BOX ESPAÑOL OFERTA MASCARADA,139990
2026-07-24,El Panteon,SET 3 X ELITE TRAINER BOX ESPAÑOL OFERTA PRISMATICA,159990
2026-07-24,El Panteon,SET 3 X ELITE TRAINER BOX ESPAÑOL OFERTA OBSIDIANA,169990
2026-07-24,El Panteon,SET 3 X ELITE TRAINER BOX ESPAÑOL OFERTA DON LUCHO,139990
2026-07-24,El Panteon,SET 3 X ELITE TRAINER BOX ESPAÑOL OFERTA CRUZADA,129990
2026-07-24,El Panteon,SET 3 X ELITE TRAINER BOX ESPAÑOL OFERTA MUNDIALERA,129990
2026-07-24,El Panteon,SET 3 X ELITE TRAINER BOX ESPAÑOL OFERTA DE INVIERNO,129990
2026-07-24,El Panteon,Pitch Black – Elite Trainer Box ESPAÑOL,57990
2026-07-24,El Panteon,Pitch Black – Elite Trainer Box INGLES,69990
2026-07-24,El Panteon,Darkness Ablaze Elite Trainer Box – ESPAÑOL,149990
2026-07-24,El Panteon,Rebel Clash Elite Trainer Box – ESPAÑOL,359990
2026-07-24,El Panteon,Chaos Rising – Elite Trainer Box INGLES,60990
2026-07-24,El Panteon,Mega Evolution Perfect Order – Elite Trainer Box Español,47990
2026-07-24,El Panteon,Mega Evolution Perfect Order – Elite Trainer Box Ingles,58990
2026-07-24,El Panteon,SET 3 X ELITE TRAINER BOX ESPAÑOL OFERTA VERANIEGA,129990
2026-07-24,El Panteon,SET 3 X ELITE TRAINER BOX PHANTASMAL FLAMES ESPAÑOL OFERTA ENERO,129990
2026-07-24,El Panteon,Pokemon GO Elite Trainer Box – Pokemon GO Ingles,199990
2026-07-24,El Panteon,SET 3 X ELITE TRAINER BOX ESPAÑOL OFERTA ENERO,139990
2026-07-24,El Panteon,Ascended Heroes Collection – Elite Trainer Box Español,69990
2026-07-24,El Panteon,Shining Fates Elite Trainer Box INGLES,189990
2026-07-24,El Panteon,White Flare – Elite Trainer Box – Ingles,139990
2026-07-24,El Panteon,Mega Evolution Phantasmal Flames – Elite Trainer Box – Español,44990
2026-07-24,El Panteon,Mega Evolution Phantasmal Flames – Elite Trainer Box – Ingles,99990
2026-07-24,El Panteon,Paldea Evolved – Elite Trainer Box – Español,149990
2026-07-24,El Panteon,White Flare – Elite Trainer Box – Español,59990
2026-07-24,El Panteon,Prismatic Evolutions – Elite Trainer Box – Español,79990
2026-07-24,El Panteon,Prismatic Evolutions – Elite Trainer Box – Inglés,169990
2026-07-24,El Panteon,Black Bolt – Elite Trainer Box – Español,49990
2026-07-24,El Panteon,Black Bolt – Elite Trainer Box – Inglés,149990
2026-07-24,El Panteon,Paldean Fates – Elite Trainer Box – Ingles,599999
2026-07-24,El Panteon,Twilight Masquerade – Elite Trainer Box – Inglés,109990
2026-07-24,El Panteon,Journey Together – Elite Trainer Box – Español,44990
2026-07-24,El Panteon,Surging Sparks – Elite Trainer Box – Inglés,99990
2026-07-24,El Panteon,Obsidian Flames – Elite Trainer Box – Español,199990
2026-07-24,El Panteon,Stellar Crown – Elite Trainer Box – Español,59990
2026-07-24,AFK Store,Elite Trainer Box 151,550000
2026-07-24,AFK Store,Elite Trainer Box Paldea Fates,450000
2026-07-24,AFK Store,Elite Trainer Box Pokemon Team Up,1500000
2026-07-24,AFK Store,Elite Trainer Box Perfect Order,60000
2026-07-24,AFK Store,Elite Trainer Box Black Bolt y White Flare,64990
2026-07-24,AFK Store,Elite Trainer Box Rebel Clash,300000
2026-07-24,AFK Store,ELITE TRAINER BOX DESTINED RIVALS,69990
2026-07-24,AFK Store,Phantasmal Flames Elite Trainer Box,150000
2026-07-24,AFK Store,Unbroken Bonds Elite Trainer Box - SM - Unbroken Bonds (SM10),1000000
2026-07-24,AFK Store,Elite Trainer Box Journey Together,54990
2026-07-24,AFK Store,Ultra Prism Elite Trainer Box [Dawn Wings Necrozma],800000
2026-07-24,AFK Store,Ultra Prism Elite Trainer Box [Dusk Mane Necrozma],700000
2026-07-24,AFK Store,Elite Trainer Box Pitch Black Elite,67990
2026-07-24,AFK Store,Elite Trainer Box Pokemon Go,90000
2026-07-24,AFK Store,Elite Trainer Box Evolving Skies (Flareon),600000
2026-07-24,AFK Store,Elite Trainer Box Mega Evolution,64990
2026-07-24,AFK Store,Elite Trainer Box Celebrations,200000
2026-07-24,AFK Store,Elite Trainer Box Astral Radiance,90000
2026-07-24,AFK Store,Elite Trainer Box Fusion Strike,180000
2026-07-24,AFK Store,Elite Trainer Box Pokemon Guardians Rising,400000
2026-07-24,AFK Store,Elite Trainer Box Hidden Fates,550000
2026-07-24,AFK Store,Elite Trainer Box Pokemon Battle Styles,90000
2026-07-24,AFK Store,Elite Trainer Box Brillant Stars,130000
2026-07-24,AFK Store,Cosmic Eclipse Elite Trainer Box,1600000
2026-07-24,AFK Store,Elite Trainer Box Evolving Skies (Sylveon),350000
2026-07-24,AFK Store,Elite Trainer Box Crimson Invasion,150000
2026-07-24,AFK Store,Elite Trainer Box Champion's Path,170000
2026-07-24,AFK Store,ELITE TRAINER BOX ASCENDED HEROES,150000
2026-07-24,AFK Store,Elite Trainer Box Crown Zenith,200000
2026-07-24,AFK Store,Elite Trainer Box Silver Tempest,100000
2026-07-24,AFK Store,Elite Trainer Box Plus: Zamazenta Pokemon Sword & Shield,140000
2026-07-24,AFK Store,PRISMATIC EVOLUTIONS ELITE TRAINER BOX,69990
2026-07-24,AFK Store,Elite Trainer Box Shinning Fates,140000
2026-07-24,AFK Store,Elite Trainer Box Surging Sparks,69990
2026-07-24,AFK Store,Elite Trainer Box Paradox Rift Futuro,42990
2026-07-24,AFK Store,Elite Trainer Box Stellar Crown,49900
2026-07-24,AFK Store,Elite Trainer Box Paldea,44990
2026-07-24,AFK Store,Elite Trainer Box Plus: Zacian Pokemon Sword & Shield,140000
2026-07-24,AFK Store,Elite Trainer Box Scarlet And Violet,59990
2026-07-24,AFK Store,Elite Trainer Box Twilight Masquerade,59990
2026-07-24,AFK Store,Elite Trainer Box Vivid Voltage,100000
2026-07-24,AFK Store,Elite Trainer Box Obsidian Flames,100000
2026-07-24,AFK Store,Elite Trainer Box Shrouded Fable,49990
2026-07-24,AFK Store,Elite Trainer Box Paradox Rift Pasado,42990
2026-07-24,AFK Store,Elite Trainer Box Temporal Forces,79990
2026-07-24,AFK Store,Elite Trainer Box Sword And Shield (Pequeño orificio plastico),40000
2026-07-24,AFK Store,Elite Trainer Box Lost Origin,130000
2026-07-24,AFK Store,Elite Trainer Box Darkness Ablaze (Plastico levemente Roto),40000
2026-07-24,Piedra Bruja,Mega Evolution Pitch Black Elite Trainer Box ING,79990
2026-07-24,Piedra Bruja,Mega Evolution Chaos Rising Elite Trainer Box ESP,65990
2026-07-24,Piedra Bruja,Mega Evolution Phantasmal Flames Elite Trainer Box ESP,61990
2026-07-24,Piedra Bruja,Scarlet & Violet Destined Rivals Elite Trainer Box,74990
2026-07-24,Piedra Bruja,Mega Evolution Perfect Order Elite Trainer Box ING,69990
2026-07-24,Piedra Bruja,Mega Evolution Pitch Black Elite Trainer Box ESP,72990
2026-07-24,Piedra Bruja,Mega Evolution Perfect Order Elite Trainer Box ESP,69990
2026-07-24,Piedra Bruja,Scarlet & Violet Journey Together Elite Trainer Box Español,71990
2026-07-24,Piedra Bruja,Temporal Forces Iron Leaves - Elite Trainer Box ESP,65990
2026-07-24,Piedra Bruja,Scarlet & Violet White Flare Elite Trainer Box,69990
2026-07-24,Piedra Bruja,Pokemon TCG 30th Celebration - Elite Trainer Box ESP,79990
2026-07-24,Piedra Bruja,Temporal Forces Walking Wake - Elite Trainer Box ESP,65990
2026-07-24,Piedra Bruja,Scarlet & Violet Black Bolt Elite Trainer Box,69990
2026-07-24,Piedra Bruja,Mega Evolution Elite Trainer Box,67990
2026-07-24,Piedra Bruja,Mega Evolution Ascended Heroes Elite Trainer Box,67990
2026-07-24,Piedra Bruja,Scarlet & Violet Prismatic Evolutions Elite Trainer Box Español,84990
2026-07-24,Piedra Bruja,Mega Evolution Ascended Heroes Elite Trainer Box ESP,67990
2026-07-24,Piedra Bruja,Mega Evolution Phantasmal Flames Elite Trainer Box,67990
2026-07-24,Piedra Bruja,Pokemon TCG 30th Celebration - Elite Trainer Box ING,79990
2026-07-24,Piedra Bruja,Mega Evolution Chaos Rising Elite Trainer Box ING,69990
2026-07-24,Piedra Bruja,Scarlet & Violet Prismatic Evolutions Elite Trainer Box,89990
2026-07-24,Magicsur,Pokémon TCG: Silver Tempest Elite Trainer Box - Inglés y Español,49990
2026-07-24,Magicsur,Pokémon TCG: Scarlet & Violet: Obsidian Flames - Elite Trainer Box,51990
2026-07-24,Magicsur,Pokémon TCG: Scarlet & Violet: Temporal Forces - Elite Trainer Box - Iron Leaves,41993
2026-07-24,Magicsur,Pokémon TCG: Scarlet & Violet: Temporal Forces - Elite Trainer Box - Walking Wake,41993
2026-07-24,Magicsur,Pokémon TCG: Scarlet & Violet: Twilight Masquerade - Elite Trainer Box,45592
2026-07-24,Magicsur,Pokémon TCG: Scarlet & Violet: Stellar Crown - Elite Trainer Box,46392
2026-07-24,Magicsur,Pokémon TCG: Mega Evolución - Phantasmal Flames - Elite Trainer Box,74990
2026-07-24,Magicsur,Pokémon TCG: Scarlet & Violet: Journey Together - Elite Trainer Box,59990
2026-07-24,Magicsur,Pokémon TCG: Scarlet & Violet: Surging Sparks - Elite Trainer Box,47992
2026-07-24,Magicsur,Pokémon TCG: Scarlet & Violet: Black Bolt - Elite Trainer Box,69990
2026-07-24,Magicsur,Pokémon TCG: Mega Evolution - Elite Trainer Box (Mega Gardevoir ex),72990
2026-07-24,Magicsur,Pokémon TCG: Mega Evolution - Elite Trainer Box (Mega Lucario ex),72990
2026-07-24,Magicsur,Pokémon TCG: Chaos Rising - Elite Trainer Box,69990
2026-07-24,MARKET_AVERAGE,Daily Average ETB Price,144674
2026-07-25,Charizstore,PITCH BLACK – ELITE TRAINER BOX – ESPAÑOL,67990
2026-07-25,Charizstore,PITCH BLACK – ELITE TRAINER BOX – INGLES,73990
2026-07-25,Charizstore,Mega Evolution Chaos Rising – Elite Trainer Box – Español,58990
2026-07-25,Charizstore,Mega Evolution – Perfect Order – Elite Trainer Box – Español,52990
2026-07-25,Charizstore,Mega Evolution – Perfect Order – Elite Trainer Box – Ingles,62990
2026-07-25,Charizstore,MEGA EVOLUTION – ASCENDED HEROES ELITE TRAINER BOX – ESPAÑOL,69990
2026-07-25,Charizstore,Temporal Forces – Elite Trainer Box – Español (V2),90000
2026-07-25,Charizstore,Mega Evolution Phantasmal Flames – Elite Trainer Box – Español,75000
2026-07-25,Charizstore,Temporal Forces – Elite Trainer Box – Español,90000
2026-07-25,Charizstore,White Flare – Elite Trainer Box – Español,62990
2026-07-25,Charizstore,Prismatic Evolutions – Elite Trainer Box – Español,100000
2026-07-25,Charizstore,Black Bolt – Elite Trainer Box – Español,62990
2026-07-25,Charizstore,Crown Zenith – Elite Trainer Box- Español,350000
2026-07-25,Charizstore,Twiligth Masquerade – Elite Trainer Box – Inglés,105000
2026-07-25,Charizstore,Shrouded Fable – Elite Trainer Box – Español,85000
2026-07-25,Charizstore,Shrouded Fable – Elite Trainer Box – Inglés,130000
2026-07-25,Charizstore,Scarlet & Violet Destined Rivals – Elite Trainer Box – Español,85000
2026-07-25,Charizstore,Twiligth Masquerade – Elite Trainer Box – Español,75000
2026-07-25,Charizstore,Journey Together – Elite Trainer Box – Español,60000
2026-07-25,Charizstore,Surging Sparks – Elite Trainer Box – Español,80000
2026-07-25,Charizstore,Surging Sparks – Elite Trainer Box – Inglés,145990
2026-07-25,Charizstore,Obsidian Flames – Elite Trainer Box – Español,149990
2026-07-25,Charizstore,Stellar Crown – Elite Trainer Box – Español,85000
2026-07-25,Charizstore,Stellar Crown – Elite Trainer Box – Inglés,155000
2026-07-25,Collector Center,Scarlet & Violet: Black Bolt- Elite Trainer Box - Español,54990
2026-07-25,Collector Center,Mega Evolution: Ascended Heroes - Elite Trainer Box - Español,59990
2026-07-25,Collector Center,Mega Evolution Pitch Black- Elite Trainer Box - Español,67990
2026-07-25,Collector Center,Mega Evolution Perfect Order - Elite Trainer Box - Ingles,56990
2026-07-25,Collector Center,Mega Evolution Chaos Rising - Elite Trainer Box - Español,59990
2026-07-25,Collector Center,Mega Evolution Phantasmal Flames - Elite Trainer Box - Español,49990
2026-07-25,Collector Center,Mega Evolution Pitch Black- Elite Trainer Box - Inglés,73990
2026-07-25,Collector Center,Mega Evolution Perfect Order - Elite Trainer Box - Español,49990
2026-07-25,Collector Center,Scarlet & Violet: White Flare - Elite Trainer Box - Español,54990
2026-07-25,Collector Center,Mega Evolution Chaos Rising - Elite Trainer Box - Ingles,71990
2026-07-25,Collector Center,Scarlet & Violet: Surging Sparks – Elite Trainer Box – Ingles,129990
2026-07-25,Collector Center,[PREVENTA 16/09/26] 30th Celebration - Elite Trainer Box - Inglés,199990
2026-07-25,Collector Center,[PREVENTA 16/09/26] 30th Celebration - Elite Trainer Box - Español,89990
2026-07-25,Collector Center,Escarlata y Púrpura - Corona Astral – Elite Trainer Box – Español,49990
2026-07-25,Collector Center,Escarlata y Púrpura - Aventuras Compartidas – Elite Trainer Box – Español,54990
2026-07-25,MoiiJuegos,Pokémon mega evolution - pitch black elite trainer box (e...,63900
2026-07-25,MoiiJuegos,Pókemon mega evolution - chaos rising elite trainer box (...,62900
2026-07-25,MoiiJuegos,Pókemon mega evolution - perfect order elite trainer box ...,62900
2026-07-25,El Panteon,SET 3 X ELITE TRAINER BOX ESPAÑOL OFERTA PALDEA,169990
2026-07-25,El Panteon,SET 3 X ELITE TRAINER BOX ESPAÑOL OFERTA HEROES,159990
2026-07-25,El Panteon,SET 3 X ELITE TRAINER BOX ESPAÑOL OFERTA PRISMATICA,159990
2026-07-25,El Panteon,SET 3 X ELITE TRAINER BOX ESPAÑOL OFERTA OBSIDIANA,169990
2026-07-25,El Panteon,SET 3 X ELITE TRAINER BOX ESPAÑOL OFERTA DON LUCHO,139990
2026-07-25,El Panteon,SET 3 X ELITE TRAINER BOX ESPAÑOL OFERTA CRUZADA,129990
2026-07-25,El Panteon,SET 3 X ELITE TRAINER BOX ESPAÑOL OFERTA MUNDIALERA,129990
2026-07-25,El Panteon,SET 3 X ELITE TRAINER BOX ESPAÑOL OFERTA DE INVIERNO,129990
2026-07-25,El Panteon,Pitch Black – Elite Trainer Box ESPAÑOL,57990
2026-07-25,El Panteon,Pitch Black – Elite Trainer Box INGLES,69990
2026-07-25,El Panteon,Darkness Ablaze Elite Trainer Box – ESPAÑOL,149990
2026-07-25,El Panteon,Rebel Clash Elite Trainer Box – ESPAÑOL,359990
2026-07-25,El Panteon,Chaos Rising – Elite Trainer Box INGLES,60990
2026-07-25,El Panteon,Mega Evolution Perfect Order – Elite Trainer Box Español,47990
2026-07-25,El Panteon,Mega Evolution Perfect Order – Elite Trainer Box Ingles,58990
2026-07-25,El Panteon,SET 3 X ELITE TRAINER BOX ESPAÑOL OFERTA VERANIEGA,129990
2026-07-25,El Panteon,SET 3 X ELITE TRAINER BOX PHANTASMAL FLAMES ESPAÑOL OFERTA ENERO,129990
2026-07-25,El Panteon,Pokemon GO Elite Trainer Box – Pokemon GO Ingles,199990
2026-07-25,El Panteon,SET 3 X ELITE TRAINER BOX ESPAÑOL OFERTA ENERO,139990
2026-07-25,El Panteon,Ascended Heroes Collection – Elite Trainer Box Español,69990
2026-07-25,El Panteon,Shining Fates Elite Trainer Box INGLES,189990
2026-07-25,El Panteon,White Flare – Elite Trainer Box – Ingles,139990
2026-07-25,El Panteon,Mega Evolution Phantasmal Flames – Elite Trainer Box – Español,44990
2026-07-25,El Panteon,Mega Evolution Phantasmal Flames – Elite Trainer Box – Ingles,99990
2026-07-25,El Panteon,Paldea Evolved – Elite Trainer Box – Español,149990
2026-07-25,El Panteon,White Flare – Elite Trainer Box – Español,59990
2026-07-25,El Panteon,Prismatic Evolutions – Elite Trainer Box – Español,79990
2026-07-25,El Panteon,Prismatic Evolutions – Elite Trainer Box – Inglés,169990
2026-07-25,El Panteon,Black Bolt – Elite Trainer Box – Español,49990
2026-07-25,El Panteon,Black Bolt – Elite Trainer Box – Inglés,149990
2026-07-25,El Panteon,Paldean Fates – Elite Trainer Box – Ingles,599999
2026-07-25,El Panteon,Twilight Masquerade – Elite Trainer Box – Inglés,109990
2026-07-25,El Panteon,Journey Together – Elite Trainer Box – Español,44990
2026-07-25,El Panteon,Surging Sparks – Elite Trainer Box – Inglés,99990
2026-07-25,El Panteon,Obsidian Flames – Elite Trainer Box – Español,199990
2026-07-25,El Panteon,Stellar Crown – Elite Trainer Box – Español,59990
2026-07-25,AFK Store,Elite Trainer Box 151,550000
2026-07-25,AFK Store,Elite Trainer Box Paldea Fates,450000
2026-07-25,AFK Store,Elite Trainer Box Pokemon Team Up,1500000
2026-07-25,AFK Store,Elite Trainer Box Perfect Order,60000
2026-07-25,AFK Store,Elite Trainer Box Black Bolt y White Flare,64990
2026-07-25,AFK Store,Elite Trainer Box Rebel Clash,300000
2026-07-25,AFK Store,ELITE TRAINER BOX DESTINED RIVALS,69990
2026-07-25,AFK Store,Phantasmal Flames Elite Trainer Box,150000
2026-07-25,AFK Store,Unbroken Bonds Elite Trainer Box - SM - Unbroken Bonds (SM10),1000000
2026-07-25,AFK Store,Elite Trainer Box Journey Together,54990
2026-07-25,AFK Store,Ultra Prism Elite Trainer Box [Dusk Mane Necrozma],700000
2026-07-25,AFK Store,Ultra Prism Elite Trainer Box [Dawn Wings Necrozma],800000
2026-07-25,AFK Store,Elite Trainer Box Pitch Black Elite,67990
2026-07-25,AFK Store,Elite Trainer Box Pokemon Go,90000
2026-07-25,AFK Store,Elite Trainer Box Evolving Skies (Flareon),600000
2026-07-25,AFK Store,Elite Trainer Box Mega Evolution,64990
2026-07-25,AFK Store,Elite Trainer Box Celebrations,200000
2026-07-25,AFK Store,Cosmic Eclipse Elite Trainer Box,1600000
2026-07-25,AFK Store,Elite Trainer Box Astral Radiance,90000
2026-07-25,AFK Store,Elite Trainer Box Pokemon Guardians Rising,400000
2026-07-25,AFK Store,Elite Trainer Box Fusion Strike,180000
2026-07-25,AFK Store,Elite Trainer Box Hidden Fates,550000
2026-07-25,AFK Store,Elite Trainer Box Pokemon Battle Styles,90000
2026-07-25,AFK Store,Elite Trainer Box Brillant Stars,130000
2026-07-25,AFK Store,Elite Trainer Box Evolving Skies (Sylveon),350000
2026-07-25,AFK Store,Elite Trainer Box Crimson Invasion,150000
2026-07-25,AFK Store,Elite Trainer Box Champion's Path,170000
2026-07-25,AFK Store,Elite Trainer Box Crown Zenith,200000
2026-07-25,AFK Store,Elite Trainer Box Stellar Crown,49900
2026-07-25,AFK Store,ELITE TRAINER BOX ASCENDED HEROES,150000
2026-07-25,AFK Store,Elite Trainer Box Vivid Voltage,100000
2026-07-25,AFK Store,Elite Trainer Box Plus: Zamazenta Pokemon Sword & Shield,140000
2026-07-25,AFK Store,Elite Trainer Box Silver Tempest,100000
2026-07-25,AFK Store,Elite Trainer Box Shinning Fates,140000
2026-07-25,AFK Store,Elite Trainer Box Surging Sparks,69990
2026-07-25,AFK Store,Elite Trainer Box Scarlet And Violet,59990
2026-07-25,AFK Store,Elite Trainer Box Paldea,44990
2026-07-25,AFK Store,Elite Trainer Box Paradox Rift Futuro,42990
2026-07-25,AFK Store,Elite Trainer Box Plus: Zacian Pokemon Sword & Shield,140000
2026-07-25,AFK Store,Elite Trainer Box Twilight Masquerade,59990
2026-07-25,AFK Store,Elite Trainer Box Obsidian Flames,100000
2026-07-25,AFK Store,Elite Trainer Box Shrouded Fable,49990
2026-07-25,AFK Store,Elite Trainer Box Paradox Rift Pasado,42990
2026-07-25,AFK Store,Elite Trainer Box Sword And Shield (Pequeño orificio plastico),40000
2026-07-25,AFK Store,Elite Trainer Box Temporal Forces,79990
2026-07-25,AFK Store,Elite Trainer Box Lost Origin,130000
2026-07-25,AFK Store,Elite Trainer Box Darkness Ablaze (Plastico levemente Roto),40000
2026-07-25,AFK Store,PRISMATIC EVOLUTIONS ELITE TRAINER BOX,69990
2026-07-25,Piedra Bruja,Mega Evolution Pitch Black Elite Trainer Box ING,79990
2026-07-25,Piedra Bruja,Mega Evolution Perfect Order Elite Trainer Box ING,69990
2026-07-25,Piedra Bruja,Mega Evolution Phantasmal Flames Elite Trainer Box ESP,61990
2026-07-25,Piedra Bruja,Mega Evolution Chaos Rising Elite Trainer Box ESP,65990
2026-07-25,Piedra Bruja,Scarlet & Violet Destined Rivals Elite Trainer Box,74990
2026-07-25,Piedra Bruja,Mega Evolution Pitch Black Elite Trainer Box ESP,72990
2026-07-25,Piedra Bruja,Mega Evolution Perfect Order Elite Trainer Box ESP,69990
2026-07-25,Piedra Bruja,Scarlet & Violet Journey Together Elite Trainer Box Español,71990
2026-07-25,Piedra Bruja,Temporal Forces Iron Leaves - Elite Trainer Box ESP,65990
2026-07-25,Piedra Bruja,Scarlet & Violet White Flare Elite Trainer Box,69990
2026-07-25,Piedra Bruja,Mega Evolution Elite Trainer Box,67990
2026-07-25,Piedra Bruja,Pokemon TCG 30th Celebration - Elite Trainer Box ESP,79990
2026-07-25,Piedra Bruja,Scarlet & Violet Black Bolt Elite Trainer Box,69990
2026-07-25,Piedra Bruja,Temporal Forces Walking Wake - Elite Trainer Box ESP,65990
2026-07-25,Piedra Bruja,Mega Evolution Ascended Heroes Elite Trainer Box,67990
2026-07-25,Piedra Bruja,Mega Evolution Ascended Heroes Elite Trainer Box ESP,67990
2026-07-25,Piedra Bruja,Mega Evolution Chaos Rising Elite Trainer Box ING,69990
2026-07-25,Piedra Bruja,Scarlet & Violet Prismatic Evolutions Elite Trainer Box,89990
2026-07-25,Piedra Bruja,Scarlet & Violet Prismatic Evolutions Elite Trainer Box Español,84990
2026-07-25,Piedra Bruja,Mega Evolution Phantasmal Flames Elite Trainer Box,67990
2026-07-25,Piedra Bruja,Pokemon TCG 30th Celebration - Elite Trainer Box ING,79990
2026-07-25,Magicsur,Pokémon TCG: Silver Tempest Elite Trainer Box - Inglés y Español,49990
2026-07-25,Magicsur,Pokémon TCG: Scarlet & Violet: Obsidian Flames - Elite Trainer Box,51990
2026-07-25,Magicsur,Pokémon TCG: Scarlet & Violet: Temporal Forces - Elite Trainer Box - Iron Leaves,41993
2026-07-25,Magicsur,Pokémon TCG: Scarlet & Violet: Temporal Forces - Elite Trainer Box - Walking Wake,41993
2026-07-25,Magicsur,Pokémon TCG: Scarlet & Violet: Twilight Masquerade - Elite Trainer Box,45592
2026-07-25,Magicsur,Pokémon TCG: Scarlet & Violet: Stellar Crown - Elite Trainer Box,46392
2026-07-25,Magicsur,Pokémon TCG: Mega Evolución - Phantasmal Flames - Elite Trainer Box,74990
2026-07-25,Magicsur,Pokémon TCG: Scarlet & Violet: Journey Together - Elite Trainer Box,59990
2026-07-25,Magicsur,Pokémon TCG: Scarlet & Violet: Surging Sparks - Elite Trainer Box,47992
2026-07-25,Magicsur,Pokémon TCG: Scarlet & Violet: Black Bolt - Elite Trainer Box,69990
2026-07-25,Magicsur,Pokémon TCG: Mega Evolution - Elite Trainer Box (Mega Gardevoir ex),72990
2026-07-25,Magicsur,Pokémon TCG: Mega Evolution - Elite Trainer Box (Mega Lucario ex),72990
2026-07-25,Magicsur,Pokémon TCG: Chaos Rising - Elite Trainer Box,69990
2026-07-25,MARKET_AVERAGE,Daily Average ETB Price,144703
2026-07-26,Charizstore,PITCH BLACK – ELITE TRAINER BOX – ESPAÑOL,67990
2026-07-26,Charizstore,PITCH BLACK – ELITE TRAINER BOX – INGLES,73990
2026-07-26,Charizstore,Mega Evolution Chaos Rising – Elite Trainer Box – Español,58990
2026-07-26,Charizstore,Mega Evolution – Perfect Order – Elite Trainer Box – Español,50000
2026-07-26,Charizstore,Mega Evolution – Perfect Order – Elite Trainer Box – Ingles,58000
2026-07-26,Charizstore,MEGA EVOLUTION – ASCENDED HEROES ELITE TRAINER BOX – ESPAÑOL,69990
2026-07-26,Charizstore,Temporal Forces – Elite Trainer Box – Español (V2),90000
2026-07-26,Charizstore,Mega Evolution Phantasmal Flames – Elite Trainer Box – Español,75000
2026-07-26,Charizstore,Temporal Forces – Elite Trainer Box – Español,90000
2026-07-26,Charizstore,White Flare – Elite Trainer Box – Español,62990
2026-07-26,Charizstore,Prismatic Evolutions – Elite Trainer Box – Español,100000
2026-07-26,Charizstore,Black Bolt – Elite Trainer Box – Español,62990
2026-07-26,Charizstore,Crown Zenith – Elite Trainer Box- Español,350000
2026-07-26,Charizstore,Twiligth Masquerade – Elite Trainer Box – Inglés,105000
2026-07-26,Charizstore,Shrouded Fable – Elite Trainer Box – Español,85000
2026-07-26,Charizstore,Shrouded Fable – Elite Trainer Box – Inglés,130000
2026-07-26,Charizstore,Scarlet & Violet Destined Rivals – Elite Trainer Box – Español,85000
2026-07-26,Charizstore,Twiligth Masquerade – Elite Trainer Box – Español,75000
2026-07-26,Charizstore,Journey Together – Elite Trainer Box – Español,60000
2026-07-26,Charizstore,Surging Sparks – Elite Trainer Box – Español,80000
2026-07-26,Charizstore,Surging Sparks – Elite Trainer Box – Inglés,145990
2026-07-26,Charizstore,Obsidian Flames – Elite Trainer Box – Español,149990
2026-07-26,Charizstore,Stellar Crown – Elite Trainer Box – Español,85000
2026-07-26,Charizstore,Stellar Crown – Elite Trainer Box – Inglés,155000
2026-07-26,Collector Center,Scarlet & Violet: Black Bolt- Elite Trainer Box - Español,54990
2026-07-26,Collector Center,Mega Evolution: Ascended Heroes - Elite Trainer Box - Español,59990
2026-07-26,Collector Center,Mega Evolution Pitch Black- Elite Trainer Box - Español,67990
2026-07-26,Collector Center,Mega Evolution Perfect Order - Elite Trainer Box - Ingles,56990
2026-07-26,Collector Center,Mega Evolution Chaos Rising - Elite Trainer Box - Español,59990
2026-07-26,Collector Center,Mega Evolution Phantasmal Flames - Elite Trainer Box - Español,49990
2026-07-26,Collector Center,Mega Evolution Pitch Black- Elite Trainer Box - Inglés,73990
2026-07-26,Collector Center,Mega Evolution Perfect Order - Elite Trainer Box - Español,49990
2026-07-26,Collector Center,Scarlet & Violet: White Flare - Elite Trainer Box - Español,54990
2026-07-26,Collector Center,Mega Evolution Chaos Rising - Elite Trainer Box - Ingles,71990
2026-07-26,Collector Center,Scarlet & Violet: Surging Sparks – Elite Trainer Box – Ingles,129990
2026-07-26,Collector Center,[PREVENTA 16/09/26] 30th Celebration - Elite Trainer Box - Inglés,199990
2026-07-26,Collector Center,Escarlata y Púrpura - Corona Astral – Elite Trainer Box – Español,49990
2026-07-26,Collector Center,Escarlata y Púrpura - Aventuras Compartidas – Elite Trainer Box – Español,54990
2026-07-26,MoiiJuegos,Pokémon mega evolution - pitch black elite trainer box (e...,63900
2026-07-26,MoiiJuegos,Pókemon mega evolution - chaos rising elite trainer box (...,62900
2026-07-26,MoiiJuegos,Pókemon mega evolution - perfect order elite trainer box ...,62900
2026-07-26,El Panteon,SET 3 X ELITE TRAINER BOX ESPAÑOL OFERTA PALDEA,169990
2026-07-26,El Panteon,SET 3 X ELITE TRAINER BOX ESPAÑOL OFERTA HEROES,159990
2026-07-26,El Panteon,SET 3 X ELITE TRAINER BOX ESPAÑOL OFERTA PRISMATICA,159990
2026-07-26,El Panteon,SET 3 X ELITE TRAINER BOX ESPAÑOL OFERTA OBSIDIANA,169990
2026-07-26,El Panteon,SET 3 X ELITE TRAINER BOX ESPAÑOL OFERTA DON LUCHO,139990
2026-07-26,El Panteon,SET 3 X ELITE TRAINER BOX ESPAÑOL OFERTA CRUZADA,129990
2026-07-26,El Panteon,SET 3 X ELITE TRAINER BOX ESPAÑOL OFERTA MUNDIALERA,129990
2026-07-26,El Panteon,SET 3 X ELITE TRAINER BOX ESPAÑOL OFERTA DE INVIERNO,129990
2026-07-26,El Panteon,Pitch Black – Elite Trainer Box ESPAÑOL,57990
2026-07-26,El Panteon,Pitch Black – Elite Trainer Box INGLES,69990
2026-07-26,El Panteon,Darkness Ablaze Elite Trainer Box – ESPAÑOL,149990
2026-07-26,El Panteon,Rebel Clash Elite Trainer Box – ESPAÑOL,359990
2026-07-26,El Panteon,Chaos Rising – Elite Trainer Box INGLES,60990
2026-07-26,El Panteon,Mega Evolution Perfect Order – Elite Trainer Box Español,47990
2026-07-26,El Panteon,Mega Evolution Perfect Order – Elite Trainer Box Ingles,58990
2026-07-26,El Panteon,SET 3 X ELITE TRAINER BOX ESPAÑOL OFERTA VERANIEGA,129990
2026-07-26,El Panteon,SET 3 X ELITE TRAINER BOX PHANTASMAL FLAMES ESPAÑOL OFERTA ENERO,129990
2026-07-26,El Panteon,Pokemon GO Elite Trainer Box – Pokemon GO Ingles,199990
2026-07-26,El Panteon,SET 3 X ELITE TRAINER BOX ESPAÑOL OFERTA ENERO,139990
2026-07-26,El Panteon,Ascended Heroes Collection – Elite Trainer Box Español,69990
2026-07-26,El Panteon,Shining Fates Elite Trainer Box INGLES,189990
2026-07-26,El Panteon,White Flare – Elite Trainer Box – Ingles,139990
2026-07-26,El Panteon,Mega Evolution Phantasmal Flames – Elite Trainer Box – Español,44990
2026-07-26,El Panteon,Mega Evolution Phantasmal Flames – Elite Trainer Box – Ingles,99990
2026-07-26,El Panteon,Paldea Evolved – Elite Trainer Box – Español,149990
2026-07-26,El Panteon,White Flare – Elite Trainer Box – Español,59990
2026-07-26,El Panteon,Prismatic Evolutions – Elite Trainer Box – Español,79990
2026-07-26,El Panteon,Prismatic Evolutions – Elite Trainer Box – Inglés,169990
2026-07-26,El Panteon,Black Bolt – Elite Trainer Box – Español,49990
2026-07-26,El Panteon,Black Bolt – Elite Trainer Box – Inglés,149990
2026-07-26,El Panteon,Paldean Fates – Elite Trainer Box – Ingles,599999
2026-07-26,El Panteon,Twilight Masquerade – Elite Trainer Box – Inglés,109990
2026-07-26,El Panteon,Journey Together – Elite Trainer Box – Español,44990
2026-07-26,El Panteon,Surging Sparks – Elite Trainer Box – Inglés,99990
2026-07-26,El Panteon,Obsidian Flames – Elite Trainer Box – Español,199990
2026-07-26,El Panteon,Stellar Crown – Elite Trainer Box – Español,59990
2026-07-26,AFK Store,Elite Trainer Box 151,550000
2026-07-26,AFK Store,Elite Trainer Box Paldea Fates,450000
2026-07-26,AFK Store,Elite Trainer Box Pokemon Team Up,1500000
2026-07-26,AFK Store,Elite Trainer Box Perfect Order,60000
2026-07-26,AFK Store,Elite Trainer Box Black Bolt y White Flare,64990
2026-07-26,AFK Store,Elite Trainer Box Rebel Clash,300000
2026-07-26,AFK Store,ELITE TRAINER BOX DESTINED RIVALS,69990
2026-07-26,AFK Store,Phantasmal Flames Elite Trainer Box,150000
2026-07-26,AFK Store,Unbroken Bonds Elite Trainer Box - SM - Unbroken Bonds (SM10),1000000
2026-07-26,AFK Store,Elite Trainer Box Journey Together,54990
2026-07-26,AFK Store,Ultra Prism Elite Trainer Box [Dusk Mane Necrozma],700000
2026-07-26,AFK Store,Ultra Prism Elite Trainer Box [Dawn Wings Necrozma],800000
2026-07-26,AFK Store,Elite Trainer Box Pitch Black Elite,67990
2026-07-26,AFK Store,Elite Trainer Box Pokemon Go,90000
2026-07-26,AFK Store,Elite Trainer Box Evolving Skies (Flareon),600000
2026-07-26,AFK Store,Elite Trainer Box Mega Evolution,64990
2026-07-26,AFK Store,Elite Trainer Box Hidden Fates,550000
2026-07-26,AFK Store,Elite Trainer Box Celebrations,200000
2026-07-26,AFK Store,Cosmic Eclipse Elite Trainer Box,1600000
2026-07-26,AFK Store,Elite Trainer Box Astral Radiance,90000
2026-07-26,AFK Store,Elite Trainer Box Pokemon Guardians Rising,400000
2026-07-26,AFK Store,Elite Trainer Box Fusion Strike,180000
2026-07-26,AFK Store,Elite Trainer Box Evolving Skies (Sylveon),350000
2026-07-26,AFK Store,Elite Trainer Box Pokemon Battle Styles,90000
2026-07-26,AFK Store,Elite Trainer Box Brillant Stars,130000
2026-07-26,AFK Store,Elite Trainer Box Crimson Invasion,150000
2026-07-26,AFK Store,Elite Trainer Box Crown Zenith,200000
2026-07-26,AFK Store,Elite Trainer Box Champion's Path,170000
2026-07-26,AFK Store,Elite Trainer Box Stellar Crown,49900
2026-07-26,AFK Store,Elite Trainer Box Vivid Voltage,100000
2026-07-26,AFK Store,ELITE TRAINER BOX ASCENDED HEROES,150000
2026-07-26,AFK Store,Elite Trainer Box Plus: Zamazenta Pokemon Sword & Shield,140000
2026-07-26,AFK Store,Elite Trainer Box Silver Tempest,100000
2026-07-26,AFK Store,Elite Trainer Box Shinning Fates,140000
2026-07-26,AFK Store,Elite Trainer Box Surging Sparks,69990
2026-07-26,AFK Store,Elite Trainer Box Scarlet And Violet,59990
2026-07-26,AFK Store,Elite Trainer Box Paldea,44990
2026-07-26,AFK Store,Elite Trainer Box Paradox Rift Futuro,42990
2026-07-26,AFK Store,Elite Trainer Box Plus: Zacian Pokemon Sword & Shield,140000
2026-07-26,AFK Store,Elite Trainer Box Obsidian Flames,100000
2026-07-26,AFK Store,Elite Trainer Box Twilight Masquerade,59990
2026-07-26,AFK Store,Elite Trainer Box Shrouded Fable,49990
2026-07-26,AFK Store,Elite Trainer Box Paradox Rift Pasado,42990
2026-07-26,AFK Store,Elite Trainer Box Sword And Shield (Pequeño orificio plastico),40000
2026-07-26,AFK Store,PRISMATIC EVOLUTIONS ELITE TRAINER BOX,69990
2026-07-26,AFK Store,Elite Trainer Box Darkness Ablaze (Plastico levemente Roto),40000
2026-07-26,AFK Store,Elite Trainer Box Temporal Forces,79990
2026-07-26,Piedra Bruja,Mega Evolution Phantasmal Flames Elite Trainer Box ESP,61990
2026-07-26,Piedra Bruja,Mega Evolution Pitch Black Elite Trainer Box ING,79990
2026-07-26,Piedra Bruja,Mega Evolution Chaos Rising Elite Trainer Box ESP,65990
2026-07-26,Piedra Bruja,Scarlet & Violet Destined Rivals Elite Trainer Box,74990
2026-07-26,Piedra Bruja,Mega Evolution Pitch Black Elite Trainer Box ESP,72990
2026-07-26,Piedra Bruja,Mega Evolution Perfect Order Elite Trainer Box ING,69990
2026-07-26,Piedra Bruja,Mega Evolution Perfect Order Elite Trainer Box ESP,69990
2026-07-26,Piedra Bruja,Temporal Forces Iron Leaves - Elite Trainer Box ESP,65990
2026-07-26,Piedra Bruja,Scarlet & Violet Journey Together Elite Trainer Box Español,71990
2026-07-26,Piedra Bruja,Scarlet & Violet White Flare Elite Trainer Box,69990
2026-07-26,Piedra Bruja,Mega Evolution Elite Trainer Box,67990
2026-07-26,Piedra Bruja,Pokemon TCG 30th Celebration - Elite Trainer Box ESP,79990
2026-07-26,Piedra Bruja,Scarlet & Violet Black Bolt Elite Trainer Box,69990
2026-07-26,Piedra Bruja,Temporal Forces Walking Wake - Elite Trainer Box ESP,65990
2026-07-26,Piedra Bruja,Mega Evolution Ascended Heroes Elite Trainer Box,67990
2026-07-26,Piedra Bruja,Mega Evolution Chaos Rising Elite Trainer Box ING,69990
2026-07-26,Piedra Bruja,Mega Evolution Ascended Heroes Elite Trainer Box ESP,67990
2026-07-26,Piedra Bruja,Scarlet & Violet Prismatic Evolutions Elite Trainer Box,89990
2026-07-26,Piedra Bruja,Scarlet & Violet Prismatic Evolutions Elite Trainer Box Español,84990
2026-07-26,Piedra Bruja,Mega Evolution Phantasmal Flames Elite Trainer Box,67990
2026-07-26,Piedra Bruja,Pokemon TCG 30th Celebration - Elite Trainer Box ING,79990
2026-07-26,Magicsur,Pokémon TCG: Silver Tempest Elite Trainer Box - Inglés y Español,49990
2026-07-26,Magicsur,Pokémon TCG: Scarlet & Violet: Obsidian Flames - Elite Trainer Box,51990
2026-07-26,Magicsur,Pokémon TCG: Scarlet & Violet: Temporal Forces - Elite Trainer Box - Iron Leaves,41993
2026-07-26,Magicsur,Pokémon TCG: Scarlet & Violet: Temporal Forces - Elite Trainer Box - Walking Wake,41993
2026-07-26,Magicsur,Pokémon TCG: Scarlet & Violet: Twilight Masquerade - Elite Trainer Box,45592
2026-07-26,Magicsur,Pokémon TCG: Scarlet & Violet: Stellar Crown - Elite Trainer Box,46392
2026-07-26,Magicsur,Pokémon TCG: Mega Evolución - Phantasmal Flames - Elite Trainer Box,74990
2026-07-26,Magicsur,Pokémon TCG: Scarlet & Violet: Journey Together - Elite Trainer Box,59990
2026-07-26,Magicsur,Pokémon TCG: Scarlet & Violet: Surging Sparks - Elite Trainer Box,47992
2026-07-26,Magicsur,Pokémon TCG: Scarlet & Violet: Black Bolt - Elite Trainer Box,69990
2026-07-26,Magicsur,Pokémon TCG: Mega Evolution - Elite Trainer Box (Mega Gardevoir ex),72990
2026-07-26,Magicsur,Pokémon TCG: Mega Evolution - Elite Trainer Box (Mega Lucario ex),72990
2026-07-26,Magicsur,Pokémon TCG: Chaos Rising - Elite Trainer Box,69990
2026-07-26,MARKET_AVERAGE,Daily Average ETB Price,145092
2026-07-27,Mercado Libre,Elite Trainer Box Pokémon Ascended Heroe con Zekrom de N Español,72019
2026-07-27,Mercado Libre,Pokemon Tcg: Mega Evolution Perfect Order - Elite Trainer Box Mega Zygarde En Ingles,65540
2026-07-27,Mercado Libre,Pokemon Tcg Equilibrio Perfecto Elite Trainer Box Orden Perfecto Elite Trainer Box Español,57415
2026-07-27,Mercado Libre,Pokemon Tcg Elite Trainer Box Prismatic Evolutions Español Eevee,87291
2026-07-27,Mercado Libre,Juego de Cartas Pokémon TCG Elite Trainer Box Llama Blanca en Español,66386
2026-07-27,Mercado Libre,Pokemon Tcg Surging Sparks Elite Trainer Box Ingles,139900
2026-07-27,Mercado Libre,Pókemon Mascarada Crepuscular Elite Trainer Box Español,59990
2026-07-27,Mercado Libre,Pokémon TCG Phantasmal Flames Elite Trainer Box con Charizard X Ingles,179000
2026-07-27,Mercado Libre,Pokémon Tcg Elite Trainer Box Pokemon Go Inglés,471834
2026-07-27,Mercado Libre,Pokemon Tcg Tinieblas Umbrias - Elite Trainer Box - Español,76351
2026-07-27,Mercado Libre,Cartas Pokemon Elite Trainer Box Phantasmal Flames Español,69990
2026-07-27,Mercado Libre,Pokemon Tcg: Me Ascended Heroes - Elite Trainer Box En Ingl Mega Evolution Ascended Heroes Inglés,170000
2026-07-27,Mercado Libre,Pokemon Elite Trainer Box Phantasmal Flames Español,69990
2026-07-27,Mercado Libre,Pokémon Tcg: Pitch Black Elite Trainer Box Inglés,84990
2026-07-27,Mercado Libre,Cartas Pokémon Tcg Ascended Heroes Elite Trainer Box Español,74990
2026-07-27,Mercado Libre,Mega Evolution Chaos Rising - Elite Trainer Box - Inglés,89990
2026-07-27,Mercado Libre,Pokémon Chaos Rising Etb Español Elite Trainer Box,69990
2026-07-27,Mercado Libre,Perfect Order - Elite Trainer Box Inglés,57608
2026-07-27,Mercado Libre,Pokémon Tcg : Prismatic Evolutions Elite Trainer Box Idioma Inglés,249990
2026-07-27,Mercado Libre,Cartas Pokémon Tcg Perfect Order Elite Trainer Box Español,63990
2026-07-27,Mercado Libre,Pokémon Perfect Order Etb Inglés Elite Trainer Box,68980
2026-07-27,Mercado Libre,Pokémon Tcg Ascended Heroes Elite Trainer Box En Español,74990
2026-07-27,Mercado Libre,Pokémon Tcg Perfect Order Elite Trainer Box En Español,57990
2026-07-27,Mercado Libre,Pokémon Perfect Order Etb Español Elite Trainer Box,65990
2026-07-27,Mercado Libre,Pokémon Pitch Black Etb Español Elite Trainer Box,74990
2026-07-27,Mercado Libre,Mega Evolution Chaos Rising - Pokémon Elite Trainer Box,69990
2026-07-27,Mercado Libre,Pokemon Tcg Elite Trainer Box S&v Stellar Crown Ingles M4e,199990
2026-07-27,Mercado Libre,Pokemon Tcg Elite Trainer Box Prismatic Evolutions Español,88073
2026-07-27,Mercado Libre,Pokemon Scarlet&Violet Shrouded Fable Elite Trainer Box Idioma Ingles,149000
2026-07-27,Mercado Libre,Pokemon Tcg: Black Bolt - Elite Trainer Box En Ingles Polemon Black Bolt Eltb Inglés,159000
2026-07-27,Mercado Libre,Pokemon Tcg Elite Trainer Box - Twilight Masquerade Idioma Ingles Teal Mask Ogerpon,119000
2026-07-27,Mercado Libre,Pokemon Equilibrio Perfecto - Elite Trainer Box- Español,80990
2026-07-27,Mercado Libre,Cartas Pokemon Tcg Perfect Order Elite Trainer Box Inglés,69990
2026-07-27,Mercado Libre,Pokémon Pitch Black Etb Inglés Elite Trainer Box,84990
2026-07-27,Mercado Libre,Pokemon Perfect Orden - Elite Trainer Box- Ingles,80990
2026-07-27,Mercado Libre,Cartas Pokemon Tcg Elite Trainer Box White Flare Español,71990
2026-07-27,Mercado Libre,Juego De Cartas Tcg Scarlet & Violet 151 Elite Trainer Box Pokémon,695000
2026-07-27,Mercado Libre,Pokémon Surging Sparks Elite Trainer Box Ingles Pikachu,139990
2026-07-27,Mercado Libre,Pokemon Aventuras Compartidas Elite Trainer Box - Español,72750
2026-07-27,Mercado Libre,Pokemon Tcg Elite Trainer Box Mega Evolution Chaos Rising Caos Creciente Español,68900
2026-07-27,Mercado Libre,"Pokémon, Elite Trainer Box Equilibrio Perfecto (español)",85990
2026-07-27,Charizstore,PITCH BLACK – ELITE TRAINER BOX – ESPAÑOL,67990
2026-07-27,Charizstore,PITCH BLACK – ELITE TRAINER BOX – INGLES,72990
2026-07-27,Charizstore,Mega Evolution Chaos Rising – Elite Trainer Box – Español,58990
2026-07-27,Charizstore,Mega Evolution – Perfect Order – Elite Trainer Box – Español,50000
2026-07-27,Charizstore,Mega Evolution – Perfect Order – Elite Trainer Box – Ingles,58000
2026-07-27,Charizstore,MEGA EVOLUTION – ASCENDED HEROES ELITE TRAINER BOX – ESPAÑOL,69990
2026-07-27,Charizstore,MEGA EVOLUTION – ASCENDED HEROES ELITE TRAINER BOX – INGLÉS,170000
2026-07-27,Charizstore,Temporal Forces – Elite Trainer Box – Español (V2),90000
2026-07-27,Charizstore,Mega Evolution Phantasmal Flames – Elite Trainer Box – Español,75000
2026-07-27,Charizstore,Temporal Forces – Elite Trainer Box – Español,90000
2026-07-27,Charizstore,White Flare – Elite Trainer Box – Español,62990
2026-07-27,Charizstore,Prismatic Evolutions – Elite Trainer Box – Español,100000
2026-07-27,Charizstore,Black Bolt – Elite Trainer Box – Español,62990
2026-07-27,Charizstore,Crown Zenith – Elite Trainer Box- Español,350000
2026-07-27,Charizstore,Twiligth Masquerade – Elite Trainer Box – Inglés,105000
2026-07-27,Charizstore,Shrouded Fable – Elite Trainer Box – Español,85000
2026-07-27,Charizstore,Shrouded Fable – Elite Trainer Box – Inglés,130000
2026-07-27,Charizstore,Scarlet & Violet Destined Rivals – Elite Trainer Box – Español,85000
2026-07-27,Charizstore,Twiligth Masquerade – Elite Trainer Box – Español,75000
2026-07-27,Charizstore,Journey Together – Elite Trainer Box – Español,60000
2026-07-27,Charizstore,Surging Sparks – Elite Trainer Box – Español,80000
2026-07-27,Charizstore,Surging Sparks – Elite Trainer Box – Inglés,145990
2026-07-27,Charizstore,Obsidian Flames – Elite Trainer Box – Español,149990
2026-07-27,Charizstore,Stellar Crown – Elite Trainer Box – Español,85000
2026-07-27,Charizstore,Stellar Crown – Elite Trainer Box – Inglés,155000
2026-07-27,Collector Center,Scarlet & Violet: Black Bolt- Elite Trainer Box - Español,54990
2026-07-27,Collector Center,Mega Evolution: Ascended Heroes - Elite Trainer Box - Español,59990
2026-07-27,Collector Center,Mega Evolution Pitch Black- Elite Trainer Box - Español,67990
2026-07-27,Collector Center,Mega Evolution Perfect Order - Elite Trainer Box - Ingles,56990
2026-07-27,Collector Center,Mega Evolution Chaos Rising - Elite Trainer Box - Español,59990
2026-07-27,Collector Center,Mega Evolution Phantasmal Flames - Elite Trainer Box - Español,49990
2026-07-27,Collector Center,Mega Evolution Pitch Black- Elite Trainer Box - Inglés,73990
2026-07-27,Collector Center,Mega Evolution Perfect Order - Elite Trainer Box - Español,49990
2026-07-27,Collector Center,Scarlet & Violet: White Flare - Elite Trainer Box - Español,54990
2026-07-27,Collector Center,Mega Evolution Chaos Rising - Elite Trainer Box - Ingles,71990
2026-07-27,Collector Center,Scarlet & Violet: Surging Sparks – Elite Trainer Box – Ingles,129990
2026-07-27,Collector Center,[PREVENTA 16/09/26] 30th Celebration - Elite Trainer Box - Inglés,199990
2026-07-27,Collector Center,Escarlata y Púrpura - Corona Astral – Elite Trainer Box – Español,49990
2026-07-27,Collector Center,Escarlata y Púrpura - Aventuras Compartidas – Elite Trainer Box – Español,54990
2026-07-27,MoiiJuegos,Pokémon mega evolution - pitch black elite trainer box (e...,63900
2026-07-27,MoiiJuegos,Pókemon mega evolution - chaos rising elite trainer box (...,62900
2026-07-27,MoiiJuegos,Pókemon mega evolution - perfect order elite trainer box ...,62900
2026-07-27,El Panteon,SET 3 X ELITE TRAINER BOX ESPAÑOL OFERTA PALDEA,169990
2026-07-27,El Panteon,SET 3 X ELITE TRAINER BOX ESPAÑOL OFERTA HEROES,159990
2026-07-27,El Panteon,SET 3 X ELITE TRAINER BOX ESPAÑOL OFERTA PRISMATICA,159990
2026-07-27,El Panteon,SET 3 X ELITE TRAINER BOX ESPAÑOL OFERTA OBSIDIANA,169990
2026-07-27,El Panteon,SET 3 X ELITE TRAINER BOX ESPAÑOL OFERTA DON LUCHO,139990
2026-07-27,El Panteon,SET 3 X ELITE TRAINER BOX ESPAÑOL OFERTA CRUZADA,129990
2026-07-27,El Panteon,SET 3 X ELITE TRAINER BOX ESPAÑOL OFERTA MUNDIALERA,129990
2026-07-27,El Panteon,SET 3 X ELITE TRAINER BOX ESPAÑOL OFERTA DE INVIERNO,129990
2026-07-27,El Panteon,Pitch Black – Elite Trainer Box ESPAÑOL,57990
2026-07-27,El Panteon,Pitch Black – Elite Trainer Box INGLES,69990
2026-07-27,El Panteon,Darkness Ablaze Elite Trainer Box – ESPAÑOL,149990
2026-07-27,El Panteon,Rebel Clash Elite Trainer Box – ESPAÑOL,359990
2026-07-27,El Panteon,Chaos Rising – Elite Trainer Box INGLES,60990
2026-07-27,El Panteon,Mega Evolution Perfect Order – Elite Trainer Box Español,47990
2026-07-27,El Panteon,Mega Evolution Perfect Order – Elite Trainer Box Ingles,58990
2026-07-27,El Panteon,SET 3 X ELITE TRAINER BOX ESPAÑOL OFERTA VERANIEGA,129990
2026-07-27,El Panteon,SET 3 X ELITE TRAINER BOX PHANTASMAL FLAMES ESPAÑOL OFERTA ENERO,129990
2026-07-27,El Panteon,Pokemon GO Elite Trainer Box – Pokemon GO Ingles,199990
2026-07-27,El Panteon,SET 3 X ELITE TRAINER BOX ESPAÑOL OFERTA ENERO,139990
2026-07-27,El Panteon,Ascended Heroes Collection – Elite Trainer Box Español,69990
2026-07-27,El Panteon,Shining Fates Elite Trainer Box INGLES,189990
2026-07-27,El Panteon,White Flare – Elite Trainer Box – Ingles,139990
2026-07-27,El Panteon,Mega Evolution Phantasmal Flames – Elite Trainer Box – Español,44990
2026-07-27,El Panteon,Mega Evolution Phantasmal Flames – Elite Trainer Box – Ingles,99990
2026-07-27,El Panteon,Paldea Evolved – Elite Trainer Box – Español,149990
2026-07-27,El Panteon,White Flare – Elite Trainer Box – Español,59990
2026-07-27,El Panteon,Prismatic Evolutions – Elite Trainer Box – Español,79990
2026-07-27,El Panteon,Prismatic Evolutions – Elite Trainer Box – Inglés,169990
2026-07-27,El Panteon,Black Bolt – Elite Trainer Box – Español,49990
2026-07-27,El Panteon,Black Bolt – Elite Trainer Box – Inglés,149990
2026-07-27,El Panteon,Paldean Fates – Elite Trainer Box – Ingles,599999
2026-07-27,El Panteon,Twilight Masquerade – Elite Trainer Box – Inglés,109990
2026-07-27,El Panteon,Journey Together – Elite Trainer Box – Español,44990
2026-07-27,El Panteon,Surging Sparks – Elite Trainer Box – Inglés,99990
2026-07-27,El Panteon,Obsidian Flames – Elite Trainer Box – Español,199990
2026-07-27,El Panteon,Stellar Crown – Elite Trainer Box – Español,59990
2026-07-27,AFK Store,Elite Trainer Box 151,550000
2026-07-27,AFK Store,Elite Trainer Box Paldea Fates,450000
2026-07-27,AFK Store,Elite Trainer Box Pokemon Team Up,1500000
2026-07-27,AFK Store,Elite Trainer Box Perfect Order,60000
2026-07-27,AFK Store,Elite Trainer Box Black Bolt y White Flare,64990
2026-07-27,AFK Store,Elite Trainer Box Rebel Clash,300000
2026-07-27,AFK Store,ELITE TRAINER BOX DESTINED RIVALS,69990
2026-07-27,AFK Store,Phantasmal Flames Elite Trainer Box,150000
2026-07-27,AFK Store,Elite Trainer Box Journey Together,54990
2026-07-27,AFK Store,Unbroken Bonds Elite Trainer Box - SM - Unbroken Bonds (SM10),1000000
2026-07-27,AFK Store,Ultra Prism Elite Trainer Box [Dusk Mane Necrozma],700000
2026-07-27,AFK Store,Ultra Prism Elite Trainer Box [Dawn Wings Necrozma],800000
2026-07-27,AFK Store,Elite Trainer Box Pitch Black Elite,67990
2026-07-27,AFK Store,Elite Trainer Box Pokemon Go,90000
2026-07-27,AFK Store,Elite Trainer Box Mega Evolution,64990
2026-07-27,AFK Store,Elite Trainer Box Evolving Skies (Flareon),600000
2026-07-27,AFK Store,Elite Trainer Box Fusion Strike,180000
2026-07-27,AFK Store,Elite Trainer Box Pokemon Battle Styles,90000
2026-07-27,AFK Store,Elite Trainer Box Hidden Fates,550000
2026-07-27,AFK Store,Elite Trainer Box Celebrations,200000
2026-07-27,AFK Store,Cosmic Eclipse Elite Trainer Box,1600000
2026-07-27,AFK Store,Elite Trainer Box Astral Radiance,90000
2026-07-27,AFK Store,Elite Trainer Box Pokemon Guardians Rising,400000
2026-07-27,AFK Store,Elite Trainer Box Evolving Skies (Sylveon),350000
2026-07-27,AFK Store,Elite Trainer Box Crimson Invasion,150000
2026-07-27,AFK Store,Elite Trainer Box Brillant Stars,130000
2026-07-27,AFK Store,Elite Trainer Box Crown Zenith,200000
2026-07-27,AFK Store,Elite Trainer Box Champion's Path,170000
2026-07-27,AFK Store,Elite Trainer Box Vivid Voltage,100000
2026-07-27,AFK Store,Elite Trainer Box Stellar Crown,49900
2026-07-27,AFK Store,Elite Trainer Box Shinning Fates,140000
2026-07-27,AFK Store,Elite Trainer Box Plus: Zamazenta Pokemon Sword & Shield,140000
2026-07-27,AFK Store,Elite Trainer Box Silver Tempest,100000
2026-07-27,AFK Store,Elite Trainer Box Surging Sparks,69990
2026-07-27,AFK Store,ELITE TRAINER BOX ASCENDED HEROES,150000
2026-07-27,AFK Store,Elite Trainer Box Lost Origin,130000
2026-07-27,AFK Store,Elite Trainer Box Paradox Rift Futuro,42990
2026-07-27,AFK Store,Elite Trainer Box Scarlet And Violet,59990
2026-07-27,AFK Store,Elite Trainer Box Paldea,44990
2026-07-27,AFK Store,Elite Trainer Box Plus: Zacian Pokemon Sword & Shield,140000
2026-07-27,AFK Store,Elite Trainer Box Obsidian Flames,100000
2026-07-27,AFK Store,Elite Trainer Box Shrouded Fable,49990
2026-07-27,AFK Store,Elite Trainer Box Twilight Masquerade,59990
2026-07-27,AFK Store,Elite Trainer Box Paradox Rift Pasado,42990
2026-07-27,AFK Store,Elite Trainer Box Sword And Shield (Pequeño orificio plastico),40000
2026-07-27,AFK Store,Elite Trainer Box Temporal Forces,79990
2026-07-27,AFK Store,PRISMATIC EVOLUTIONS ELITE TRAINER BOX,69990
2026-07-27,AFK Store,Elite Trainer Box Darkness Ablaze (Plastico levemente Roto),40000
2026-07-27,Piedra Bruja,Mega Evolution Perfect Order Elite Trainer Box ING,69990
2026-07-27,Piedra Bruja,Mega Evolution Phantasmal Flames Elite Trainer Box ESP,61990
2026-07-27,Piedra Bruja,Mega Evolution Pitch Black Elite Trainer Box ING,79990
2026-07-27,Piedra Bruja,Mega Evolution Chaos Rising Elite Trainer Box ESP,65990
2026-07-27,Piedra Bruja,Scarlet & Violet Destined Rivals Elite Trainer Box,74990
2026-07-27,Piedra Bruja,Mega Evolution Pitch Black Elite Trainer Box ESP,72990
2026-07-27,Piedra Bruja,Mega Evolution Perfect Order Elite Trainer Box ESP,69990
2026-07-27,Piedra Bruja,Temporal Forces Iron Leaves - Elite Trainer Box ESP,65990
2026-07-27,Piedra Bruja,Scarlet & Violet Journey Together Elite Trainer Box Español,71990
2026-07-27,Piedra Bruja,Scarlet & Violet White Flare Elite Trainer Box,69990
2026-07-27,Piedra Bruja,Mega Evolution Elite Trainer Box,67990
2026-07-27,Piedra Bruja,Pokemon TCG 30th Celebration - Elite Trainer Box ESP,79990
2026-07-27,Piedra Bruja,Temporal Forces Walking Wake - Elite Trainer Box ESP,65990
2026-07-27,Piedra Bruja,Scarlet & Violet Black Bolt Elite Trainer Box,69990
2026-07-27,Piedra Bruja,Mega Evolution Ascended Heroes Elite Trainer Box,67990
2026-07-27,Piedra Bruja,Mega Evolution Chaos Rising Elite Trainer Box ING,69990
2026-07-27,Piedra Bruja,Mega Evolution Ascended Heroes Elite Trainer Box ESP,67990
2026-07-27,Piedra Bruja,Scarlet & Violet Prismatic Evolutions Elite Trainer Box,89990
2026-07-27,Piedra Bruja,Scarlet & Violet Prismatic Evolutions Elite Trainer Box Español,84990
2026-07-27,Piedra Bruja,Mega Evolution Phantasmal Flames Elite Trainer Box,67990
2026-07-27,Piedra Bruja,Pokemon TCG 30th Celebration - Elite Trainer Box ING,79990
2026-07-27,Magicsur,Pokémon TCG: Silver Tempest Elite Trainer Box - Inglés y Español,49990
2026-07-27,Magicsur,Pokémon TCG: Scarlet & Violet: Obsidian Flames - Elite Trainer Box,51990
2026-07-27,Magicsur,Pokémon TCG: Scarlet & Violet: Temporal Forces - Elite Trainer Box - Iron Leaves,41993
2026-07-27,Magicsur,Pokémon TCG: Scarlet & Violet: Temporal Forces - Elite Trainer Box - Walking Wake,41993
2026-07-27,Magicsur,Pokémon TCG: Scarlet & Violet: Twilight Masquerade - Elite Trainer Box,45592
2026-07-27,Magicsur,Pokémon TCG: Scarlet & Violet: Stellar Crown - Elite Trainer Box,46392
2026-07-27,Magicsur,Pokémon TCG: Mega Evolución - Phantasmal Flames - Elite Trainer Box,74990
2026-07-27,Magicsur,Pokémon TCG: Scarlet & Violet: Journey Together - Elite Trainer Box,59990
2026-07-27,Magicsur,Pokémon TCG: Scarlet & Violet: Surging Sparks - Elite Trainer Box,47992
2026-07-27,Magicsur,Pokémon TCG: Scarlet & Violet: Black Bolt - Elite Trainer Box,69990
2026-07-27,Magicsur,Pokémon TCG: Mega Evolution - Elite Trainer Box (Mega Gardevoir ex),72990
2026-07-27,Magicsur,Pokémon TCG: Mega Evolution - Elite Trainer Box (Mega Lucario ex),72990
2026-07-27,Magicsur,Pokémon TCG: Chaos Rising - Elite Trainer Box,69990
2026-07-27,MARKET_AVERAGE,Daily Average ETB Price,139703
2026-07-28,Collector Center,Scarlet & Violet: Black Bolt- Elite Trainer Box - Español,54990
2026-07-28,Collector Center,Mega Evolution: Ascended Heroes - Elite Trainer Box - Español,59990
2026-07-28,Collector Center,Mega Evolution Pitch Black- Elite Trainer Box - Inglés,73990
2026-07-28,Collector Center,Mega Evolution Pitch Black- Elite Trainer Box - Español,67990
2026-07-28,Collector Center,Mega Evolution Perfect Order - Elite Trainer Box - Ingles,56990
2026-07-28,Collector Center,Mega Evolution Phantasmal Flames - Elite Trainer Box - Español,49990
2026-07-28,Collector Center,Mega Evolution Perfect Order - Elite Trainer Box - Español,49990
2026-07-28,Collector Center,Scarlet & Violet: White Flare - Elite Trainer Box - Español,54990
2026-07-28,Collector Center,Mega Evolution Chaos Rising - Elite Trainer Box - Ingles,71990
2026-07-28,Collector Center,Scarlet & Violet: Surging Sparks – Elite Trainer Box – Ingles,129990
2026-07-28,Collector Center,Mega Evolution Chaos Rising - Elite Trainer Box - Español,59990
2026-07-28,Collector Center,[PREVENTA 16/09/26] 30th Celebration - Elite Trainer Box - Inglés,199990
2026-07-28,Collector Center,Escarlata y Púrpura - Corona Astral – Elite Trainer Box – Español,49990
2026-07-28,Collector Center,Escarlata y Púrpura - Aventuras Compartidas – Elite Trainer Box – Español,54990
2026-07-28,MoiiJuegos,Pokémon mega evolution - pitch black elite trainer box (e...,63900
2026-07-28,MoiiJuegos,Pókemon mega evolution - chaos rising elite trainer box (...,62900
2026-07-28,MoiiJuegos,Pókemon mega evolution - perfect order elite trainer box ...,62900
2026-07-28,AFK Store,Elite Trainer Box 151,550000
2026-07-28,AFK Store,Elite Trainer Box Paldea Fates,450000
2026-07-28,AFK Store,Elite Trainer Box Pokemon Team Up,1500000
2026-07-28,AFK Store,Elite Trainer Box Perfect Order,60000
2026-07-28,AFK Store,Elite Trainer Box Black Bolt y White Flare,64990
2026-07-28,AFK Store,Elite Trainer Box Rebel Clash,300000
2026-07-28,AFK Store,ELITE TRAINER BOX DESTINED RIVALS,69990
2026-07-28,AFK Store,Elite Trainer Box Journey Together,54990
2026-07-28,AFK Store,Ultra Prism Elite Trainer Box [Dawn Wings Necrozma],800000
2026-07-28,AFK Store,Unbroken Bonds Elite Trainer Box - SM - Unbroken Bonds (SM10),1000000
2026-07-28,AFK Store,Ultra Prism Elite Trainer Box [Dusk Mane Necrozma],700000
2026-07-28,AFK Store,Elite Trainer Box Pitch Black Elite,67990
2026-07-28,AFK Store,Elite Trainer Box Pokemon Go,90000
2026-07-28,AFK Store,Elite Trainer Box Mega Evolution,64990
2026-07-28,AFK Store,Elite Trainer Box Evolving Skies (Flareon),600000
2026-07-28,AFK Store,Elite Trainer Box Fusion Strike,180000
2026-07-28,AFK Store,Elite Trainer Box Hidden Fates,550000
2026-07-28,AFK Store,Elite Trainer Box Celebrations,200000
2026-07-28,AFK Store,Elite Trainer Box Crimson Invasion,150000
2026-07-28,AFK Store,Cosmic Eclipse Elite Trainer Box,1600000
2026-07-28,AFK Store,Elite Trainer Box Astral Radiance,90000
2026-07-28,AFK Store,Elite Trainer Box Pokemon Guardians Rising,400000
2026-07-28,AFK Store,Elite Trainer Box Evolving Skies (Sylveon),350000
2026-07-28,AFK Store,Elite Trainer Box Pokemon Battle Styles,90000
2026-07-28,AFK Store,Elite Trainer Box Brillant Stars,130000
2026-07-28,AFK Store,Elite Trainer Box Crown Zenith,200000
2026-07-28,AFK Store,Elite Trainer Box Champion's Path,170000
2026-07-28,AFK Store,Elite Trainer Box Vivid Voltage,100000
2026-07-28,AFK Store,Elite Trainer Box Stellar Crown,49900
2026-07-28,AFK Store,Elite Trainer Box Shinning Fates,140000
2026-07-28,AFK Store,Elite Trainer Box Silver Tempest,100000
2026-07-28,AFK Store,Elite Trainer Box Surging Sparks,69990
2026-07-28,AFK Store,Elite Trainer Box Lost Origin,130000
2026-07-28,AFK Store,ELITE TRAINER BOX ASCENDED HEROES,150000
2026-07-28,AFK Store,Elite Trainer Box Plus: Zamazenta Pokemon Sword & Shield,140000
2026-07-28,AFK Store,Elite Trainer Box Paradox Rift Futuro,42990
2026-07-28,AFK Store,Elite Trainer Box Scarlet And Violet,59990
2026-07-28,AFK Store,Elite Trainer Box Obsidian Flames,100000
2026-07-28,AFK Store,Elite Trainer Box Plus: Zacian Pokemon Sword & Shield,140000
2026-07-28,AFK Store,Elite Trainer Box Shrouded Fable,49990
2026-07-28,AFK Store,Elite Trainer Box Twilight Masquerade,59990
2026-07-28,AFK Store,Elite Trainer Box Paradox Rift Pasado,42990
2026-07-28,AFK Store,Elite Trainer Box Paldea,44990
2026-07-28,AFK Store,Elite Trainer Box Sword And Shield (Pequeño orificio plastico),40000
2026-07-28,AFK Store,Elite Trainer Box Temporal Forces,79990
2026-07-28,AFK Store,PRISMATIC EVOLUTIONS ELITE TRAINER BOX,69990
2026-07-28,AFK Store,Elite Trainer Box Darkness Ablaze (Plastico levemente Roto),40000
2026-07-28,Piedra Bruja,Mega Evolution Pitch Black Elite Trainer Box ING,79990
2026-07-28,Piedra Bruja,Mega Evolution Perfect Order Elite Trainer Box ING,69990
2026-07-28,Piedra Bruja,Mega Evolution Phantasmal Flames Elite Trainer Box ESP,61990
2026-07-28,Piedra Bruja,Mega Evolution Chaos Rising Elite Trainer Box ESP,65990
2026-07-28,Piedra Bruja,Scarlet & Violet Destined Rivals Elite Trainer Box,74990
2026-07-28,Piedra Bruja,Mega Evolution Pitch Black Elite Trainer Box ESP,72990
2026-07-28,Piedra Bruja,Mega Evolution Perfect Order Elite Trainer Box ESP,69990
2026-07-28,Piedra Bruja,Temporal Forces Iron Leaves - Elite Trainer Box ESP,65990
2026-07-28,Piedra Bruja,Scarlet & Violet Journey Together Elite Trainer Box Español,71990
2026-07-28,Piedra Bruja,Scarlet & Violet White Flare Elite Trainer Box,69990
2026-07-28,Piedra Bruja,Mega Evolution Elite Trainer Box,67990
2026-07-28,Piedra Bruja,Scarlet & Violet Black Bolt Elite Trainer Box,69990
2026-07-28,Piedra Bruja,Temporal Forces Walking Wake - Elite Trainer Box ESP,65990
2026-07-28,Piedra Bruja,Mega Evolution Chaos Rising Elite Trainer Box ING,69990
2026-07-28,Piedra Bruja,Mega Evolution Ascended Heroes Elite Trainer Box,67990
2026-07-28,Piedra Bruja,Scarlet & Violet Prismatic Evolutions Elite Trainer Box Español,84990
2026-07-28,Piedra Bruja,Mega Evolution Phantasmal Flames Elite Trainer Box,67990
2026-07-28,Piedra Bruja,Pokemon TCG 30th Celebration - Elite Trainer Box ESP,79990
2026-07-28,Piedra Bruja,Mega Evolution Ascended Heroes Elite Trainer Box ESP,67990
2026-07-28,Piedra Bruja,Pokemon TCG 30th Celebration - Elite Trainer Box ING,79990
2026-07-28,Piedra Bruja,Scarlet & Violet Prismatic Evolutions Elite Trainer Box,89990
2026-07-28,MARKET_AVERAGE,Daily Average ETB Price,175013
2026-07-29,Charizstore,PITCH BLACK – ELITE TRAINER BOX – ESPAÑOL,67990
2026-07-29,Charizstore,PITCH BLACK – ELITE TRAINER BOX – INGLES,72990
2026-07-29,Charizstore,Mega Evolution Chaos Rising – Elite Trainer Box – Español,58990
2026-07-29,Charizstore,Mega Evolution – Perfect Order – Elite Trainer Box – Español,50000
2026-07-29,Charizstore,Mega Evolution – Perfect Order – Elite Trainer Box – Ingles,58000
2026-07-29,Charizstore,MEGA EVOLUTION – ASCENDED HEROES ELITE TRAINER BOX – ESPAÑOL,69990
2026-07-29,Charizstore,MEGA EVOLUTION – ASCENDED HEROES ELITE TRAINER BOX – INGLÉS,170000
2026-07-29,Charizstore,Temporal Forces – Elite Trainer Box – Español (V2),90000
2026-07-29,Charizstore,Mega Evolution Phantasmal Flames – Elite Trainer Box – Español,75000
2026-07-29,Charizstore,Temporal Forces – Elite Trainer Box – Español,90000
2026-07-29,Charizstore,White Flare – Elite Trainer Box – Español,62990
2026-07-29,Charizstore,Prismatic Evolutions – Elite Trainer Box – Español,100000
2026-07-29,Charizstore,Black Bolt – Elite Trainer Box – Español,62990
2026-07-29,Charizstore,Crown Zenith – Elite Trainer Box- Español,350000
2026-07-29,Charizstore,Twiligth Masquerade – Elite Trainer Box – Inglés,105000
2026-07-29,Charizstore,Shrouded Fable – Elite Trainer Box – Español,85000
2026-07-29,Charizstore,Shrouded Fable – Elite Trainer Box – Inglés,130000
2026-07-29,Charizstore,Scarlet & Violet Destined Rivals – Elite Trainer Box – Español,85000
2026-07-29,Charizstore,Twiligth Masquerade – Elite Trainer Box – Español,75000
2026-07-29,Charizstore,Journey Together – Elite Trainer Box – Español,60000
2026-07-29,Charizstore,Surging Sparks – Elite Trainer Box – Español,80000
2026-07-29,Charizstore,Surging Sparks – Elite Trainer Box – Inglés,145990
2026-07-29,Charizstore,Obsidian Flames – Elite Trainer Box – Español,149990
2026-07-29,Charizstore,Stellar Crown – Elite Trainer Box – Español,85000
2026-07-29,Charizstore,Stellar Crown – Elite Trainer Box – Inglés,155000
2026-07-29,Collector Center,Scarlet & Violet: Black Bolt- Elite Trainer Box - Español,54990
2026-07-29,Collector Center,Mega Evolution Pitch Black- Elite Trainer Box - Inglés,73990
2026-07-29,Collector Center,Mega Evolution: Ascended Heroes - Elite Trainer Box - Español,59990
2026-07-29,Collector Center,Mega Evolution Pitch Black- Elite Trainer Box - Español,67990
2026-07-29,Collector Center,Mega Evolution Perfect Order - Elite Trainer Box - Ingles,56990
2026-07-29,Collector Center,Mega Evolution Phantasmal Flames - Elite Trainer Box - Español,49990
2026-07-29,Collector Center,Mega Evolution Perfect Order - Elite Trainer Box - Español,49990
2026-07-29,Collector Center,Scarlet & Violet: White Flare - Elite Trainer Box - Español,54990
2026-07-29,Collector Center,Mega Evolution Chaos Rising - Elite Trainer Box - Ingles,71990
2026-07-29,Collector Center,Scarlet & Violet: Surging Sparks – Elite Trainer Box – Ingles,129990
2026-07-29,Collector Center,Mega Evolution Chaos Rising - Elite Trainer Box - Español,59990
2026-07-29,Collector Center,[PREVENTA 16/09/26] 30th Celebration - Elite Trainer Box - Inglés,199990
2026-07-29,Collector Center,Escarlata y Púrpura - Corona Astral – Elite Trainer Box – Español,49990
2026-07-29,Collector Center,Escarlata y Púrpura - Aventuras Compartidas – Elite Trainer Box – Español,54990
2026-07-29,MoiiJuegos,Pokémon mega evolution - pitch black elite trainer box (e...,63900
2026-07-29,MoiiJuegos,Pókemon mega evolution - chaos rising elite trainer box (...,62900
2026-07-29,MoiiJuegos,Pókemon mega evolution - perfect order elite trainer box ...,62900
2026-07-29,El Panteon,SET 3 X ELITE TRAINER BOX ESPAÑOL OFERTA PALDEA,169990
2026-07-29,El Panteon,SET 3 X ELITE TRAINER BOX ESPAÑOL OFERTA HEROES,159990
2026-07-29,El Panteon,SET 3 X ELITE TRAINER BOX ESPAÑOL OFERTA PRISMATICA,159990
2026-07-29,El Panteon,SET 3 X ELITE TRAINER BOX ESPAÑOL OFERTA OBSIDIANA,169990
2026-07-29,El Panteon,SET 3 X ELITE TRAINER BOX ESPAÑOL OFERTA DON LUCHO,139990
2026-07-29,El Panteon,SET 3 X ELITE TRAINER BOX ESPAÑOL OFERTA CRUZADA,129990
2026-07-29,El Panteon,SET 3 X ELITE TRAINER BOX ESPAÑOL OFERTA MUNDIALERA,129990
2026-07-29,El Panteon,SET 3 X ELITE TRAINER BOX ESPAÑOL OFERTA DE INVIERNO,129990
2026-07-29,El Panteon,Pitch Black – Elite Trainer Box ESPAÑOL,57990
2026-07-29,El Panteon,Pitch Black – Elite Trainer Box INGLES,69990
2026-07-29,El Panteon,Darkness Ablaze Elite Trainer Box – ESPAÑOL,149990
2026-07-29,El Panteon,Rebel Clash Elite Trainer Box – ESPAÑOL,359990
2026-07-29,El Panteon,Mega Evolution Perfect Order – Elite Trainer Box Español,47990
2026-07-29,El Panteon,Mega Evolution Perfect Order – Elite Trainer Box Ingles,58990
2026-07-29,El Panteon,SET 3 X ELITE TRAINER BOX ESPAÑOL OFERTA VERANIEGA,129990
2026-07-29,El Panteon,SET 3 X ELITE TRAINER BOX PHANTASMAL FLAMES ESPAÑOL OFERTA ENERO,129990
2026-07-29,El Panteon,Pokemon GO Elite Trainer Box – Pokemon GO Ingles,199990
2026-07-29,El Panteon,SET 3 X ELITE TRAINER BOX ESPAÑOL OFERTA ENERO,139990
2026-07-29,El Panteon,Ascended Heroes Collection – Elite Trainer Box Español,69990
2026-07-29,El Panteon,Shining Fates Elite Trainer Box INGLES,189990
2026-07-29,El Panteon,White Flare – Elite Trainer Box – Ingles,139990
2026-07-29,El Panteon,Mega Evolution Phantasmal Flames – Elite Trainer Box – Español,44990
2026-07-29,El Panteon,Mega Evolution Phantasmal Flames – Elite Trainer Box – Ingles,99990
2026-07-29,El Panteon,Paldea Evolved – Elite Trainer Box – Español,149990
2026-07-29,El Panteon,White Flare – Elite Trainer Box – Español,59990
2026-07-29,El Panteon,Prismatic Evolutions – Elite Trainer Box – Español,79990
2026-07-29,El Panteon,Prismatic Evolutions – Elite Trainer Box – Inglés,169990
2026-07-29,El Panteon,Black Bolt – Elite Trainer Box – Inglés,149990
2026-07-29,El Panteon,Paldean Fates – Elite Trainer Box – Ingles,599999
2026-07-29,El Panteon,Twilight Masquerade – Elite Trainer Box – Inglés,109990
2026-07-29,El Panteon,Journey Together – Elite Trainer Box – Español,44990
2026-07-29,El Panteon,Surging Sparks – Elite Trainer Box – Inglés,99990
2026-07-29,El Panteon,Obsidian Flames – Elite Trainer Box – Español,199990
2026-07-29,El Panteon,Stellar Crown – Elite Trainer Box – Español,59990
2026-07-29,AFK Store,Elite Trainer Box 151,550000
2026-07-29,AFK Store,Elite Trainer Box Paldea Fates,450000
2026-07-29,AFK Store,Elite Trainer Box Pokemon Team Up,1500000
2026-07-29,AFK Store,Elite Trainer Box Perfect Order,60000
2026-07-29,AFK Store,Elite Trainer Box Rebel Clash,300000
2026-07-29,AFK Store,Elite Trainer Box Black Bolt y White Flare,64990
2026-07-29,AFK Store,ELITE TRAINER BOX DESTINED RIVALS,69990
2026-07-29,AFK Store,Elite Trainer Box Journey Together,54990
2026-07-29,AFK Store,Ultra Prism Elite Trainer Box [Dawn Wings Necrozma],800000
2026-07-29,AFK Store,Unbroken Bonds Elite Trainer Box - SM - Unbroken Bonds (SM10),1000000
2026-07-29,AFK Store,Ultra Prism Elite Trainer Box [Dusk Mane Necrozma],700000
2026-07-29,AFK Store,Elite Trainer Box Pitch Black Elite,67990
2026-07-29,AFK Store,Elite Trainer Box Pokemon Go,90000
2026-07-29,AFK Store,Elite Trainer Box Mega Evolution,64990
2026-07-29,AFK Store,Elite Trainer Box Evolving Skies (Flareon),600000
2026-07-29,AFK Store,Elite Trainer Box Fusion Strike,180000
2026-07-29,AFK Store,Elite Trainer Box Hidden Fates,550000
2026-07-29,AFK Store,Elite Trainer Box Celebrations,200000
2026-07-29,AFK Store,Elite Trainer Box Crimson Invasion,150000
2026-07-29,AFK Store,Cosmic Eclipse Elite Trainer Box,1600000
2026-07-29,AFK Store,Elite Trainer Box Astral Radiance,90000
2026-07-29,AFK Store,Elite Trainer Box Pokemon Guardians Rising,400000
2026-07-29,AFK Store,Elite Trainer Box Evolving Skies (Sylveon),350000
2026-07-29,AFK Store,Elite Trainer Box Pokemon Battle Styles,90000
2026-07-29,AFK Store,Elite Trainer Box Brillant Stars,130000
2026-07-29,AFK Store,Elite Trainer Box Champion's Path,170000
2026-07-29,AFK Store,Elite Trainer Box Crown Zenith,200000
2026-07-29,AFK Store,Elite Trainer Box Vivid Voltage,100000
2026-07-29,AFK Store,Elite Trainer Box Stellar Crown,49900
2026-07-29,AFK Store,Phantasmal Flames Elite Trainer Box,150000
2026-07-29,AFK Store,Elite Trainer Box Shinning Fates,140000
2026-07-29,AFK Store,Elite Trainer Box Silver Tempest,100000
2026-07-29,AFK Store,Elite Trainer Box Surging Sparks,69990
2026-07-29,AFK Store,Elite Trainer Box Lost Origin,130000
2026-07-29,AFK Store,ELITE TRAINER BOX ASCENDED HEROES,150000
2026-07-29,AFK Store,Elite Trainer Box Plus: Zamazenta Pokemon Sword & Shield,140000
2026-07-29,AFK Store,Elite Trainer Box Paradox Rift Futuro,42990
2026-07-29,AFK Store,Elite Trainer Box Scarlet And Violet,59990
2026-07-29,AFK Store,Elite Trainer Box Obsidian Flames,100000
2026-07-29,AFK Store,Elite Trainer Box Plus: Zacian Pokemon Sword & Shield,140000
2026-07-29,AFK Store,Elite Trainer Box Shrouded Fable,49990
2026-07-29,AFK Store,Elite Trainer Box Twilight Masquerade,59990
2026-07-29,AFK Store,Elite Trainer Box Paradox Rift Pasado,42990
2026-07-29,AFK Store,Elite Trainer Box Paldea,44990
2026-07-29,AFK Store,Elite Trainer Box Sword And Shield (Pequeño orificio plastico),40000
2026-07-29,AFK Store,Elite Trainer Box Temporal Forces,79990
2026-07-29,AFK Store,PRISMATIC EVOLUTIONS ELITE TRAINER BOX,69990
2026-07-29,AFK Store,Elite Trainer Box Darkness Ablaze (Plastico levemente Roto),40000
2026-07-29,Piedra Bruja,Mega Evolution Pitch Black Elite Trainer Box ING,79990
2026-07-29,Piedra Bruja,Mega Evolution Phantasmal Flames Elite Trainer Box ESP,61990
2026-07-29,Piedra Bruja,Mega Evolution Perfect Order Elite Trainer Box ING,69990
2026-07-29,Piedra Bruja,Mega Evolution Chaos Rising Elite Trainer Box ESP,65990
2026-07-29,Piedra Bruja,Scarlet & Violet Destined Rivals Elite Trainer Box,74990
2026-07-29,Piedra Bruja,Mega Evolution Pitch Black Elite Trainer Box ESP,72990
2026-07-29,Piedra Bruja,Mega Evolution Perfect Order Elite Trainer Box ESP,69990
2026-07-29,Piedra Bruja,Scarlet & Violet Journey Together Elite Trainer Box Español,71990
2026-07-29,Piedra Bruja,Temporal Forces Iron Leaves - Elite Trainer Box ESP,65990
2026-07-29,Piedra Bruja,Scarlet & Violet White Flare Elite Trainer Box,69990
2026-07-29,Piedra Bruja,Mega Evolution Elite Trainer Box,67990
2026-07-29,Piedra Bruja,Scarlet & Violet Black Bolt Elite Trainer Box,69990
2026-07-29,Piedra Bruja,Temporal Forces Walking Wake - Elite Trainer Box ESP,65990
2026-07-29,Piedra Bruja,Mega Evolution Chaos Rising Elite Trainer Box ING,69990
2026-07-29,Piedra Bruja,Mega Evolution Ascended Heroes Elite Trainer Box,67990
2026-07-29,Piedra Bruja,Scarlet & Violet Prismatic Evolutions Elite Trainer Box Español,84990
2026-07-29,Piedra Bruja,Mega Evolution Phantasmal Flames Elite Trainer Box,67990
2026-07-29,Piedra Bruja,Pokemon TCG 30th Celebration - Elite Trainer Box ESP,79990
2026-07-29,Piedra Bruja,Mega Evolution Ascended Heroes Elite Trainer Box ESP,67990
2026-07-29,Piedra Bruja,Pokemon TCG 30th Celebration - Elite Trainer Box ING,79990
2026-07-29,Piedra Bruja,Scarlet & Violet Prismatic Evolutions Elite Trainer Box,89990
2026-07-29,Magicsur,Pokémon TCG: Silver Tempest Elite Trainer Box - Inglés y Español,49990
2026-07-29,Magicsur,Pokémon TCG: Scarlet & Violet: Obsidian Flames - Elite Trainer Box,51990
2026-07-29,Magicsur,Pokémon TCG: Scarlet & Violet: Temporal Forces - Elite Trainer Box - Iron Leaves,41993
2026-07-29,Magicsur,Pokémon TCG: Scarlet & Violet: Temporal Forces - Elite Trainer Box - Walking Wake,41993
2026-07-29,Magicsur,Pokémon TCG: Scarlet & Violet: Twilight Masquerade - Elite Trainer Box,45592
2026-07-29,Magicsur,Pokémon TCG: Scarlet & Violet: Stellar Crown - Elite Trainer Box,46392
2026-07-29,Magicsur,Pokémon TCG: Mega Evolución - Phantasmal Flames - Elite Trainer Box,74990
2026-07-29,Magicsur,Pokémon TCG: Scarlet & Violet: Journey Together - Elite Trainer Box,59990
2026-07-29,Magicsur,Pokémon TCG: Scarlet & Violet: Surging Sparks - Elite Trainer Box,47992
2026-07-29,Magicsur,Pokémon TCG: Scarlet & Violet: Black Bolt - Elite Trainer Box,69990
2026-07-29,Magicsur,Pokémon TCG: Mega Evolution - Elite Trainer Box (Mega Gardevoir ex),72990
2026-07-29,Magicsur,Pokémon TCG: Mega Evolution - Elite Trainer Box (Mega Lucario ex),72990
2026-07-29,Magicsur,Pokémon TCG: Chaos Rising - Elite Trainer Box,69990
2026-07-29,MARKET_AVERAGE,Daily Average ETB Price,146282
2026-07-30,Charizstore,PITCH BLACK – ELITE TRAINER BOX – ESPAÑOL,67990
2026-07-30,Charizstore,PITCH BLACK – ELITE TRAINER BOX – INGLES,72990
2026-07-30,Charizstore,Mega Evolution Chaos Rising – Elite Trainer Box – Inglés,72990
2026-07-30,Charizstore,Mega Evolution Chaos Rising – Elite Trainer Box – Español,58990
2026-07-30,Charizstore,Mega Evolution – Perfect Order – Elite Trainer Box – Español,50000
2026-07-30,Charizstore,Mega Evolution – Perfect Order – Elite Trainer Box – Ingles,58000
2026-07-30,Charizstore,MEGA EVOLUTION – ASCENDED HEROES ELITE TRAINER BOX – ESPAÑOL,69990
2026-07-30,Charizstore,MEGA EVOLUTION – ASCENDED HEROES ELITE TRAINER BOX – INGLÉS,170000
2026-07-30,Charizstore,Temporal Forces – Elite Trainer Box – Español (V2),90000
2026-07-30,Charizstore,Mega Evolution Phantasmal Flames – Elite Trainer Box – Español,75000
2026-07-30,Charizstore,Temporal Forces – Elite Trainer Box – Español,90000
2026-07-30,Charizstore,White Flare – Elite Trainer Box – Español,62990
2026-07-30,Charizstore,Prismatic Evolutions – Elite Trainer Box – Español,100000
2026-07-30,Charizstore,Black Bolt – Elite Trainer Box – Español,62990
2026-07-30,Charizstore,Crown Zenith – Elite Trainer Box- Español,350000
2026-07-30,Charizstore,Twiligth Masquerade – Elite Trainer Box – Inglés,105000
2026-07-30,Charizstore,Shrouded Fable – Elite Trainer Box – Español,85000
2026-07-30,Charizstore,Shrouded Fable – Elite Trainer Box – Inglés,130000
2026-07-30,Charizstore,Scarlet & Violet Destined Rivals – Elite Trainer Box – Español,85000
2026-07-30,Charizstore,Twiligth Masquerade – Elite Trainer Box – Español,75000
2026-07-30,Charizstore,Journey Together – Elite Trainer Box – Español,60000
2026-07-30,Charizstore,Surging Sparks – Elite Trainer Box – Español,80000
2026-07-30,Charizstore,Surging Sparks – Elite Trainer Box – Inglés,145990
2026-07-30,Charizstore,Obsidian Flames – Elite Trainer Box – Español,149990
2026-07-30,Charizstore,Stellar Crown – Elite Trainer Box – Español,85000
2026-07-30,Charizstore,Stellar Crown – Elite Trainer Box – Inglés,155000
2026-07-30,Collector Center,Scarlet & Violet: Black Bolt- Elite Trainer Box - Español,54990
2026-07-30,Collector Center,Mega Evolution Pitch Black- Elite Trainer Box - Inglés,73990
2026-07-30,Collector Center,Mega Evolution: Ascended Heroes - Elite Trainer Box - Español,59990
2026-07-30,Collector Center,Mega Evolution Pitch Black- Elite Trainer Box - Español,67990
2026-07-30,Collector Center,Mega Evolution Perfect Order - Elite Trainer Box - Ingles,56990
2026-07-30,Collector Center,Mega Evolution Phantasmal Flames - Elite Trainer Box - Español,49990
2026-07-30,Collector Center,Mega Evolution Perfect Order - Elite Trainer Box - Español,49990
2026-07-30,Collector Center,Scarlet & Violet: White Flare - Elite Trainer Box - Español,54990
2026-07-30,Collector Center,Mega Evolution Chaos Rising - Elite Trainer Box - Ingles,71990
2026-07-30,Collector Center,Scarlet & Violet: Surging Sparks – Elite Trainer Box – Ingles,129990
2026-07-30,Collector Center,[PREVENTA 16/09/26] 30th Celebration - Elite Trainer Box - Inglés,199990
2026-07-30,Collector Center,Mega Evolution Chaos Rising - Elite Trainer Box - Español,59990
2026-07-30,Collector Center,Escarlata y Púrpura - Corona Astral – Elite Trainer Box – Español,49990
2026-07-30,Collector Center,Escarlata y Púrpura - Aventuras Compartidas – Elite Trainer Box – Español,54990
2026-07-30,MoiiJuegos,Pokémon mega evolution - pitch black elite trainer box (e...,63900
2026-07-30,MoiiJuegos,Pókemon mega evolution - chaos rising elite trainer box (...,62900
2026-07-30,MoiiJuegos,Pókemon mega evolution - perfect order elite trainer box ...,62900
2026-07-30,El Panteon,SET 3 X ELITE TRAINER BOX ESPAÑOL OFERTA PALDEA,169990
2026-07-30,El Panteon,SET 3 X ELITE TRAINER BOX ESPAÑOL OFERTA HEROES,159990
2026-07-30,El Panteon,SET 3 X ELITE TRAINER BOX ESPAÑOL OFERTA PRISMATICA,159990
2026-07-30,El Panteon,SET 3 X ELITE TRAINER BOX ESPAÑOL OFERTA OBSIDIANA,169990
2026-07-30,El Panteon,SET 3 X ELITE TRAINER BOX ESPAÑOL OFERTA DON LUCHO,139990
2026-07-30,El Panteon,SET 3 X ELITE TRAINER BOX ESPAÑOL OFERTA CRUZADA,129990
2026-07-30,El Panteon,SET 3 X ELITE TRAINER BOX ESPAÑOL OFERTA MUNDIALERA,129990
2026-07-30,El Panteon,SET 3 X ELITE TRAINER BOX ESPAÑOL OFERTA DE INVIERNO,129990
2026-07-30,El Panteon,Pitch Black – Elite Trainer Box ESPAÑOL,57990
2026-07-30,El Panteon,Pitch Black – Elite Trainer Box INGLES,69990
2026-07-30,El Panteon,Darkness Ablaze Elite Trainer Box – ESPAÑOL,149990
2026-07-30,El Panteon,Rebel Clash Elite Trainer Box – ESPAÑOL,359990
2026-07-30,El Panteon,Mega Evolution Perfect Order – Elite Trainer Box Español,47990
2026-07-30,El Panteon,Mega Evolution Perfect Order – Elite Trainer Box Ingles,58990
2026-07-30,El Panteon,SET 3 X ELITE TRAINER BOX ESPAÑOL OFERTA VERANIEGA,129990
2026-07-30,El Panteon,SET 3 X ELITE TRAINER BOX PHANTASMAL FLAMES ESPAÑOL OFERTA ENERO,129990
2026-07-30,El Panteon,Pokemon GO Elite Trainer Box – Pokemon GO Ingles,199990
2026-07-30,El Panteon,SET 3 X ELITE TRAINER BOX ESPAÑOL OFERTA ENERO,139990
2026-07-30,El Panteon,Ascended Heroes Collection – Elite Trainer Box Español,69990
2026-07-30,El Panteon,Shining Fates Elite Trainer Box INGLES,189990
2026-07-30,El Panteon,White Flare – Elite Trainer Box – Ingles,139990
2026-07-30,El Panteon,Mega Evolution Phantasmal Flames – Elite Trainer Box – Español,44990
2026-07-30,El Panteon,Mega Evolution Phantasmal Flames – Elite Trainer Box – Ingles,99990
2026-07-30,El Panteon,Paldea Evolved – Elite Trainer Box – Español,149990
2026-07-30,El Panteon,Prismatic Evolutions – Elite Trainer Box – Español,79990
2026-07-30,El Panteon,Black Bolt – Elite Trainer Box – Inglés,149990
2026-07-30,El Panteon,Paldean Fates – Elite Trainer Box – Ingles,599999
2026-07-30,El Panteon,Twilight Masquerade – Elite Trainer Box – Inglés,109990
2026-07-30,El Panteon,Journey Together – Elite Trainer Box – Español,44990
2026-07-30,El Panteon,Surging Sparks – Elite Trainer Box – Inglés,99990
2026-07-30,El Panteon,Obsidian Flames – Elite Trainer Box – Español,199990
2026-07-30,El Panteon,Stellar Crown – Elite Trainer Box – Español,59990
2026-07-30,AFK Store,Elite Trainer Box 151,550000
2026-07-30,AFK Store,Elite Trainer Box Black Bolt y White Flare,64990
2026-07-30,AFK Store,Elite Trainer Box Perfect Order,60000
2026-07-30,AFK Store,Elite Trainer Box Pokemon Team Up,1500000
2026-07-30,AFK Store,Elite Trainer Box Rebel Clash,300000
2026-07-30,AFK Store,ELITE TRAINER BOX DESTINED RIVALS,69990
2026-07-30,AFK Store,Elite Trainer Box Paldea Fates,450000
2026-07-30,AFK Store,Elite Trainer Box Journey Together,54990
2026-07-30,AFK Store,Unbroken Bonds Elite Trainer Box - SM - Unbroken Bonds (SM10),1000000
2026-07-30,AFK Store,Ultra Prism Elite Trainer Box [Dusk Mane Necrozma],700000
2026-07-30,AFK Store,Ultra Prism Elite Trainer Box [Dawn Wings Necrozma],800000
2026-07-30,AFK Store,Elite Trainer Box Pitch Black Elite,67990
2026-07-30,AFK Store,Elite Trainer Box Evolving Skies (Flareon),600000
2026-07-30,AFK Store,Elite Trainer Box Pokemon Go,90000
2026-07-30,AFK Store,Elite Trainer Box Surging Sparks,69990
2026-07-30,AFK Store,Elite Trainer Box Mega Evolution,64990
2026-07-30,AFK Store,Elite Trainer Box Fusion Strike,180000
2026-07-30,AFK Store,Elite Trainer Box Celebrations,200000
2026-07-30,AFK Store,Elite Trainer Box Pokemon Battle Styles,90000
2026-07-30,AFK Store,Elite Trainer Box Hidden Fates,550000
2026-07-30,AFK Store,Elite Trainer Box Crimson Invasion,150000
2026-07-30,AFK Store,Cosmic Eclipse Elite Trainer Box,1600000
2026-07-30,AFK Store,Elite Trainer Box Astral Radiance,90000
2026-07-30,AFK Store,Elite Trainer Box Pokemon Guardians Rising,400000
2026-07-30,AFK Store,Elite Trainer Box Evolving Skies (Sylveon),350000
2026-07-30,AFK Store,Elite Trainer Box Brillant Stars,130000
2026-07-30,AFK Store,Elite Trainer Box Champion's Path,170000
2026-07-30,AFK Store,Elite Trainer Box Crown Zenith,200000
2026-07-30,AFK Store,Elite Trainer Box Twilight Masquerade,59990
2026-07-30,AFK Store,Elite Trainer Box Stellar Crown,49900
2026-07-30,AFK Store,ELITE TRAINER BOX ASCENDED HEROES,150000
2026-07-30,AFK Store,Phantasmal Flames Elite Trainer Box,150000
2026-07-30,AFK Store,Elite Trainer Box Shinning Fates,140000
2026-07-30,AFK Store,Elite Trainer Box Silver Tempest,100000
2026-07-30,AFK Store,Elite Trainer Box Lost Origin,130000
2026-07-30,AFK Store,Elite Trainer Box Plus: Zamazenta Pokemon Sword & Shield,140000
2026-07-30,AFK Store,Elite Trainer Box Scarlet And Violet,59990
2026-07-30,AFK Store,Elite Trainer Box Obsidian Flames,100000
2026-07-30,AFK Store,Elite Trainer Box Plus: Zacian Pokemon Sword & Shield,140000
2026-07-30,AFK Store,Elite Trainer Box Paradox Rift Futuro,42990
2026-07-30,AFK Store,Elite Trainer Box Vivid Voltage,100000
2026-07-30,AFK Store,Elite Trainer Box Shrouded Fable,49990
2026-07-30,AFK Store,Elite Trainer Box Paradox Rift Pasado,42990
2026-07-30,AFK Store,Elite Trainer Box Temporal Forces,79990
2026-07-30,AFK Store,Elite Trainer Box Paldea,44990
2026-07-30,AFK Store,Elite Trainer Box Sword And Shield (Pequeño orificio plastico),40000
2026-07-30,AFK Store,PRISMATIC EVOLUTIONS ELITE TRAINER BOX,69990
2026-07-30,AFK Store,Elite Trainer Box Darkness Ablaze (Plastico levemente Roto),40000
2026-07-30,Piedra Bruja,Mega Evolution Pitch Black Elite Trainer Box ING,79990
2026-07-30,Piedra Bruja,Scarlet & Violet Destined Rivals Elite Trainer Box,74990
2026-07-30,Piedra Bruja,Mega Evolution Phantasmal Flames Elite Trainer Box ESP,61990
2026-07-30,Piedra Bruja,Mega Evolution Perfect Order Elite Trainer Box ING,69990
2026-07-30,Piedra Bruja,Mega Evolution Chaos Rising Elite Trainer Box ESP,65990
2026-07-30,Piedra Bruja,Mega Evolution Perfect Order Elite Trainer Box ESP,69990
2026-07-30,Piedra Bruja,Mega Evolution Pitch Black Elite Trainer Box ESP,72990
2026-07-30,Piedra Bruja,Temporal Forces Iron Leaves - Elite Trainer Box ESP,65990
2026-07-30,Piedra Bruja,Scarlet & Violet Journey Together Elite Trainer Box Español,71990
2026-07-30,Piedra Bruja,Scarlet & Violet White Flare Elite Trainer Box,69990
2026-07-30,Piedra Bruja,Temporal Forces Walking Wake - Elite Trainer Box ESP,65990
2026-07-30,Piedra Bruja,Scarlet & Violet Black Bolt Elite Trainer Box,69990
2026-07-30,Piedra Bruja,Mega Evolution Elite Trainer Box,67990
2026-07-30,Piedra Bruja,Mega Evolution Chaos Rising Elite Trainer Box ING,69990
2026-07-30,Piedra Bruja,Scarlet & Violet Prismatic Evolutions Elite Trainer Box Español,84990
2026-07-30,Piedra Bruja,Mega Evolution Ascended Heroes Elite Trainer Box,67990
2026-07-30,Piedra Bruja,Mega Evolution Phantasmal Flames Elite Trainer Box,67990
2026-07-30,Piedra Bruja,Mega Evolution Ascended Heroes Elite Trainer Box ESP,67990
2026-07-30,Piedra Bruja,Pokemon TCG 30th Celebration - Elite Trainer Box ING,79990
2026-07-30,Piedra Bruja,Pokemon TCG 30th Celebration - Elite Trainer Box ESP,79990
2026-07-30,Piedra Bruja,Scarlet & Violet Prismatic Evolutions Elite Trainer Box,89990
2026-07-30,Magicsur,Pokémon TCG: Silver Tempest Elite Trainer Box - Inglés y Español,49990
2026-07-30,Magicsur,Pokémon TCG: Scarlet & Violet: Obsidian Flames - Elite Trainer Box,51990
2026-07-30,Magicsur,Pokémon TCG: Scarlet & Violet: Temporal Forces - Elite Trainer Box - Iron Leaves,41993
2026-07-30,Magicsur,Pokémon TCG: Scarlet & Violet: Temporal Forces - Elite Trainer Box - Walking Wake,41993
2026-07-30,Magicsur,Pokémon TCG: Scarlet & Violet: Twilight Masquerade - Elite Trainer Box,45592
2026-07-30,Magicsur,Pokémon TCG: Scarlet & Violet: Stellar Crown - Elite Trainer Box,46392
2026-07-30,Magicsur,Pokémon TCG: Mega Evolución - Phantasmal Flames - Elite Trainer Box,74990
2026-07-30,Magicsur,Pokémon TCG: Scarlet & Violet: Journey Together - Elite Trainer Box,59990
2026-07-30,Magicsur,Pokémon TCG: Scarlet & Violet: Surging Sparks - Elite Trainer Box,47992
2026-07-30,Magicsur,Pokémon TCG: Scarlet & Violet: Black Bolt - Elite Trainer Box,69990
2026-07-30,Magicsur,Pokémon TCG: Mega Evolution - Elite Trainer Box (Mega Gardevoir ex),72990
2026-07-30,Magicsur,Pokémon TCG: Mega Evolution - Elite Trainer Box (Mega Lucario ex),72990
2026-07-30,Magicsur,Pokémon TCG: Chaos Rising - Elite Trainer Box,69990
2026-07-30,MARKET_AVERAGE,Daily Average ETB Price,146214
2026-07-31,Collector Center,Mega Evolution Pitch Black- Elite Trainer Box - Español,67990
2026-07-31,Collector Center,Scarlet & Violet: Black Bolt- Elite Trainer Box - Español,54990
2026-07-31,Collector Center,Mega Evolution Pitch Black- Elite Trainer Box - Inglés,73990
2026-07-31,Collector Center,Mega Evolution: Ascended Heroes - Elite Trainer Box - Español,59990
2026-07-31,Collector Center,Mega Evolution Perfect Order - Elite Trainer Box - Ingles,56990
2026-07-31,Collector Center,Mega Evolution Phantasmal Flames - Elite Trainer Box - Español,49990
2026-07-31,Collector Center,Mega Evolution Perfect Order - Elite Trainer Box - Español,49990
2026-07-31,Collector Center,Scarlet & Violet: White Flare - Elite Trainer Box - Español,54990
2026-07-31,Collector Center,Mega Evolution Chaos Rising - Elite Trainer Box - Ingles,71990
2026-07-31,Collector Center,Scarlet & Violet: Surging Sparks – Elite Trainer Box – Ingles,129990
2026-07-31,Collector Center,[PREVENTA 16/09/26] 30th Celebration - Elite Trainer Box - Inglés,199990
2026-07-31,Collector Center,Mega Evolution Chaos Rising - Elite Trainer Box - Español,59990
2026-07-31,Collector Center,Escarlata y Púrpura - Corona Astral – Elite Trainer Box – Español,49990
2026-07-31,Collector Center,Escarlata y Púrpura - Aventuras Compartidas – Elite Trainer Box – Español,54990
2026-07-31,MoiiJuegos,Pokémon mega evolution - pitch black elite trainer box (e...,63900
2026-07-31,MoiiJuegos,Pókemon mega evolution - chaos rising elite trainer box (...,62900
2026-07-31,MoiiJuegos,Pókemon mega evolution - perfect order elite trainer box ...,62900
2026-07-31,AFK Store,Elite Trainer Box Pitch Black Elite,67990
2026-07-31,AFK Store,Elite Trainer Box 151,550000
2026-07-31,AFK Store,Elite Trainer Box Perfect Order,60000
2026-07-31,AFK Store,Elite Trainer Box Pokemon Team Up,1500000
2026-07-31,AFK Store,Elite Trainer Box Black Bolt y White Flare,64990
2026-07-31,AFK Store,Elite Trainer Box Rebel Clash,300000
2026-07-31,AFK Store,ELITE TRAINER BOX DESTINED RIVALS,69990
2026-07-31,AFK Store,Elite Trainer Box Paldea Fates,450000
2026-07-31,AFK Store,Elite Trainer Box Journey Together,54990
2026-07-31,AFK Store,Unbroken Bonds Elite Trainer Box - SM - Unbroken Bonds (SM10),1000000
2026-07-31,AFK Store,Ultra Prism Elite Trainer Box [Dusk Mane Necrozma],700000
2026-07-31,AFK Store,Ultra Prism Elite Trainer Box [Dawn Wings Necrozma],800000
2026-07-31,AFK Store,Elite Trainer Box Evolving Skies (Flareon),600000
2026-07-31,AFK Store,Elite Trainer Box Pokemon Go,90000
2026-07-31,AFK Store,Elite Trainer Box Mega Evolution,64990
2026-07-31,AFK Store,Elite Trainer Box Surging Sparks,69990
2026-07-31,AFK Store,Elite Trainer Box Fusion Strike,180000
2026-07-31,AFK Store,Elite Trainer Box Pokemon Battle Styles,90000
2026-07-31,AFK Store,Elite Trainer Box Celebrations,200000
2026-07-31,AFK Store,Elite Trainer Box Hidden Fates,550000
2026-07-31,AFK Store,Elite Trainer Box Crimson Invasion,150000
2026-07-31,AFK Store,Cosmic Eclipse Elite Trainer Box,1600000
2026-07-31,AFK Store,Elite Trainer Box Astral Radiance,90000
2026-07-31,AFK Store,Elite Trainer Box Pokemon Guardians Rising,400000
2026-07-31,AFK Store,Elite Trainer Box Evolving Skies (Sylveon),350000
2026-07-31,AFK Store,Elite Trainer Box Brillant Stars,130000
2026-07-31,AFK Store,Elite Trainer Box Champion's Path,170000
2026-07-31,AFK Store,Elite Trainer Box Crown Zenith,200000
2026-07-31,AFK Store,Elite Trainer Box Twilight Masquerade,59990
2026-07-31,AFK Store,Elite Trainer Box Stellar Crown,49900
2026-07-31,AFK Store,ELITE TRAINER BOX ASCENDED HEROES,150000
2026-07-31,AFK Store,Phantasmal Flames Elite Trainer Box,150000
2026-07-31,AFK Store,Elite Trainer Box Shinning Fates,140000
2026-07-31,AFK Store,Elite Trainer Box Silver Tempest,100000
2026-07-31,AFK Store,Elite Trainer Box Lost Origin,130000
2026-07-31,AFK Store,Elite Trainer Box Plus: Zamazenta Pokemon Sword & Shield,140000
2026-07-31,AFK Store,PRISMATIC EVOLUTIONS ELITE TRAINER BOX,69990
2026-07-31,AFK Store,Elite Trainer Box Scarlet And Violet,59990
2026-07-31,AFK Store,Elite Trainer Box Obsidian Flames,100000
2026-07-31,AFK Store,Elite Trainer Box Paradox Rift Futuro,42990
2026-07-31,AFK Store,Elite Trainer Box Plus: Zacian Pokemon Sword & Shield,140000
2026-07-31,AFK Store,Elite Trainer Box Vivid Voltage,100000
2026-07-31,AFK Store,Elite Trainer Box Shrouded Fable,49990
2026-07-31,AFK Store,Elite Trainer Box Paradox Rift Pasado,42990
2026-07-31,AFK Store,Elite Trainer Box Temporal Forces,79990
2026-07-31,AFK Store,Elite Trainer Box Paldea,44990
2026-07-31,AFK Store,Elite Trainer Box Sword And Shield (Pequeño orificio plastico),40000
2026-07-31,AFK Store,Elite Trainer Box Darkness Ablaze (Plastico levemente Roto),40000
2026-07-31,Piedra Bruja,Scarlet & Violet Destined Rivals Elite Trainer Box,74990
2026-07-31,Piedra Bruja,Mega Evolution Pitch Black Elite Trainer Box ING,79990
2026-07-31,Piedra Bruja,Mega Evolution Phantasmal Flames Elite Trainer Box ESP,61990
2026-07-31,Piedra Bruja,Mega Evolution Perfect Order Elite Trainer Box ING,69990
2026-07-31,Piedra Bruja,Mega Evolution Chaos Rising Elite Trainer Box ESP,65990
2026-07-31,Piedra Bruja,Mega Evolution Perfect Order Elite Trainer Box ESP,69990
2026-07-31,Piedra Bruja,Mega Evolution Pitch Black Elite Trainer Box ESP,72990
2026-07-31,Piedra Bruja,Temporal Forces Iron Leaves - Elite Trainer Box ESP,65990
2026-07-31,Piedra Bruja,Scarlet & Violet Journey Together Elite Trainer Box Español,71990
2026-07-31,Piedra Bruja,Scarlet & Violet White Flare Elite Trainer Box,69990
2026-07-31,Piedra Bruja,Temporal Forces Walking Wake - Elite Trainer Box ESP,65990
2026-07-31,Piedra Bruja,Scarlet & Violet Black Bolt Elite Trainer Box,69990
2026-07-31,Piedra Bruja,Mega Evolution Elite Trainer Box,67990
2026-07-31,Piedra Bruja,Mega Evolution Chaos Rising Elite Trainer Box ING,69990
2026-07-31,Piedra Bruja,Scarlet & Violet Prismatic Evolutions Elite Trainer Box Español,84990
2026-07-31,Piedra Bruja,Mega Evolution Ascended Heroes Elite Trainer Box,67990
2026-07-31,Piedra Bruja,Mega Evolution Phantasmal Flames Elite Trainer Box,67990
2026-07-31,Piedra Bruja,Mega Evolution Ascended Heroes Elite Trainer Box ESP,67990
2026-07-31,Piedra Bruja,Pokemon TCG 30th Celebration - Elite Trainer Box ING,79990
2026-07-31,Piedra Bruja,Pokemon TCG 30th Celebration - Elite Trainer Box ESP,79990
2026-07-31,Piedra Bruja,Scarlet & Violet Prismatic Evolutions Elite Trainer Box,89990
2026-07-31,Magicsur,Pokémon TCG: Silver Tempest Elite Trainer Box - Inglés y Español,49990
2026-07-31,Magicsur,Pokémon TCG: Scarlet & Violet: Obsidian Flames - Elite Trainer Box,51990
2026-07-31,Magicsur,Pokémon TCG: Scarlet & Violet: Temporal Forces - Elite Trainer Box - Iron Leaves,41993
2026-07-31,Magicsur,Pokémon TCG: Scarlet & Violet: Temporal Forces - Elite Trainer Box - Walking Wake,41993
2026-07-31,Magicsur,Pokémon TCG: Scarlet & Violet: Twilight Masquerade - Elite Trainer Box,45592
2026-07-31,Magicsur,Pokémon TCG: Scarlet & Violet: Stellar Crown - Elite Trainer Box,46392
2026-07-31,Magicsur,Pokémon TCG: Mega Evolución - Phantasmal Flames - Elite Trainer Box,74990
2026-07-31,Magicsur,Pokémon TCG: Scarlet & Violet: Journey Together - Elite Trainer Box,59990
2026-07-31,Magicsur,Pokémon TCG: Scarlet & Violet: Surging Sparks - Elite Trainer Box,47992
2026-07-31,Magicsur,Pokémon TCG: Scarlet & Violet: Black Bolt - Elite Trainer Box,69990
2026-07-31,Magicsur,Pokémon TCG: Mega Evolution - Elite Trainer Box (Mega Gardevoir ex),72990
2026-07-31,Magicsur,Pokémon TCG: Mega Evolution - Elite Trainer Box (Mega Lucario ex),72990
2026-07-31,Magicsur,Pokémon TCG: Chaos Rising - Elite Trainer Box,69990
2026-07-31,MARKET_AVERAGE,Daily Average ETB Price,159323
2026-08-01,Charizstore,PITCH BLACK – ELITE TRAINER BOX – ESPAÑOL,67990
2026-08-01,Charizstore,PITCH BLACK – ELITE TRAINER BOX – INGLES,72990
2026-08-01,Charizstore,Mega Evolution Chaos Rising – Elite Trainer Box – Inglés,72990
2026-08-01,Charizstore,Mega Evolution Chaos Rising – Elite Trainer Box – Español,59990
2026-08-01,Charizstore,Mega Evolution – Perfect Order – Elite Trainer Box – Español,50000
2026-08-01,Charizstore,Mega Evolution – Perfect Order – Elite Trainer Box – Ingles,58000
2026-08-01,Charizstore,MEGA EVOLUTION – ASCENDED HEROES ELITE TRAINER BOX – ESPAÑOL,69990
2026-08-01,Charizstore,MEGA EVOLUTION – ASCENDED HEROES ELITE TRAINER BOX – INGLÉS,170000
2026-08-01,Charizstore,Temporal Forces – Elite Trainer Box – Español (V2),90000
2026-08-01,Charizstore,Mega Evolution Phantasmal Flames – Elite Trainer Box – Español,75000
2026-08-01,Charizstore,Temporal Forces – Elite Trainer Box – Español,90000
2026-08-01,Charizstore,White Flare – Elite Trainer Box – Español,62990
2026-08-01,Charizstore,Prismatic Evolutions – Elite Trainer Box – Español,100000
2026-08-01,Charizstore,Black Bolt – Elite Trainer Box – Español,62990
2026-08-01,Charizstore,Crown Zenith – Elite Trainer Box- Español,350000
2026-08-01,Charizstore,Twiligth Masquerade – Elite Trainer Box – Inglés,105000
2026-08-01,Charizstore,Shrouded Fable – Elite Trainer Box – Español,85000
2026-08-01,Charizstore,Shrouded Fable – Elite Trainer Box – Inglés,130000
2026-08-01,Charizstore,Scarlet & Violet Destined Rivals – Elite Trainer Box – Español,85000
2026-08-01,Charizstore,Twiligth Masquerade – Elite Trainer Box – Español,75000
2026-08-01,Charizstore,Journey Together – Elite Trainer Box – Español,60000
2026-08-01,Charizstore,Surging Sparks – Elite Trainer Box – Español,80000
2026-08-01,Charizstore,Surging Sparks – Elite Trainer Box – Inglés,145990
2026-08-01,Charizstore,Obsidian Flames – Elite Trainer Box – Español,149990
2026-08-01,Charizstore,Stellar Crown – Elite Trainer Box – Español,85000
2026-08-01,Charizstore,Stellar Crown – Elite Trainer Box – Inglés,155000
2026-08-01,Collector Center,Mega Evolution Pitch Black- Elite Trainer Box - Español,67990
2026-08-01,Collector Center,Scarlet & Violet: Black Bolt- Elite Trainer Box - Español,54990
2026-08-01,Collector Center,Mega Evolution Pitch Black- Elite Trainer Box - Inglés,73990
2026-08-01,Collector Center,Mega Evolution: Ascended Heroes - Elite Trainer Box - Español,59990
2026-08-01,Collector Center,Mega Evolution Perfect Order - Elite Trainer Box - Ingles,56990
2026-08-01,Collector Center,Mega Evolution Phantasmal Flames - Elite Trainer Box - Español,49990
2026-08-01,Collector Center,Mega Evolution Perfect Order - Elite Trainer Box - Español,49990
2026-08-01,Collector Center,Mega Evolution Chaos Rising - Elite Trainer Box - Ingles,71990
2026-08-01,Collector Center,Scarlet & Violet: White Flare - Elite Trainer Box - Español,54990
2026-08-01,Collector Center,Scarlet & Violet: Surging Sparks – Elite Trainer Box – Ingles,129990
2026-08-01,Collector Center,[PREVENTA 16/09/26] 30th Celebration - Elite Trainer Box - Inglés,199990
2026-08-01,Collector Center,Mega Evolution Chaos Rising - Elite Trainer Box - Español,59990
2026-08-01,Collector Center,Escarlata y Púrpura - Corona Astral – Elite Trainer Box – Español,49990
2026-08-01,Collector Center,Escarlata y Púrpura - Aventuras Compartidas – Elite Trainer Box – Español,54990
2026-08-01,MoiiJuegos,Pokémon mega evolution - pitch black elite trainer box (e...,63900
2026-08-01,MoiiJuegos,Pókemon mega evolution - chaos rising elite trainer box (...,62900
2026-08-01,MoiiJuegos,Pókemon mega evolution - perfect order elite trainer box ...,62900
2026-08-01,El Panteon,SET 3 X ELITE TRAINER BOX ESPAÑOL OFERTA PALDEA,169990
2026-08-01,El Panteon,SET 3 X ELITE TRAINER BOX ESPAÑOL OFERTA HEROES,159990
2026-08-01,El Panteon,SET 3 X ELITE TRAINER BOX ESPAÑOL OFERTA PRISMATICA,159990
2026-08-01,El Panteon,SET 3 X ELITE TRAINER BOX ESPAÑOL OFERTA OBSIDIANA,169990
2026-08-01,El Panteon,SET 3 X ELITE TRAINER BOX ESPAÑOL OFERTA DON LUCHO,139990
2026-08-01,El Panteon,SET 3 X ELITE TRAINER BOX ESPAÑOL OFERTA CRUZADA,129990
2026-08-01,El Panteon,SET 3 X ELITE TRAINER BOX ESPAÑOL OFERTA MUNDIALERA,129990
2026-08-01,El Panteon,SET 3 X ELITE TRAINER BOX ESPAÑOL OFERTA DE INVIERNO,129990
2026-08-01,El Panteon,Pitch Black – Elite Trainer Box ESPAÑOL,57990
2026-08-01,El Panteon,Pitch Black – Elite Trainer Box INGLES,69990
2026-08-01,El Panteon,Darkness Ablaze Elite Trainer Box – ESPAÑOL,149990
2026-08-01,El Panteon,Rebel Clash Elite Trainer Box – ESPAÑOL,359990
2026-08-01,El Panteon,Mega Evolution Perfect Order – Elite Trainer Box Español,47990
2026-08-01,El Panteon,Mega Evolution Perfect Order – Elite Trainer Box Ingles,58990
2026-08-01,El Panteon,SET 3 X ELITE TRAINER BOX ESPAÑOL OFERTA VERANIEGA,129990
2026-08-01,El Panteon,SET 3 X ELITE TRAINER BOX PHANTASMAL FLAMES ESPAÑOL OFERTA ENERO,129990
2026-08-01,El Panteon,Pokemon GO Elite Trainer Box – Pokemon GO Ingles,199990
2026-08-01,El Panteon,SET 3 X ELITE TRAINER BOX ESPAÑOL OFERTA ENERO,139990
2026-08-01,El Panteon,Ascended Heroes Collection – Elite Trainer Box Español,69990
2026-08-01,El Panteon,Shining Fates Elite Trainer Box INGLES,189990
2026-08-01,El Panteon,White Flare – Elite Trainer Box – Ingles,139990
2026-08-01,El Panteon,Mega Evolution Phantasmal Flames – Elite Trainer Box – Español,44990
2026-08-01,El Panteon,Paldea Evolved – Elite Trainer Box – Español,149990
2026-08-01,El Panteon,Prismatic Evolutions – Elite Trainer Box – Español,79990
2026-08-01,El Panteon,Black Bolt – Elite Trainer Box – Inglés,149990
2026-08-01,El Panteon,Paldean Fates – Elite Trainer Box – Ingles,599999
2026-08-01,El Panteon,Twilight Masquerade – Elite Trainer Box – Inglés,109990
2026-08-01,El Panteon,Journey Together – Elite Trainer Box – Español,44990
2026-08-01,El Panteon,Obsidian Flames – Elite Trainer Box – Español,199990
2026-08-01,El Panteon,Stellar Crown – Elite Trainer Box – Español,59990
2026-08-01,AFK Store,Elite Trainer Box Pitch Black Elite,67990
2026-08-01,AFK Store,Elite Trainer Box 151,550000
2026-08-01,AFK Store,Elite Trainer Box Perfect Order,60000
2026-08-01,AFK Store,Elite Trainer Box Pokemon Team Up,1500000
2026-08-01,AFK Store,Elite Trainer Box Black Bolt y White Flare,64990
2026-08-01,AFK Store,Elite Trainer Box Rebel Clash,300000
2026-08-01,AFK Store,ELITE TRAINER BOX DESTINED RIVALS,69990
2026-08-01,AFK Store,Elite Trainer Box Paldea Fates,450000
2026-08-01,AFK Store,Elite Trainer Box Journey Together,54990
2026-08-01,AFK Store,Ultra Prism Elite Trainer Box [Dawn Wings Necrozma],800000
2026-08-01,AFK Store,Unbroken Bonds Elite Trainer Box - SM - Unbroken Bonds (SM10),1000000
2026-08-01,AFK Store,Ultra Prism Elite Trainer Box [Dusk Mane Necrozma],700000
2026-08-01,AFK Store,Elite Trainer Box Evolving Skies (Flareon),600000
2026-08-01,AFK Store,Elite Trainer Box Pokemon Go,90000
2026-08-01,AFK Store,Elite Trainer Box Mega Evolution,64990
2026-08-01,AFK Store,Elite Trainer Box Surging Sparks,69990
2026-08-01,AFK Store,Elite Trainer Box Pokemon Battle Styles,90000
2026-08-01,AFK Store,Elite Trainer Box Celebrations,200000
2026-08-01,AFK Store,Elite Trainer Box Hidden Fates,550000
2026-08-01,AFK Store,Cosmic Eclipse Elite Trainer Box,1600000
2026-08-01,AFK Store,Elite Trainer Box Evolving Skies (Sylveon),350000
2026-08-01,AFK Store,Elite Trainer Box Brillant Stars,130000
2026-08-01,AFK Store,Elite Trainer Box Crown Zenith,200000
2026-08-01,AFK Store,Elite Trainer Box Champion's Path,170000
2026-08-01,AFK Store,Elite Trainer Box Twilight Masquerade,59990
2026-08-01,AFK Store,Elite Trainer Box Stellar Crown,49900
2026-08-01,AFK Store,ELITE TRAINER BOX ASCENDED HEROES,150000
2026-08-01,AFK Store,Phantasmal Flames Elite Trainer Box,150000
2026-08-01,AFK Store,Elite Trainer Box Shinning Fates,140000
2026-08-01,AFK Store,Elite Trainer Box Silver Tempest,100000
2026-08-01,AFK Store,Elite Trainer Box Lost Origin,130000
2026-08-01,AFK Store,Elite Trainer Box Plus: Zamazenta Pokemon Sword & Shield,140000
2026-08-01,AFK Store,Elite Trainer Box Scarlet And Violet,59990
2026-08-01,AFK Store,Elite Trainer Box Obsidian Flames,100000
2026-08-01,AFK Store,Elite Trainer Box Paradox Rift Futuro,42990
2026-08-01,AFK Store,Elite Trainer Box Plus: Zacian Pokemon Sword & Shield,140000
2026-08-01,AFK Store,Elite Trainer Box Vivid Voltage,100000
2026-08-01,AFK Store,Elite Trainer Box Shrouded Fable,49990
2026-08-01,AFK Store,Elite Trainer Box Paradox Rift Pasado,42990
2026-08-01,AFK Store,Elite Trainer Box Temporal Forces,79990
2026-08-01,AFK Store,Elite Trainer Box Paldea,44990
2026-08-01,AFK Store,Elite Trainer Box Sword And Shield (Pequeño orificio plastico),40000
2026-08-01,AFK Store,PRISMATIC EVOLUTIONS ELITE TRAINER BOX,69990
2026-08-01,AFK Store,Elite Trainer Box Darkness Ablaze (Plastico levemente Roto),40000
2026-08-01,Piedra Bruja,Scarlet & Violet Destined Rivals Elite Trainer Box,74990
2026-08-01,Piedra Bruja,Mega Evolution Pitch Black Elite Trainer Box ING,79990
2026-08-01,Piedra Bruja,Mega Evolution Perfect Order Elite Trainer Box ING,69990
2026-08-01,Piedra Bruja,Mega Evolution Chaos Rising Elite Trainer Box ESP,65990
2026-08-01,Piedra Bruja,Mega Evolution Perfect Order Elite Trainer Box ESP,69990
2026-08-01,Piedra Bruja,Mega Evolution Pitch Black Elite Trainer Box ESP,72990
2026-08-01,Piedra Bruja,Temporal Forces Iron Leaves - Elite Trainer Box ESP,65990
2026-08-01,Piedra Bruja,Scarlet & Violet Journey Together Elite Trainer Box Español,71990
2026-08-01,Piedra Bruja,Scarlet & Violet White Flare Elite Trainer Box,69990
2026-08-01,Piedra Bruja,Temporal Forces Walking Wake - Elite Trainer Box ESP,65990
2026-08-01,Piedra Bruja,Scarlet & Violet Black Bolt Elite Trainer Box,69990
2026-08-01,Piedra Bruja,Mega Evolution Elite Trainer Box,67990
2026-08-01,Piedra Bruja,Mega Evolution Chaos Rising Elite Trainer Box ING,69990
2026-08-01,Piedra Bruja,Scarlet & Violet Prismatic Evolutions Elite Trainer Box Español,84990
2026-08-01,Piedra Bruja,Mega Evolution Ascended Heroes Elite Trainer Box,67990
2026-08-01,Piedra Bruja,Mega Evolution Phantasmal Flames Elite Trainer Box,67990
2026-08-01,Piedra Bruja,Mega Evolution Ascended Heroes Elite Trainer Box ESP,67990
2026-08-01,Piedra Bruja,Pokemon TCG 30th Celebration - Elite Trainer Box ING,79990
2026-08-01,Piedra Bruja,Pokemon TCG 30th Celebration - Elite Trainer Box ESP,79990
2026-08-01,Magicsur,Pokémon TCG: Silver Tempest Elite Trainer Box - Inglés y Español,49990
2026-08-01,Magicsur,Pokémon TCG: Scarlet & Violet: Obsidian Flames - Elite Trainer Box,51990
2026-08-01,Magicsur,Pokémon TCG: Scarlet & Violet: Temporal Forces - Elite Trainer Box - Iron Leaves,41993
2026-08-01,Magicsur,Pokémon TCG: Scarlet & Violet: Temporal Forces - Elite Trainer Box - Walking Wake,41993
2026-08-01,Magicsur,Pokémon TCG: Scarlet & Violet: Twilight Masquerade - Elite Trainer Box,45592
2026-08-01,Magicsur,Pokémon TCG: Scarlet & Violet: Stellar Crown - Elite Trainer Box,46392
2026-08-01,Magicsur,Pokémon TCG: Mega Evolución - Phantasmal Flames - Elite Trainer Box,74990
2026-08-01,Magicsur,Pokémon TCG: Scarlet & Violet: Journey Together - Elite Trainer Box,59990
2026-08-01,Magicsur,Pokémon TCG: Scarlet & Violet: Surging Sparks - Elite Trainer Box,47992
2026-08-01,Magicsur,Pokémon TCG: Scarlet & Violet: Black Bolt - Elite Trainer Box,69990
2026-08-01,Magicsur,Pokémon TCG: Mega Evolution - Elite Trainer Box (Mega Gardevoir ex),72990
2026-08-01,Magicsur,Pokémon TCG: Mega Evolution - Elite Trainer Box (Mega Lucario ex),72990
2026-08-01,Magicsur,Pokémon TCG: Chaos Rising - Elite Trainer Box,69990
2026-08-01,MARKET_AVERAGE,Daily Average ETB Price,146206
2026-08-02,Charizstore,PITCH BLACK – ELITE TRAINER BOX – ESPAÑOL,67990
2026-08-02,Charizstore,PITCH BLACK – ELITE TRAINER BOX – INGLES,72990
2026-08-02,Charizstore,Mega Evolution Chaos Rising – Elite Trainer Box – Inglés,72990
2026-08-02,Charizstore,Mega Evolution Chaos Rising – Elite Trainer Box – Español,59990
2026-08-02,Charizstore,Mega Evolution – Perfect Order – Elite Trainer Box – Español,50000
2026-08-02,Charizstore,Mega Evolution – Perfect Order – Elite Trainer Box – Ingles,58000
2026-08-02,Charizstore,MEGA EVOLUTION – ASCENDED HEROES ELITE TRAINER BOX – ESPAÑOL,69990
2026-08-02,Charizstore,MEGA EVOLUTION – ASCENDED HEROES ELITE TRAINER BOX – INGLÉS,170000
2026-08-02,Charizstore,Temporal Forces – Elite Trainer Box – Español (V2),90000
2026-08-02,Charizstore,Mega Evolution Phantasmal Flames – Elite Trainer Box – Español,75000
2026-08-02,Charizstore,Temporal Forces – Elite Trainer Box – Español,90000
2026-08-02,Charizstore,White Flare – Elite Trainer Box – Español,62990
2026-08-02,Charizstore,Prismatic Evolutions – Elite Trainer Box – Español,100000
2026-08-02,Charizstore,Black Bolt – Elite Trainer Box – Español,62990
2026-08-02,Charizstore,Crown Zenith – Elite Trainer Box- Español,350000
2026-08-02,Charizstore,Twiligth Masquerade – Elite Trainer Box – Inglés,105000
2026-08-02,Charizstore,Shrouded Fable – Elite Trainer Box – Español,85000
2026-08-02,Charizstore,Shrouded Fable – Elite Trainer Box – Inglés,130000
2026-08-02,Charizstore,Scarlet & Violet Destined Rivals – Elite Trainer Box – Español,85000
2026-08-02,Charizstore,Twiligth Masquerade – Elite Trainer Box – Español,75000
2026-08-02,Charizstore,Journey Together – Elite Trainer Box – Español,60000
2026-08-02,Charizstore,Surging Sparks – Elite Trainer Box – Español,80000
2026-08-02,Charizstore,Surging Sparks – Elite Trainer Box – Inglés,145990
2026-08-02,Charizstore,Obsidian Flames – Elite Trainer Box – Español,149990
2026-08-02,Charizstore,Stellar Crown – Elite Trainer Box – Español,85000
2026-08-02,Charizstore,Stellar Crown – Elite Trainer Box – Inglés,155000
2026-08-02,Collector Center,Mega Evolution Pitch Black- Elite Trainer Box - Español,67990
2026-08-02,Collector Center,Scarlet & Violet: Black Bolt- Elite Trainer Box - Español,54990
2026-08-02,Collector Center,Mega Evolution Pitch Black- Elite Trainer Box - Inglés,73990
2026-08-02,Collector Center,Mega Evolution: Ascended Heroes - Elite Trainer Box - Español,59990
2026-08-02,Collector Center,Mega Evolution Perfect Order - Elite Trainer Box - Ingles,56990
2026-08-02,Collector Center,Mega Evolution Phantasmal Flames - Elite Trainer Box - Español,49990
2026-08-02,Collector Center,Mega Evolution Perfect Order - Elite Trainer Box - Español,49990
2026-08-02,Collector Center,Mega Evolution Chaos Rising - Elite Trainer Box - Ingles,71990
2026-08-02,Collector Center,Scarlet & Violet: White Flare - Elite Trainer Box - Español,54990
2026-08-02,Collector Center,Scarlet & Violet: Surging Sparks – Elite Trainer Box – Ingles,129990
2026-08-02,Collector Center,[PREVENTA 16/09/26] 30th Celebration - Elite Trainer Box - Inglés,199990
2026-08-02,Collector Center,Mega Evolution Chaos Rising - Elite Trainer Box - Español,59990
2026-08-02,Collector Center,Escarlata y Púrpura - Corona Astral – Elite Trainer Box – Español,49990
2026-08-02,MoiiJuegos,Pokémon mega evolution - pitch black elite trainer box (e...,63900
2026-08-02,MoiiJuegos,Pókemon mega evolution - chaos rising elite trainer box (...,62900
2026-08-02,MoiiJuegos,Pókemon mega evolution - perfect order elite trainer box ...,62900
2026-08-02,El Panteon,SET 3 X ELITE TRAINER BOX ESPAÑOL OFERTA PALDEA,169990
2026-08-02,El Panteon,SET 3 X ELITE TRAINER BOX ESPAÑOL OFERTA HEROES,159990
2026-08-02,El Panteon,SET 3 X ELITE TRAINER BOX ESPAÑOL OFERTA PRISMATICA,159990
2026-08-02,El Panteon,SET 3 X ELITE TRAINER BOX ESPAÑOL OFERTA OBSIDIANA,169990
2026-08-02,El Panteon,SET 3 X ELITE TRAINER BOX ESPAÑOL OFERTA DON LUCHO,139990
2026-08-02,El Panteon,SET 3 X ELITE TRAINER BOX ESPAÑOL OFERTA CRUZADA,129990
2026-08-02,El Panteon,SET 3 X ELITE TRAINER BOX ESPAÑOL OFERTA MUNDIALERA,129990
2026-08-02,El Panteon,SET 3 X ELITE TRAINER BOX ESPAÑOL OFERTA DE INVIERNO,129990
2026-08-02,El Panteon,Pitch Black – Elite Trainer Box ESPAÑOL,57990
2026-08-02,El Panteon,Pitch Black – Elite Trainer Box INGLES,69990
2026-08-02,El Panteon,Darkness Ablaze Elite Trainer Box – ESPAÑOL,149990
2026-08-02,El Panteon,Rebel Clash Elite Trainer Box – ESPAÑOL,359990
2026-08-02,El Panteon,Mega Evolution Perfect Order – Elite Trainer Box Español,47990
2026-08-02,El Panteon,Mega Evolution Perfect Order – Elite Trainer Box Ingles,58990
2026-08-02,El Panteon,SET 3 X ELITE TRAINER BOX ESPAÑOL OFERTA VERANIEGA,129990
2026-08-02,El Panteon,SET 3 X ELITE TRAINER BOX PHANTASMAL FLAMES ESPAÑOL OFERTA ENERO,129990
2026-08-02,El Panteon,Pokemon GO Elite Trainer Box – Pokemon GO Español,159990
2026-08-02,El Panteon,Pokemon GO Elite Trainer Box – Pokemon GO Ingles,199990
2026-08-02,El Panteon,SET 3 X ELITE TRAINER BOX ESPAÑOL OFERTA ENERO,139990
2026-08-02,El Panteon,Ascended Heroes Collection – Elite Trainer Box Español,69990
2026-08-02,El Panteon,Shining Fates Elite Trainer Box INGLES,189990
2026-08-02,El Panteon,White Flare – Elite Trainer Box – Ingles,139990
2026-08-02,El Panteon,Mega Evolution Phantasmal Flames – Elite Trainer Box – Español,44990
2026-08-02,El Panteon,Paldea Evolved – Elite Trainer Box – Español,149990
2026-08-02,El Panteon,Prismatic Evolutions – Elite Trainer Box – Español,79990
2026-08-02,El Panteon,Black Bolt – Elite Trainer Box – Inglés,149990
2026-08-02,El Panteon,Paldean Fates – Elite Trainer Box – Ingles,599999
2026-08-02,El Panteon,Twilight Masquerade – Elite Trainer Box – Inglés,109990
2026-08-02,El Panteon,Journey Together – Elite Trainer Box – Español,44990
2026-08-02,El Panteon,Surging Sparks – Elite Trainer Box – Inglés,109990
2026-08-02,El Panteon,Obsidian Flames – Elite Trainer Box – Español,199990
2026-08-02,El Panteon,Stellar Crown – Elite Trainer Box – Español,59990
2026-08-02,AFK Store,Elite Trainer Box Pitch Black Elite,67990
2026-08-02,AFK Store,Elite Trainer Box 151,550000
2026-08-02,AFK Store,Elite Trainer Box Perfect Order,60000
2026-08-02,AFK Store,Elite Trainer Box Pokemon Team Up,1500000
2026-08-02,AFK Store,Elite Trainer Box Black Bolt y White Flare,64990
2026-08-02,AFK Store,Elite Trainer Box Rebel Clash,300000
2026-08-02,AFK Store,ELITE TRAINER BOX DESTINED RIVALS,69990
2026-08-02,AFK Store,Elite Trainer Box Paldea Fates,450000
2026-08-02,AFK Store,Elite Trainer Box Journey Together,54990
2026-08-02,AFK Store,Ultra Prism Elite Trainer Box [Dawn Wings Necrozma],800000
2026-08-02,AFK Store,Unbroken Bonds Elite Trainer Box - SM - Unbroken Bonds (SM10),1000000
2026-08-02,AFK Store,Ultra Prism Elite Trainer Box [Dusk Mane Necrozma],700000
2026-08-02,AFK Store,Elite Trainer Box Evolving Skies (Flareon),600000
2026-08-02,AFK Store,Elite Trainer Box Pokemon Go,90000
2026-08-02,AFK Store,Elite Trainer Box Mega Evolution,64990
2026-08-02,AFK Store,Elite Trainer Box Surging Sparks,69990
2026-08-02,AFK Store,Elite Trainer Box Pokemon Battle Styles,90000
2026-08-02,AFK Store,Elite Trainer Box Celebrations,200000
2026-08-02,AFK Store,Elite Trainer Box Fusion Strike,180000
2026-08-02,AFK Store,Elite Trainer Box Crimson Invasion,150000
2026-08-02,AFK Store,Cosmic Eclipse Elite Trainer Box,1600000
2026-08-02,AFK Store,Elite Trainer Box Pokemon Guardians Rising,400000
2026-08-02,AFK Store,Elite Trainer Box Hidden Fates,550000
2026-08-02,AFK Store,Elite Trainer Box Evolving Skies (Sylveon),350000
2026-08-02,AFK Store,Elite Trainer Box Astral Radiance,90000
2026-08-02,AFK Store,Elite Trainer Box Brillant Stars,130000
2026-08-02,AFK Store,Elite Trainer Box Twilight Masquerade,59990
2026-08-02,AFK Store,Elite Trainer Box Champion's Path,170000
2026-08-02,AFK Store,Elite Trainer Box Crown Zenith,200000
2026-08-02,AFK Store,Elite Trainer Box Stellar Crown,49900
2026-08-02,AFK Store,Elite Trainer Box Lost Origin,130000
2026-08-02,AFK Store,Phantasmal Flames Elite Trainer Box,150000
2026-08-02,AFK Store,Elite Trainer Box Shinning Fates,140000
2026-08-02,AFK Store,ELITE TRAINER BOX ASCENDED HEROES,150000
2026-08-02,AFK Store,Elite Trainer Box Silver Tempest,100000
2026-08-02,AFK Store,Elite Trainer Box Plus: Zamazenta Pokemon Sword & Shield,140000
2026-08-02,AFK Store,PRISMATIC EVOLUTIONS ELITE TRAINER BOX,69990
2026-08-02,AFK Store,Elite Trainer Box Scarlet And Violet,59990
2026-08-02,AFK Store,Elite Trainer Box Obsidian Flames,100000
2026-08-02,AFK Store,Elite Trainer Box Paradox Rift Futuro,42990
2026-08-02,AFK Store,Elite Trainer Box Plus: Zacian Pokemon Sword & Shield,140000
2026-08-02,AFK Store,Elite Trainer Box Vivid Voltage,100000
2026-08-02,AFK Store,Elite Trainer Box Sword And Shield (Pequeño orificio plastico),40000
2026-08-02,AFK Store,Elite Trainer Box Darkness Ablaze (Plastico levemente Roto),40000
2026-08-02,Piedra Bruja,Scarlet & Violet Destined Rivals Elite Trainer Box,74990
2026-08-02,Piedra Bruja,Mega Evolution Pitch Black Elite Trainer Box ING,79990
2026-08-02,Piedra Bruja,Mega Evolution Perfect Order Elite Trainer Box ING,69990
2026-08-02,Piedra Bruja,Mega Evolution Chaos Rising Elite Trainer Box ESP,65990
2026-08-02,Piedra Bruja,Mega Evolution Perfect Order Elite Trainer Box ESP,69990
2026-08-02,Piedra Bruja,Mega Evolution Pitch Black Elite Trainer Box ESP,72990
2026-08-02,Piedra Bruja,Temporal Forces Iron Leaves - Elite Trainer Box ESP,65990
2026-08-02,Piedra Bruja,Scarlet & Violet Journey Together Elite Trainer Box Español,71990
2026-08-02,Piedra Bruja,Scarlet & Violet White Flare Elite Trainer Box,69990
2026-08-02,Piedra Bruja,Temporal Forces Walking Wake - Elite Trainer Box ESP,65990
2026-08-02,Piedra Bruja,Scarlet & Violet Black Bolt Elite Trainer Box,69990
2026-08-02,Piedra Bruja,Mega Evolution Elite Trainer Box,67990
2026-08-02,Piedra Bruja,Mega Evolution Chaos Rising Elite Trainer Box ING,69990
2026-08-02,Piedra Bruja,Scarlet & Violet Prismatic Evolutions Elite Trainer Box Español,84990
2026-08-02,Piedra Bruja,Mega Evolution Ascended Heroes Elite Trainer Box,67990
2026-08-02,Piedra Bruja,Mega Evolution Phantasmal Flames Elite Trainer Box,67990
2026-08-02,Piedra Bruja,Mega Evolution Ascended Heroes Elite Trainer Box ESP,67990
2026-08-02,Piedra Bruja,Pokemon TCG 30th Celebration - Elite Trainer Box ING,79990
2026-08-02,Piedra Bruja,Pokemon TCG 30th Celebration - Elite Trainer Box ESP,79990
2026-08-02,Piedra Bruja,Scarlet & Violet Prismatic Evolutions Elite Trainer Box,89990
2026-08-02,Magicsur,Pokémon TCG: Silver Tempest Elite Trainer Box - Inglés y Español,49990
2026-08-02,Magicsur,Pokémon TCG: Scarlet & Violet: Obsidian Flames - Elite Trainer Box,51990
2026-08-02,Magicsur,Pokémon TCG: Scarlet & Violet: Temporal Forces - Elite Trainer Box - Iron Leaves,41993
2026-08-02,Magicsur,Pokémon TCG: Scarlet & Violet: Temporal Forces - Elite Trainer Box - Walking Wake,41993
2026-08-02,Magicsur,Pokémon TCG: Scarlet & Violet: Twilight Masquerade - Elite Trainer Box,45592
2026-08-02,Magicsur,Pokémon TCG: Scarlet & Violet: Stellar Crown - Elite Trainer Box,46392
2026-08-02,Magicsur,Pokémon TCG: Mega Evolución - Phantasmal Flames - Elite Trainer Box,74990
2026-08-02,Magicsur,Pokémon TCG: Scarlet & Violet: Journey Together - Elite Trainer Box,59990
2026-08-02,Magicsur,Pokémon TCG: Scarlet & Violet: Surging Sparks - Elite Trainer Box,47992
2026-08-02,Magicsur,Pokémon TCG: Scarlet & Violet: Black Bolt - Elite Trainer Box,69990
2026-08-02,Magicsur,Pokémon TCG: Mega Evolution - Elite Trainer Box (Mega Gardevoir ex),72990
2026-08-02,Magicsur,Pokémon TCG: Mega Evolution - Elite Trainer Box (Mega Lucario ex),72990
2026-08-02,Magicsur,Pokémon TCG: Chaos Rising - Elite Trainer Box,69990
2026-08-02,MARKET_AVERAGE,Daily Average ETB Price,150276
2026-08-03,Charizstore,PITCH BLACK – ELITE TRAINER BOX – ESPAÑOL,67990
2026-08-03,Charizstore,PITCH BLACK – ELITE TRAINER BOX – INGLES,72990
2026-08-03,Charizstore,Mega Evolution Chaos Rising – Elite Trainer Box – Inglés,72990
2026-08-03,Charizstore,Mega Evolution Chaos Rising – Elite Trainer Box – Español,59990
2026-08-03,Charizstore,Mega Evolution – Perfect Order – Elite Trainer Box – Español,50000
2026-08-03,Charizstore,Mega Evolution – Perfect Order – Elite Trainer Box – Ingles,58000
2026-08-03,Charizstore,MEGA EVOLUTION – ASCENDED HEROES ELITE TRAINER BOX – ESPAÑOL,69990
2026-08-03,Charizstore,MEGA EVOLUTION – ASCENDED HEROES ELITE TRAINER BOX – INGLÉS,170000
2026-08-03,Charizstore,Temporal Forces – Elite Trainer Box – Español (V2),90000
2026-08-03,Charizstore,Mega Evolution Phantasmal Flames – Elite Trainer Box – Español,75000
2026-08-03,Charizstore,Temporal Forces – Elite Trainer Box – Español,90000
2026-08-03,Charizstore,White Flare – Elite Trainer Box – Español,62990
2026-08-03,Charizstore,Prismatic Evolutions – Elite Trainer Box – Español,100000
2026-08-03,Charizstore,Black Bolt – Elite Trainer Box – Español,62990
2026-08-03,Charizstore,Crown Zenith – Elite Trainer Box- Español,350000
2026-08-03,Charizstore,Twiligth Masquerade – Elite Trainer Box – Inglés,105000
2026-08-03,Charizstore,Shrouded Fable – Elite Trainer Box – Español,85000
2026-08-03,Charizstore,Shrouded Fable – Elite Trainer Box – Inglés,130000
2026-08-03,Charizstore,Scarlet & Violet Destined Rivals – Elite Trainer Box – Español,85000
2026-08-03,Charizstore,Twiligth Masquerade – Elite Trainer Box – Español,75000
2026-08-03,Charizstore,Journey Together – Elite Trainer Box – Español,60000
2026-08-03,Charizstore,Surging Sparks – Elite Trainer Box – Español,80000
2026-08-03,Charizstore,Surging Sparks – Elite Trainer Box – Inglés,145990
2026-08-03,Charizstore,Obsidian Flames – Elite Trainer Box – Español,149990
2026-08-03,Charizstore,Stellar Crown – Elite Trainer Box – Español,85000
2026-08-03,Charizstore,Stellar Crown – Elite Trainer Box – Inglés,155000
2026-08-03,Collector Center,Mega Evolution Pitch Black- Elite Trainer Box - Español,67990
2026-08-03,Collector Center,Scarlet & Violet: Black Bolt- Elite Trainer Box - Español,54990
2026-08-03,Collector Center,Mega Evolution Pitch Black- Elite Trainer Box - Inglés,73990
2026-08-03,Collector Center,Mega Evolution: Ascended Heroes - Elite Trainer Box - Español,59990
2026-08-03,Collector Center,Mega Evolution Perfect Order - Elite Trainer Box - Ingles,56990
2026-08-03,Collector Center,Mega Evolution Phantasmal Flames - Elite Trainer Box - Español,49990
2026-08-03,Collector Center,Mega Evolution Perfect Order - Elite Trainer Box - Español,49990
2026-08-03,Collector Center,Mega Evolution Chaos Rising - Elite Trainer Box - Ingles,71990
2026-08-03,Collector Center,Scarlet & Violet: White Flare - Elite Trainer Box - Español,54990
2026-08-03,Collector Center,Scarlet & Violet: Surging Sparks – Elite Trainer Box – Ingles,129990
2026-08-03,Collector Center,[PREVENTA 16/09/26] 30th Celebration - Elite Trainer Box - Inglés,199990
2026-08-03,Collector Center,Mega Evolution Chaos Rising - Elite Trainer Box - Español,59990
2026-08-03,Collector Center,Escarlata y Púrpura - Corona Astral – Elite Trainer Box – Español,49990
2026-08-03,Collector Center,Escarlata y Púrpura - Aventuras Compartidas – Elite Trainer Box – Español,54990
2026-08-03,MoiiJuegos,Pokémon mega evolution - pitch black elite trainer box (e...,63900
2026-08-03,MoiiJuegos,Pókemon mega evolution - chaos rising elite trainer box (...,62900
2026-08-03,MoiiJuegos,Pókemon mega evolution - perfect order elite trainer box ...,62900
2026-08-03,El Panteon,SET 3 X ELITE TRAINER BOX ESPAÑOL OFERTA PALDEA,169990
2026-08-03,El Panteon,SET 3 X ELITE TRAINER BOX ESPAÑOL OFERTA HEROES,159990
2026-08-03,El Panteon,SET 3 X ELITE TRAINER BOX ESPAÑOL OFERTA PRISMATICA,159990
2026-08-03,El Panteon,SET 3 X ELITE TRAINER BOX ESPAÑOL OFERTA OBSIDIANA,169990
2026-08-03,El Panteon,SET 3 X ELITE TRAINER BOX ESPAÑOL OFERTA DON LUCHO,139990
2026-08-03,El Panteon,SET 3 X ELITE TRAINER BOX ESPAÑOL OFERTA CRUZADA,129990
2026-08-03,El Panteon,SET 3 X ELITE TRAINER BOX ESPAÑOL OFERTA MUNDIALERA,129990
2026-08-03,El Panteon,SET 3 X ELITE TRAINER BOX ESPAÑOL OFERTA DE INVIERNO,129990
2026-08-03,El Panteon,Pitch Black – Elite Trainer Box ESPAÑOL,57990
2026-08-03,El Panteon,Pitch Black – Elite Trainer Box INGLES,69990
2026-08-03,El Panteon,Darkness Ablaze Elite Trainer Box – ESPAÑOL,149990
2026-08-03,El Panteon,Rebel Clash Elite Trainer Box – ESPAÑOL,359990
2026-08-03,El Panteon,Mega Evolution Perfect Order – Elite Trainer Box Español,47990
2026-08-03,El Panteon,Mega Evolution Perfect Order – Elite Trainer Box Ingles,58990
2026-08-03,El Panteon,SET 3 X ELITE TRAINER BOX ESPAÑOL OFERTA VERANIEGA,129990
2026-08-03,El Panteon,SET 3 X ELITE TRAINER BOX PHANTASMAL FLAMES ESPAÑOL OFERTA ENERO,129990
2026-08-03,El Panteon,Pokemon GO Elite Trainer Box – Pokemon GO Español,159990
2026-08-03,El Panteon,Pokemon GO Elite Trainer Box – Pokemon GO Ingles,199990
2026-08-03,El Panteon,SET 3 X ELITE TRAINER BOX ESPAÑOL OFERTA ENERO,139990
2026-08-03,El Panteon,Ascended Heroes Collection – Elite Trainer Box Español,69990
2026-08-03,El Panteon,Shining Fates Elite Trainer Box INGLES,189990
2026-08-03,El Panteon,White Flare – Elite Trainer Box – Ingles,139990
2026-08-03,El Panteon,Mega Evolution Phantasmal Flames – Elite Trainer Box – Español,44990
2026-08-03,El Panteon,Paldea Evolved – Elite Trainer Box – Español,149990
2026-08-03,El Panteon,Prismatic Evolutions – Elite Trainer Box – Español,79990
2026-08-03,El Panteon,Black Bolt – Elite Trainer Box – Inglés,149990
2026-08-03,El Panteon,Paldean Fates – Elite Trainer Box – Ingles,599999
2026-08-03,El Panteon,Twilight Masquerade – Elite Trainer Box – Inglés,109990
2026-08-03,El Panteon,Journey Together – Elite Trainer Box – Español,44990
2026-08-03,El Panteon,Surging Sparks – Elite Trainer Box – Inglés,109990
2026-08-03,El Panteon,Obsidian Flames – Elite Trainer Box – Español,199990
2026-08-03,El Panteon,Stellar Crown – Elite Trainer Box – Español,59990
2026-08-03,AFK Store,Elite Trainer Box Pitch Black Elite,67990
2026-08-03,AFK Store,Elite Trainer Box 151,550000
2026-08-03,AFK Store,Elite Trainer Box Perfect Order,60000
2026-08-03,AFK Store,Elite Trainer Box Pokemon Team Up,1500000
2026-08-03,AFK Store,Elite Trainer Box Black Bolt y White Flare,64990
2026-08-03,AFK Store,Elite Trainer Box Rebel Clash,300000
2026-08-03,AFK Store,ELITE TRAINER BOX DESTINED RIVALS,69990
2026-08-03,AFK Store,Elite Trainer Box Paldea Fates,450000
2026-08-03,AFK Store,Elite Trainer Box Journey Together,54990
2026-08-03,AFK Store,Ultra Prism Elite Trainer Box [Dawn Wings Necrozma],800000
2026-08-03,AFK Store,Unbroken Bonds Elite Trainer Box - SM - Unbroken Bonds (SM10),1000000
2026-08-03,AFK Store,Ultra Prism Elite Trainer Box [Dusk Mane Necrozma],700000
2026-08-03,AFK Store,Elite Trainer Box Evolving Skies (Flareon),600000
2026-08-03,AFK Store,Elite Trainer Box Pokemon Go,90000
2026-08-03,AFK Store,Elite Trainer Box Mega Evolution,64990
2026-08-03,AFK Store,Elite Trainer Box Surging Sparks,69990
2026-08-03,AFK Store,Elite Trainer Box Pokemon Battle Styles,90000
2026-08-03,AFK Store,Elite Trainer Box Celebrations,200000
2026-08-03,AFK Store,Elite Trainer Box Fusion Strike,180000
2026-08-03,AFK Store,Elite Trainer Box Crimson Invasion,150000
2026-08-03,AFK Store,Cosmic Eclipse Elite Trainer Box,1600000
2026-08-03,AFK Store,Elite Trainer Box Pokemon Guardians Rising,400000
2026-08-03,AFK Store,Elite Trainer Box Hidden Fates,550000
2026-08-03,AFK Store,Elite Trainer Box Evolving Skies (Sylveon),350000
2026-08-03,AFK Store,Elite Trainer Box Astral Radiance,90000
2026-08-03,AFK Store,Elite Trainer Box Brillant Stars,130000
2026-08-03,AFK Store,Elite Trainer Box Twilight Masquerade,59990
2026-08-03,AFK Store,Elite Trainer Box Champion's Path,170000
2026-08-03,AFK Store,Elite Trainer Box Crown Zenith,200000
2026-08-03,AFK Store,Elite Trainer Box Stellar Crown,49900
2026-08-03,AFK Store,Elite Trainer Box Lost Origin,130000
2026-08-03,AFK Store,Phantasmal Flames Elite Trainer Box,150000
2026-08-03,AFK Store,Elite Trainer Box Shinning Fates,140000
2026-08-03,AFK Store,ELITE TRAINER BOX ASCENDED HEROES,150000
2026-08-03,AFK Store,Elite Trainer Box Silver Tempest,100000
2026-08-03,AFK Store,Elite Trainer Box Plus: Zamazenta Pokemon Sword & Shield,140000
2026-08-03,AFK Store,PRISMATIC EVOLUTIONS ELITE TRAINER BOX,69990
2026-08-03,AFK Store,Elite Trainer Box Scarlet And Violet,59990
2026-08-03,AFK Store,Elite Trainer Box Obsidian Flames,100000
2026-08-03,AFK Store,Elite Trainer Box Paradox Rift Futuro,42990
2026-08-03,AFK Store,Elite Trainer Box Plus: Zacian Pokemon Sword & Shield,140000
2026-08-03,AFK Store,Elite Trainer Box Vivid Voltage,100000
2026-08-03,AFK Store,Elite Trainer Box Sword And Shield (Pequeño orificio plastico),40000
2026-08-03,AFK Store,Elite Trainer Box Darkness Ablaze (Plastico levemente Roto),40000
2026-08-03,Piedra Bruja,Scarlet & Violet Destined Rivals Elite Trainer Box,74990
2026-08-03,Piedra Bruja,Mega Evolution Pitch Black Elite Trainer Box ING,79990
2026-08-03,Piedra Bruja,Mega Evolution Perfect Order Elite Trainer Box ING,69990
2026-08-03,Piedra Bruja,Mega Evolution Chaos Rising Elite Trainer Box ESP,65990
2026-08-03,Piedra Bruja,Mega Evolution Perfect Order Elite Trainer Box ESP,69990
2026-08-03,Piedra Bruja,Mega Evolution Pitch Black Elite Trainer Box ESP,72990
2026-08-03,Piedra Bruja,Temporal Forces Iron Leaves - Elite Trainer Box ESP,65990
2026-08-03,Piedra Bruja,Scarlet & Violet Journey Together Elite Trainer Box Español,71990
2026-08-03,Piedra Bruja,Scarlet & Violet White Flare Elite Trainer Box,69990
2026-08-03,Piedra Bruja,Temporal Forces Walking Wake - Elite Trainer Box ESP,65990
2026-08-03,Piedra Bruja,Scarlet & Violet Black Bolt Elite Trainer Box,69990
2026-08-03,Piedra Bruja,Mega Evolution Elite Trainer Box,67990
2026-08-03,Piedra Bruja,Mega Evolution Ascended Heroes Elite Trainer Box ESP,67990
2026-08-03,Piedra Bruja,Mega Evolution Chaos Rising Elite Trainer Box ING,69990
2026-08-03,Piedra Bruja,Scarlet & Violet Prismatic Evolutions Elite Trainer Box Español,84990
2026-08-03,Piedra Bruja,Mega Evolution Ascended Heroes Elite Trainer Box,67990
2026-08-03,Piedra Bruja,Mega Evolution Phantasmal Flames Elite Trainer Box,67990
2026-08-03,Piedra Bruja,Pokemon TCG 30th Celebration - Elite Trainer Box ING,79990
2026-08-03,Piedra Bruja,Pokemon TCG 30th Celebration - Elite Trainer Box ESP,79990
2026-08-03,Magicsur,Pokémon TCG: Silver Tempest Elite Trainer Box - Inglés y Español,49990
2026-08-03,Magicsur,Pokémon TCG: Scarlet & Violet: Obsidian Flames - Elite Trainer Box,51990
2026-08-03,Magicsur,Pokémon TCG: Scarlet & Violet: Temporal Forces - Elite Trainer Box - Iron Leaves,41993
2026-08-03,Magicsur,Pokémon TCG: Scarlet & Violet: Temporal Forces - Elite Trainer Box - Walking Wake,41993
2026-08-03,Magicsur,Pokémon TCG: Scarlet & Violet: Twilight Masquerade - Elite Trainer Box,45592
2026-08-03,Magicsur,Pokémon TCG: Scarlet & Violet: Stellar Crown - Elite Trainer Box,46392
2026-08-03,Magicsur,Pokémon TCG: Mega Evolución - Phantasmal Flames - Elite Trainer Box,74990
2026-08-03,Magicsur,Pokémon TCG: Scarlet & Violet: Journey Together - Elite Trainer Box,59990
2026-08-03,Magicsur,Pokémon TCG: Scarlet & Violet: Surging Sparks - Elite Trainer Box,47992
2026-08-03,Magicsur,Pokémon TCG: Scarlet & Violet: Black Bolt - Elite Trainer Box,69990
2026-08-03,Magicsur,Pokémon TCG: Mega Evolution - Elite Trainer Box (Mega Gardevoir ex),72990
2026-08-03,Magicsur,Pokémon TCG: Mega Evolution - Elite Trainer Box (Mega Lucario ex),72990
2026-08-03,Magicsur,Pokémon TCG: Chaos Rising - Elite Trainer Box,69990
2026-08-03,MARKET_AVERAGE,Daily Average ETB Price,150044
2026-08-04,Collector Center,Mega Evolution Pitch Black- Elite Trainer Box - Inglés,73990
2026-08-04,Collector Center,Mega Evolution: Ascended Heroes - Elite Trainer Box - Español,59990
2026-08-04,Collector Center,Mega Evolution Pitch Black- Elite Trainer Box - Español,67990
2026-08-04,Collector Center,Scarlet & Violet: Black Bolt- Elite Trainer Box - Español,54990
2026-08-04,Collector Center,Mega Evolution Perfect Order - Elite Trainer Box - Ingles,56990
2026-08-04,Collector Center,Mega Evolution Phantasmal Flames - Elite Trainer Box - Español,49990
2026-08-04,Collector Center,Mega Evolution Chaos Rising - Elite Trainer Box - Ingles,71990
2026-08-04,Collector Center,Mega Evolution Perfect Order - Elite Trainer Box - Español,49990
2026-08-04,Collector Center,Scarlet & Violet: White Flare - Elite Trainer Box - Español,54990
2026-08-04,Collector Center,Mega Evolution Chaos Rising - Elite Trainer Box - Español,59990
2026-08-04,Collector Center,[PREVENTA 16/09/26] 30th Celebration - Elite Trainer Box - Inglés,199990
2026-08-04,Collector Center,Escarlata y Púrpura - Corona Astral – Elite Trainer Box – Español,49990
2026-08-04,MoiiJuegos,Pokémon mega evolution - pitch black elite trainer box (e...,63900
2026-08-04,MoiiJuegos,Pókemon mega evolution - chaos rising elite trainer box (...,62900
2026-08-04,MoiiJuegos,Pókemon mega evolution - perfect order elite trainer box ...,62900
2026-08-04,AFK Store,Elite Trainer Box Pitch Black Elite,67990
2026-08-04,AFK Store,Elite Trainer Box 151,550000
2026-08-04,AFK Store,Elite Trainer Box Perfect Order,60000
2026-08-04,AFK Store,Elite Trainer Box Pokemon Team Up,1500000
2026-08-04,AFK Store,Elite Trainer Box Rebel Clash,300000
2026-08-04,AFK Store,ELITE TRAINER BOX DESTINED RIVALS,69990
2026-08-04,AFK Store,Elite Trainer Box Paldea Fates,450000
2026-08-04,AFK Store,Elite Trainer Box Journey Together,54990
2026-08-04,AFK Store,Ultra Prism Elite Trainer Box [Dawn Wings Necrozma],800000
2026-08-04,AFK Store,Ultra Prism Elite Trainer Box [Dusk Mane Necrozma],700000
2026-08-04,AFK Store,Unbroken Bonds Elite Trainer Box - SM - Unbroken Bonds (SM10),1000000
2026-08-04,AFK Store,Elite Trainer Box Evolving Skies (Flareon),600000
2026-08-04,AFK Store,Elite Trainer Box Pokemon Go,90000
2026-08-04,AFK Store,Elite Trainer Box Black Bolt y White Flare,64990
2026-08-04,AFK Store,Elite Trainer Box Mega Evolution,64990
2026-08-04,AFK Store,Elite Trainer Box Surging Sparks,69990
2026-08-04,AFK Store,Elite Trainer Box Fusion Strike,180000
2026-08-04,AFK Store,Elite Trainer Box Celebrations,200000
2026-08-04,AFK Store,Elite Trainer Box Hidden Fates,550000
2026-08-04,AFK Store,Cosmic Eclipse Elite Trainer Box,1600000
2026-08-04,AFK Store,Elite Trainer Box Pokemon Guardians Rising,400000
2026-08-04,AFK Store,Elite Trainer Box Pokemon Battle Styles,90000
2026-08-04,AFK Store,Elite Trainer Box Crimson Invasion,150000
2026-08-04,AFK Store,Elite Trainer Box Astral Radiance,90000
2026-08-04,AFK Store,Elite Trainer Box Brillant Stars,130000
2026-08-04,AFK Store,Elite Trainer Box Evolving Skies (Sylveon),350000
2026-08-04,AFK Store,Elite Trainer Box Champion's Path,170000
2026-08-04,AFK Store,Phantasmal Flames Elite Trainer Box,150000
2026-08-04,AFK Store,Elite Trainer Box Crown Zenith,200000
2026-08-04,AFK Store,Elite Trainer Box Lost Origin,130000
2026-08-04,AFK Store,Elite Trainer Box Vivid Voltage,100000
2026-08-04,AFK Store,Elite Trainer Box Shinning Fates,140000
2026-08-04,AFK Store,Elite Trainer Box Twilight Masquerade,59990
2026-08-04,AFK Store,ELITE TRAINER BOX ASCENDED HEROES,150000
2026-08-04,AFK Store,Elite Trainer Box Silver Tempest,100000
2026-08-04,AFK Store,Elite Trainer Box Stellar Crown,49900
2026-08-04,AFK Store,Elite Trainer Box Plus: Zamazenta Pokemon Sword & Shield,140000
2026-08-04,AFK Store,Elite Trainer Box Scarlet And Violet,59990
2026-08-04,AFK Store,Elite Trainer Box Paradox Rift Futuro,42990
2026-08-04,AFK Store,Elite Trainer Box Plus: Zacian Pokemon Sword & Shield,140000
2026-08-04,AFK Store,Elite Trainer Box Obsidian Flames,100000
2026-08-04,AFK Store,Elite Trainer Box Sword And Shield (Pequeño orificio plastico),40000
2026-08-04,AFK Store,Elite Trainer Box Shrouded Fable,49990
2026-08-04,AFK Store,Elite Trainer Box Paradox Rift Pasado,42990
2026-08-04,AFK Store,Elite Trainer Box Paldea,44990
2026-08-04,AFK Store,Elite Trainer Box Temporal Forces,79990
2026-08-04,AFK Store,PRISMATIC EVOLUTIONS ELITE TRAINER BOX,69990
2026-08-04,AFK Store,Elite Trainer Box Darkness Ablaze (Plastico levemente Roto),40000
2026-08-04,Piedra Bruja,Scarlet & Violet Destined Rivals Elite Trainer Box,74990
2026-08-04,Piedra Bruja,Mega Evolution Phantasmal Flames Elite Trainer Box ESP,61990
2026-08-04,Piedra Bruja,Mega Evolution Perfect Order Elite Trainer Box ING,69990
2026-08-04,Piedra Bruja,Mega Evolution Chaos Rising Elite Trainer Box ESP,65990
2026-08-04,Piedra Bruja,Mega Evolution Pitch Black Elite Trainer Box ING,79990
2026-08-04,Piedra Bruja,Mega Evolution Perfect Order Elite Trainer Box ESP,69990
2026-08-04,Piedra Bruja,Mega Evolution Pitch Black Elite Trainer Box ESP,72990
2026-08-04,Piedra Bruja,Temporal Forces Iron Leaves - Elite Trainer Box ESP,65990
2026-08-04,Piedra Bruja,Scarlet & Violet White Flare Elite Trainer Box,69990
2026-08-04,Piedra Bruja,Mega Evolution Elite Trainer Box,67990
2026-08-04,Piedra Bruja,Temporal Forces Walking Wake - Elite Trainer Box ESP,65990
2026-08-04,Piedra Bruja,Scarlet & Violet Black Bolt Elite Trainer Box,69990
2026-08-04,Piedra Bruja,Mega Evolution Ascended Heroes Elite Trainer Box,67990
2026-08-04,Piedra Bruja,Mega Evolution Ascended Heroes Elite Trainer Box ESP,67990
2026-08-04,Piedra Bruja,Scarlet & Violet Prismatic Evolutions Elite Trainer Box,89990
2026-08-04,Piedra Bruja,Scarlet & Violet Prismatic Evolutions Elite Trainer Box Español,84990
2026-08-04,Piedra Bruja,Mega Evolution Chaos Rising Elite Trainer Box ING,69990
2026-08-04,Piedra Bruja,Mega Evolution Phantasmal Flames Elite Trainer Box,67990
2026-08-04,Piedra Bruja,Pokemon TCG 30th Celebration - Elite Trainer Box ESP,79990
2026-08-04,Piedra Bruja,Pokemon TCG 30th Celebration - Elite Trainer Box ING,79990
2026-08-04,Piedra Bruja,Scarlet & Violet Journey Together Elite Trainer Box Español,71990
2026-08-04,Magicsur,Pokémon TCG: Silver Tempest Elite Trainer Box - Inglés y Español,49990
2026-08-04,Magicsur,Pokémon TCG: Scarlet & Violet: Obsidian Flames - Elite Trainer Box,51990
2026-08-04,Magicsur,Pokémon TCG: Scarlet & Violet: Temporal Forces - Elite Trainer Box - Iron Leaves,41993
2026-08-04,Magicsur,Pokémon TCG: Scarlet & Violet: Temporal Forces - Elite Trainer Box - Walking Wake,41993
2026-08-04,Magicsur,Pokémon TCG: Scarlet & Violet: Twilight Masquerade - Elite Trainer Box,45592
2026-08-04,Magicsur,Pokémon TCG: Scarlet & Violet: Stellar Crown - Elite Trainer Box,46392
2026-08-04,Magicsur,Pokémon TCG: Mega Evolución - Phantasmal Flames - Elite Trainer Box,74990
2026-08-04,Magicsur,Pokémon TCG: Scarlet & Violet: Journey Together - Elite Trainer Box,59990
2026-08-04,Magicsur,Pokémon TCG: Scarlet & Violet: Surging Sparks - Elite Trainer Box,47992
2026-08-04,Magicsur,Pokémon TCG: Scarlet & Violet: Black Bolt - Elite Trainer Box,69990
2026-08-04,Magicsur,Pokémon TCG: Mega Evolution - Elite Trainer Box (Mega Gardevoir ex),72990
2026-08-04,Magicsur,Pokémon TCG: Mega Evolution - Elite Trainer Box (Mega Lucario ex),72990
2026-08-04,Magicsur,Pokémon TCG: Chaos Rising - Elite Trainer Box,69990
2026-08-04,MARKET_AVERAGE,Daily Average ETB Price,160701
2026-08-05,Charizstore,PITCH BLACK – ELITE TRAINER BOX – ESPAÑOL,67990
2026-08-05,Charizstore,PITCH BLACK – ELITE TRAINER BOX – INGLES,72990
2026-08-05,Charizstore,Mega Evolution Chaos Rising – Elite Trainer Box – Inglés,72990
2026-08-05,Charizstore,Mega Evolution Chaos Rising – Elite Trainer Box – Español,59990
2026-08-05,Charizstore,Mega Evolution – Perfect Order – Elite Trainer Box – Español,50000
2026-08-05,Charizstore,Mega Evolution – Perfect Order – Elite Trainer Box – Ingles,58000
2026-08-05,Charizstore,MEGA EVOLUTION – ASCENDED HEROES ELITE TRAINER BOX – ESPAÑOL,69990
2026-08-05,Charizstore,MEGA EVOLUTION – ASCENDED HEROES ELITE TRAINER BOX – INGLÉS,170000
2026-08-05,Charizstore,Temporal Forces – Elite Trainer Box – Español (V2),90000
2026-08-05,Charizstore,Mega Evolution Phantasmal Flames – Elite Trainer Box – Español,75000
2026-08-05,Charizstore,Temporal Forces – Elite Trainer Box – Español,90000
2026-08-05,Charizstore,White Flare – Elite Trainer Box – Español,62990
2026-08-05,Charizstore,Prismatic Evolutions – Elite Trainer Box – Español,100000
2026-08-05,Charizstore,Black Bolt – Elite Trainer Box – Español,62990
2026-08-05,Charizstore,Crown Zenith – Elite Trainer Box- Español,350000
2026-08-05,Charizstore,Twiligth Masquerade – Elite Trainer Box – Inglés,105000
2026-08-05,Charizstore,Shrouded Fable – Elite Trainer Box – Español,85000
2026-08-05,Charizstore,Shrouded Fable – Elite Trainer Box – Inglés,130000
2026-08-05,Charizstore,Scarlet & Violet Destined Rivals – Elite Trainer Box – Español,85000
2026-08-05,Charizstore,Twiligth Masquerade – Elite Trainer Box – Español,75000
2026-08-05,Charizstore,Journey Together – Elite Trainer Box – Español,60000
2026-08-05,Charizstore,Surging Sparks – Elite Trainer Box – Español,80000
2026-08-05,Charizstore,Surging Sparks – Elite Trainer Box – Inglés,145990
2026-08-05,Charizstore,Obsidian Flames – Elite Trainer Box – Español,149990
2026-08-05,Charizstore,Stellar Crown – Elite Trainer Box – Español,85000
2026-08-05,Charizstore,Stellar Crown – Elite Trainer Box – Inglés,155000
2026-08-05,Collector Center,Mega Evolution: Ascended Heroes - Elite Trainer Box - Español,59990
2026-08-05,Collector Center,Mega Evolution Pitch Black- Elite Trainer Box - Inglés,73990
2026-08-05,Collector Center,Mega Evolution Pitch Black- Elite Trainer Box - Español,67990
2026-08-05,Collector Center,Scarlet & Violet: Black Bolt- Elite Trainer Box - Español,54990
2026-08-05,Collector Center,Mega Evolution Perfect Order - Elite Trainer Box - Ingles,56990
2026-08-05,Collector Center,Mega Evolution Phantasmal Flames - Elite Trainer Box - Español,49990
2026-08-05,Collector Center,Mega Evolution Chaos Rising - Elite Trainer Box - Ingles,71990
2026-08-05,Collector Center,Mega Evolution Perfect Order - Elite Trainer Box - Español,49990
2026-08-05,Collector Center,Scarlet & Violet: White Flare - Elite Trainer Box - Español,54990
2026-08-05,Collector Center,Mega Evolution Chaos Rising - Elite Trainer Box - Español,59990
2026-08-05,Collector Center,[PREVENTA 16/09/26] 30th Celebration - Elite Trainer Box - Inglés,199990
2026-08-05,Collector Center,Escarlata y Púrpura - Corona Astral – Elite Trainer Box – Español,49990
2026-08-05,MoiiJuegos,Pokémon mega evolution - pitch black elite trainer box (e...,63900
2026-08-05,MoiiJuegos,Pókemon mega evolution - chaos rising elite trainer box (...,62900
2026-08-05,MoiiJuegos,Pókemon mega evolution - perfect order elite trainer box ...,62900
2026-08-05,El Panteon,SET 3 X ELITE TRAINER BOX ESPAÑOL OFERTA PALDEA,169990
2026-08-05,El Panteon,SET 3 X ELITE TRAINER BOX ESPAÑOL OFERTA HEROES,159990
2026-08-05,El Panteon,SET 3 X ELITE TRAINER BOX ESPAÑOL OFERTA PRISMATICA,159990
2026-08-05,El Panteon,SET 3 X ELITE TRAINER BOX ESPAÑOL OFERTA OBSIDIANA,169990
2026-08-05,El Panteon,SET 3 X ELITE TRAINER BOX ESPAÑOL OFERTA DON LUCHO,139990
2026-08-05,El Panteon,SET 3 X ELITE TRAINER BOX ESPAÑOL OFERTA CRUZADA,129990
2026-08-05,El Panteon,SET 3 X ELITE TRAINER BOX ESPAÑOL OFERTA MUNDIALERA,129990
2026-08-05,El Panteon,SET 3 X ELITE TRAINER BOX ESPAÑOL OFERTA DE INVIERNO,129990
2026-08-05,El Panteon,Pitch Black – Elite Trainer Box ESPAÑOL,57990
2026-08-05,El Panteon,Pitch Black – Elite Trainer Box INGLES,69990
2026-08-05,El Panteon,Darkness Ablaze Elite Trainer Box – ESPAÑOL,149990
2026-08-05,El Panteon,Rebel Clash Elite Trainer Box – ESPAÑOL,359990
2026-08-05,El Panteon,Mega Evolution Perfect Order – Elite Trainer Box Español,47990
2026-08-05,El Panteon,Mega Evolution Perfect Order – Elite Trainer Box Ingles,58990
2026-08-05,El Panteon,SET 3 X ELITE TRAINER BOX ESPAÑOL OFERTA VERANIEGA,129990
2026-08-05,El Panteon,SET 3 X ELITE TRAINER BOX PHANTASMAL FLAMES ESPAÑOL OFERTA ENERO,129990
2026-08-05,El Panteon,Pokemon GO Elite Trainer Box – Pokemon GO Español,159990
2026-08-05,El Panteon,Pokemon GO Elite Trainer Box – Pokemon GO Ingles,199990
2026-08-05,El Panteon,SET 3 X ELITE TRAINER BOX ESPAÑOL OFERTA ENERO,139990
2026-08-05,El Panteon,Ascended Heroes Collection – Elite Trainer Box Español,69990
2026-08-05,El Panteon,Shining Fates Elite Trainer Box INGLES,189990
2026-08-05,El Panteon,White Flare – Elite Trainer Box – Ingles,139990
2026-08-05,El Panteon,Mega Evolution Phantasmal Flames – Elite Trainer Box – Español,44990
2026-08-05,El Panteon,Paldea Evolved – Elite Trainer Box – Español,149990
2026-08-05,El Panteon,Prismatic Evolutions – Elite Trainer Box – Español,79990
2026-08-05,El Panteon,Black Bolt – Elite Trainer Box – Inglés,149990
2026-08-05,El Panteon,Paldean Fates – Elite Trainer Box – Ingles,599999
2026-08-05,El Panteon,Twilight Masquerade – Elite Trainer Box – Inglés,109990
2026-08-05,El Panteon,Journey Together – Elite Trainer Box – Español,44990
2026-08-05,El Panteon,Surging Sparks – Elite Trainer Box – Inglés,109990
2026-08-05,El Panteon,Obsidian Flames – Elite Trainer Box – Español,199990
2026-08-05,El Panteon,Stellar Crown – Elite Trainer Box – Español,59990
2026-08-05,AFK Store,Elite Trainer Box Pitch Black Elite,67990
2026-08-05,AFK Store,Elite Trainer Box 151,550000
2026-08-05,AFK Store,Elite Trainer Box Perfect Order,60000
2026-08-05,AFK Store,Elite Trainer Box Pokemon Team Up,1500000
2026-08-05,AFK Store,Elite Trainer Box Rebel Clash,300000
2026-08-05,AFK Store,ELITE TRAINER BOX DESTINED RIVALS,69990
2026-08-05,AFK Store,Elite Trainer Box Paldea Fates,450000
2026-08-05,AFK Store,Elite Trainer Box Journey Together,54990
2026-08-05,AFK Store,Ultra Prism Elite Trainer Box [Dawn Wings Necrozma],800000
2026-08-05,AFK Store,Ultra Prism Elite Trainer Box [Dusk Mane Necrozma],700000
2026-08-05,AFK Store,Unbroken Bonds Elite Trainer Box - SM - Unbroken Bonds (SM10),1000000
2026-08-05,AFK Store,Elite Trainer Box Evolving Skies (Flareon),600000
2026-08-05,AFK Store,Elite Trainer Box Pokemon Go,90000
2026-08-05,AFK Store,Elite Trainer Box Black Bolt y White Flare,64990
2026-08-05,AFK Store,Elite Trainer Box Mega Evolution,64990
2026-08-05,AFK Store,Elite Trainer Box Surging Sparks,69990
2026-08-05,AFK Store,Elite Trainer Box Fusion Strike,180000
2026-08-05,AFK Store,Elite Trainer Box Celebrations,200000
2026-08-05,AFK Store,Elite Trainer Box Hidden Fates,550000
2026-08-05,AFK Store,Cosmic Eclipse Elite Trainer Box,1600000
2026-08-05,AFK Store,Elite Trainer Box Pokemon Guardians Rising,400000
2026-08-05,AFK Store,Elite Trainer Box Pokemon Battle Styles,90000
2026-08-05,AFK Store,Elite Trainer Box Crimson Invasion,150000
2026-08-05,AFK Store,Elite Trainer Box Astral Radiance,90000
2026-08-05,AFK Store,Elite Trainer Box Brillant Stars,130000
2026-08-05,AFK Store,Elite Trainer Box Evolving Skies (Sylveon),350000
2026-08-05,AFK Store,Elite Trainer Box Champion's Path,170000
2026-08-05,AFK Store,Phantasmal Flames Elite Trainer Box,150000
2026-08-05,AFK Store,Elite Trainer Box Crown Zenith,200000
2026-08-05,AFK Store,Elite Trainer Box Lost Origin,130000
2026-08-05,AFK Store,Elite Trainer Box Vivid Voltage,100000
2026-08-05,AFK Store,Elite Trainer Box Shinning Fates,140000
2026-08-05,AFK Store,Elite Trainer Box Twilight Masquerade,59990
2026-08-05,AFK Store,ELITE TRAINER BOX ASCENDED HEROES,150000
2026-08-05,AFK Store,Elite Trainer Box Silver Tempest,100000
2026-08-05,AFK Store,Elite Trainer Box Stellar Crown,49900
2026-08-05,AFK Store,Elite Trainer Box Plus: Zamazenta Pokemon Sword & Shield,140000
2026-08-05,AFK Store,Elite Trainer Box Scarlet And Violet,59990
2026-08-05,AFK Store,Elite Trainer Box Paradox Rift Futuro,42990
2026-08-05,AFK Store,Elite Trainer Box Plus: Zacian Pokemon Sword & Shield,140000
2026-08-05,AFK Store,Elite Trainer Box Obsidian Flames,100000
2026-08-05,AFK Store,Elite Trainer Box Sword And Shield (Pequeño orificio plastico),40000
2026-08-05,AFK Store,Elite Trainer Box Shrouded Fable,49990
2026-08-05,AFK Store,Elite Trainer Box Paradox Rift Pasado,42990
2026-08-05,AFK Store,Elite Trainer Box Paldea,44990
2026-08-05,AFK Store,Elite Trainer Box Temporal Forces,79990
2026-08-05,AFK Store,PRISMATIC EVOLUTIONS ELITE TRAINER BOX,69990
2026-08-05,AFK Store,Elite Trainer Box Darkness Ablaze (Plastico levemente Roto),40000
2026-08-05,Piedra Bruja,Mega Evolution Pitch Black Elite Trainer Box ING,79990
2026-08-05,Piedra Bruja,Scarlet & Violet Destined Rivals Elite Trainer Box,74990
2026-08-05,Piedra Bruja,Mega Evolution Phantasmal Flames Elite Trainer Box ESP,61990
2026-08-05,Piedra Bruja,Mega Evolution Perfect Order Elite Trainer Box ING,69990
2026-08-05,Piedra Bruja,Mega Evolution Chaos Rising Elite Trainer Box ESP,65990
2026-08-05,Piedra Bruja,Mega Evolution Perfect Order Elite Trainer Box ESP,69990
2026-08-05,Piedra Bruja,Mega Evolution Pitch Black Elite Trainer Box ESP,72990
2026-08-05,Piedra Bruja,Temporal Forces Iron Leaves - Elite Trainer Box ESP,65990
2026-08-05,Piedra Bruja,Scarlet & Violet White Flare Elite Trainer Box,69990
2026-08-05,Piedra Bruja,Mega Evolution Elite Trainer Box,67990
2026-08-05,Piedra Bruja,Temporal Forces Walking Wake - Elite Trainer Box ESP,65990
2026-08-05,Piedra Bruja,Scarlet & Violet Black Bolt Elite Trainer Box,69990
2026-08-05,Piedra Bruja,Mega Evolution Ascended Heroes Elite Trainer Box,67990
2026-08-05,Piedra Bruja,Mega Evolution Ascended Heroes Elite Trainer Box ESP,67990
2026-08-05,Piedra Bruja,Scarlet & Violet Prismatic Evolutions Elite Trainer Box,89990
2026-08-05,Piedra Bruja,Scarlet & Violet Prismatic Evolutions Elite Trainer Box Español,84990
2026-08-05,Piedra Bruja,Mega Evolution Chaos Rising Elite Trainer Box ING,69990
2026-08-05,Piedra Bruja,Mega Evolution Phantasmal Flames Elite Trainer Box,67990
2026-08-05,Piedra Bruja,Pokemon TCG 30th Celebration - Elite Trainer Box ESP,79990
2026-08-05,Piedra Bruja,Pokemon TCG 30th Celebration - Elite Trainer Box ING,79990
2026-08-05,Piedra Bruja,Scarlet & Violet Journey Together Elite Trainer Box Español,71990
2026-08-05,MARKET_AVERAGE,Daily Average ETB Price,155597
2026-08-06,Charizstore,PITCH BLACK – ELITE TRAINER BOX – ESPAÑOL,67990
2026-08-06,Charizstore,PITCH BLACK – ELITE TRAINER BOX – INGLES,72990
2026-08-06,Charizstore,Mega Evolution Chaos Rising – Elite Trainer Box – Inglés,72990
2026-08-06,Charizstore,Mega Evolution Chaos Rising – Elite Trainer Box – Español,59990
2026-08-06,Charizstore,Mega Evolution – Perfect Order – Elite Trainer Box – Español,50000
2026-08-06,Charizstore,Mega Evolution – Perfect Order – Elite Trainer Box – Ingles,58000
2026-08-06,Charizstore,MEGA EVOLUTION – ASCENDED HEROES ELITE TRAINER BOX – ESPAÑOL,69990
2026-08-06,Charizstore,MEGA EVOLUTION – ASCENDED HEROES ELITE TRAINER BOX – INGLÉS,170000
2026-08-06,Charizstore,Temporal Forces – Elite Trainer Box – Español (V2),90000
2026-08-06,Charizstore,Mega Evolution Phantasmal Flames – Elite Trainer Box – Español,75000
2026-08-06,Charizstore,Temporal Forces – Elite Trainer Box – Español,90000
2026-08-06,Charizstore,White Flare – Elite Trainer Box – Español,62990
2026-08-06,Charizstore,Prismatic Evolutions – Elite Trainer Box – Español,100000
2026-08-06,Charizstore,Black Bolt – Elite Trainer Box – Español,62990
2026-08-06,Charizstore,Crown Zenith – Elite Trainer Box- Español,350000
2026-08-06,Charizstore,Twiligth Masquerade – Elite Trainer Box – Inglés,105000
2026-08-06,Charizstore,Shrouded Fable – Elite Trainer Box – Español,85000
2026-08-06,Charizstore,Shrouded Fable – Elite Trainer Box – Inglés,130000
2026-08-06,Charizstore,Scarlet & Violet Destined Rivals – Elite Trainer Box – Español,85000
2026-08-06,Charizstore,Twiligth Masquerade – Elite Trainer Box – Español,75000
2026-08-06,Charizstore,Journey Together – Elite Trainer Box – Español,60000
2026-08-06,Charizstore,Surging Sparks – Elite Trainer Box – Español,80000
2026-08-06,Charizstore,Surging Sparks – Elite Trainer Box – Inglés,145990
2026-08-06,Charizstore,Obsidian Flames – Elite Trainer Box – Español,149990
2026-08-06,Charizstore,Stellar Crown – Elite Trainer Box – Español,85000
2026-08-06,Charizstore,Stellar Crown – Elite Trainer Box – Inglés,155000
2026-08-06,Collector Center,Mega Evolution: Ascended Heroes - Elite Trainer Box - Español,59990
2026-08-06,Collector Center,Scarlet & Violet: Black Bolt- Elite Trainer Box - Español,54990
2026-08-06,Collector Center,Mega Evolution Pitch Black- Elite Trainer Box - Español,67990
2026-08-06,Collector Center,Mega Evolution Perfect Order - Elite Trainer Box - Ingles,56990
2026-08-06,Collector Center,[PREVENTA 16/09/26] 30th Celebration - Elite Trainer Box - Inglés,199990
2026-08-06,Collector Center,Mega Evolution Phantasmal Flames - Elite Trainer Box - Español,49990
2026-08-06,Collector Center,Mega Evolution Pitch Black- Elite Trainer Box - Inglés,73990
2026-08-06,Collector Center,Mega Evolution Perfect Order - Elite Trainer Box - Español,49990
2026-08-06,Collector Center,Mega Evolution Chaos Rising - Elite Trainer Box - Ingles,71990
2026-08-06,Collector Center,Scarlet & Violet: White Flare - Elite Trainer Box - Español,54990
2026-08-06,Collector Center,Mega Evolution Chaos Rising - Elite Trainer Box - Español,59990
2026-08-06,Collector Center,Escarlata y Púrpura - Corona Astral – Elite Trainer Box – Español,49990
2026-08-06,MoiiJuegos,Pokémon mega evolution - pitch black elite trainer box (e...,63900
2026-08-06,MoiiJuegos,Pókemon mega evolution - chaos rising elite trainer box (...,62900
2026-08-06,MoiiJuegos,Pókemon mega evolution - perfect order elite trainer box ...,62900
2026-08-06,El Panteon,SET 3 X ELITE TRAINER BOX ESPAÑOL OFERTA PALDEA,169990
2026-08-06,El Panteon,SET 3 X ELITE TRAINER BOX ESPAÑOL OFERTA HEROES,159990
2026-08-06,El Panteon,SET 3 X ELITE TRAINER BOX ESPAÑOL OFERTA PRISMATICA,159990
2026-08-06,El Panteon,SET 3 X ELITE TRAINER BOX ESPAÑOL OFERTA OBSIDIANA,169990
2026-08-06,El Panteon,SET 3 X ELITE TRAINER BOX ESPAÑOL OFERTA DON LUCHO,139990
2026-08-06,El Panteon,SET 3 X ELITE TRAINER BOX ESPAÑOL OFERTA CRUZADA,129990
2026-08-06,El Panteon,SET 3 X ELITE TRAINER BOX ESPAÑOL OFERTA MUNDIALERA,129990
2026-08-06,El Panteon,SET 3 X ELITE TRAINER BOX ESPAÑOL OFERTA DE INVIERNO,129990
2026-08-06,El Panteon,Pitch Black – Elite Trainer Box ESPAÑOL,57990
2026-08-06,El Panteon,Pitch Black – Elite Trainer Box INGLES,69990
2026-08-06,El Panteon,Darkness Ablaze Elite Trainer Box – ESPAÑOL,149990
2026-08-06,El Panteon,Rebel Clash Elite Trainer Box – ESPAÑOL,359990
2026-08-06,El Panteon,Mega Evolution Perfect Order – Elite Trainer Box Español,47990
2026-08-06,El Panteon,Mega Evolution Perfect Order – Elite Trainer Box Ingles,58990
2026-08-06,El Panteon,SET 3 X ELITE TRAINER BOX ESPAÑOL OFERTA VERANIEGA,129990
2026-08-06,El Panteon,SET 3 X ELITE TRAINER BOX PHANTASMAL FLAMES ESPAÑOL OFERTA ENERO,129990
2026-08-06,El Panteon,Pokemon GO Elite Trainer Box – Pokemon GO Español,159990
2026-08-06,El Panteon,Pokemon GO Elite Trainer Box – Pokemon GO Ingles,199990
2026-08-06,El Panteon,SET 3 X ELITE TRAINER BOX ESPAÑOL OFERTA ENERO,139990
2026-08-06,El Panteon,Ascended Heroes Collection – Elite Trainer Box Español,69990
2026-08-06,El Panteon,Shining Fates Elite Trainer Box INGLES,189990
2026-08-06,El Panteon,White Flare – Elite Trainer Box – Ingles,139990
2026-08-06,El Panteon,Mega Evolution Phantasmal Flames – Elite Trainer Box – Español,44990
2026-08-06,El Panteon,Paldea Evolved – Elite Trainer Box – Español,149990
2026-08-06,El Panteon,Prismatic Evolutions – Elite Trainer Box – Español,79990
2026-08-06,El Panteon,Black Bolt – Elite Trainer Box – Inglés,149990
2026-08-06,El Panteon,Paldean Fates – Elite Trainer Box – Ingles,599999
2026-08-06,El Panteon,Twilight Masquerade – Elite Trainer Box – Inglés,109990
2026-08-06,El Panteon,Journey Together – Elite Trainer Box – Español,44990
2026-08-06,El Panteon,Surging Sparks – Elite Trainer Box – Inglés,109990
2026-08-06,El Panteon,Obsidian Flames – Elite Trainer Box – Español,199990
2026-08-06,El Panteon,Stellar Crown – Elite Trainer Box – Español,59990
2026-08-06,AFK Store,Elite Trainer Box 151,550000
2026-08-06,AFK Store,Elite Trainer Box Paldea Fates,450000
2026-08-06,AFK Store,Elite Trainer Box Pitch Black Elite,67990
2026-08-06,AFK Store,Elite Trainer Box Perfect Order,60000
2026-08-06,AFK Store,Elite Trainer Box Pokemon Team Up,1500000
2026-08-06,AFK Store,Elite Trainer Box Rebel Clash,300000
2026-08-06,AFK Store,ELITE TRAINER BOX DESTINED RIVALS,69990
2026-08-06,AFK Store,Elite Trainer Box Journey Together,54990
2026-08-06,AFK Store,Ultra Prism Elite Trainer Box [Dusk Mane Necrozma],700000
2026-08-06,AFK Store,Ultra Prism Elite Trainer Box [Dawn Wings Necrozma],800000
2026-08-06,AFK Store,Unbroken Bonds Elite Trainer Box - SM - Unbroken Bonds (SM10),1000000
2026-08-06,AFK Store,Elite Trainer Box Pokemon Go,90000
2026-08-06,AFK Store,Elite Trainer Box Mega Evolution,64990
2026-08-06,AFK Store,Elite Trainer Box Evolving Skies (Flareon),600000
2026-08-06,AFK Store,Elite Trainer Box Hidden Fates,550000
2026-08-06,AFK Store,Elite Trainer Box Fusion Strike,180000
2026-08-06,AFK Store,Elite Trainer Box Celebrations,200000
2026-08-06,AFK Store,Cosmic Eclipse Elite Trainer Box,1600000
2026-08-06,AFK Store,Elite Trainer Box Pokemon Guardians Rising,400000
2026-08-06,AFK Store,Elite Trainer Box Pokemon Battle Styles,90000
2026-08-06,AFK Store,Elite Trainer Box Black Bolt y White Flare,64990
2026-08-06,AFK Store,Elite Trainer Box Crimson Invasion,150000
2026-08-06,AFK Store,Elite Trainer Box Astral Radiance,90000
2026-08-06,AFK Store,Elite Trainer Box Brillant Stars,130000
2026-08-06,AFK Store,Elite Trainer Box Surging Sparks,69990
2026-08-06,AFK Store,Elite Trainer Box Crown Zenith,200000
2026-08-06,AFK Store,Phantasmal Flames Elite Trainer Box,150000
2026-08-06,AFK Store,Elite Trainer Box Champion's Path,170000
2026-08-06,AFK Store,Elite Trainer Box Evolving Skies (Sylveon),350000
2026-08-06,AFK Store,Elite Trainer Box Lost Origin,130000
2026-08-06,AFK Store,Elite Trainer Box Vivid Voltage,100000
2026-08-06,AFK Store,Elite Trainer Box Stellar Crown,49900
2026-08-06,AFK Store,Elite Trainer Box Shinning Fates,140000
2026-08-06,AFK Store,Elite Trainer Box Silver Tempest,100000
2026-08-06,AFK Store,ELITE TRAINER BOX ASCENDED HEROES,150000
2026-08-06,AFK Store,Elite Trainer Box Paradox Rift Futuro,42990
2026-08-06,AFK Store,Elite Trainer Box Plus: Zamazenta Pokemon Sword & Shield,140000
2026-08-06,AFK Store,Elite Trainer Box Scarlet And Violet,59990
2026-08-06,AFK Store,Elite Trainer Box Paldea,44990
2026-08-06,AFK Store,Elite Trainer Box Obsidian Flames,100000
2026-08-06,AFK Store,Elite Trainer Box Twilight Masquerade,59990
2026-08-06,AFK Store,Elite Trainer Box Plus: Zacian Pokemon Sword & Shield,140000
2026-08-06,AFK Store,Elite Trainer Box Paradox Rift Pasado,42990
2026-08-06,AFK Store,Elite Trainer Box Sword And Shield (Pequeño orificio plastico),40000
2026-08-06,AFK Store,Elite Trainer Box Temporal Forces,79990
2026-08-06,AFK Store,Elite Trainer Box Shrouded Fable,49990
2026-08-06,AFK Store,PRISMATIC EVOLUTIONS ELITE TRAINER BOX,69990
2026-08-06,AFK Store,Elite Trainer Box Darkness Ablaze (Plastico levemente Roto),40000
2026-08-06,Piedra Bruja,Mega Evolution Pitch Black Elite Trainer Box ING,79990
2026-08-06,Piedra Bruja,Mega Evolution Phantasmal Flames Elite Trainer Box ESP,61990
2026-08-06,Piedra Bruja,Scarlet & Violet Destined Rivals Elite Trainer Box,74990
2026-08-06,Piedra Bruja,Mega Evolution Perfect Order Elite Trainer Box ING,69990
2026-08-06,Piedra Bruja,Mega Evolution Pitch Black Elite Trainer Box ESP,72990
2026-08-06,Piedra Bruja,Mega Evolution Perfect Order Elite Trainer Box ESP,69990
2026-08-06,Piedra Bruja,Mega Evolution Chaos Rising Elite Trainer Box ESP,65990
2026-08-06,Piedra Bruja,Temporal Forces Iron Leaves - Elite Trainer Box ESP,65990
2026-08-06,Piedra Bruja,Scarlet & Violet White Flare Elite Trainer Box,69990
2026-08-06,Piedra Bruja,Mega Evolution Elite Trainer Box,67990
2026-08-06,Piedra Bruja,Temporal Forces Walking Wake - Elite Trainer Box ESP,65990
2026-08-06,Piedra Bruja,Pokemon TCG 30th Celebration - Elite Trainer Box ING,79990
2026-08-06,Piedra Bruja,Scarlet & Violet Black Bolt Elite Trainer Box,69990
2026-08-06,Piedra Bruja,Scarlet & Violet Prismatic Evolutions Elite Trainer Box Español,84990
2026-08-06,Piedra Bruja,Mega Evolution Ascended Heroes Elite Trainer Box,67990
2026-08-06,Piedra Bruja,Mega Evolution Phantasmal Flames Elite Trainer Box,67990
2026-08-06,Piedra Bruja,Mega Evolution Ascended Heroes Elite Trainer Box ESP,67990
2026-08-06,Piedra Bruja,Pokemon TCG 30th Celebration - Elite Trainer Box ESP,79990
2026-08-06,Piedra Bruja,Scarlet & Violet Prismatic Evolutions Elite Trainer Box,89990
2026-08-06,Piedra Bruja,Scarlet & Violet Journey Together Elite Trainer Box Español,71990
2026-08-06,Piedra Bruja,Mega Evolution Chaos Rising Elite Trainer Box ING,69990
2026-08-06,MARKET_AVERAGE,Daily Average ETB Price,155597
2026-08-07,Charizstore,PITCH BLACK – ELITE TRAINER BOX – ESPAÑOL,67990
2026-08-07,Charizstore,PITCH BLACK – ELITE TRAINER BOX – INGLES,72990
2026-08-07,Charizstore,Mega Evolution Chaos Rising – Elite Trainer Box – Inglés,72990
2026-08-07,Charizstore,Mega Evolution Chaos Rising – Elite Trainer Box – Español,59990
2026-08-07,Charizstore,Mega Evolution – Perfect Order – Elite Trainer Box – Español,50000
2026-08-07,Charizstore,Mega Evolution – Perfect Order – Elite Trainer Box – Ingles,58000
2026-08-07,Charizstore,MEGA EVOLUTION – ASCENDED HEROES ELITE TRAINER BOX – ESPAÑOL,69990
2026-08-07,Charizstore,MEGA EVOLUTION – ASCENDED HEROES ELITE TRAINER BOX – INGLÉS,170000
2026-08-07,Charizstore,Temporal Forces – Elite Trainer Box – Español (V2),90000
2026-08-07,Charizstore,Mega Evolution Phantasmal Flames – Elite Trainer Box – Español,75000
2026-08-07,Charizstore,Temporal Forces – Elite Trainer Box – Español,90000
2026-08-07,Charizstore,White Flare – Elite Trainer Box – Español,62990
2026-08-07,Charizstore,Prismatic Evolutions – Elite Trainer Box – Español,100000
2026-08-07,Charizstore,Black Bolt – Elite Trainer Box – Español,62990
2026-08-07,Charizstore,Crown Zenith – Elite Trainer Box- Español,350000
2026-08-07,Charizstore,Twiligth Masquerade – Elite Trainer Box – Inglés,105000
2026-08-07,Charizstore,Shrouded Fable – Elite Trainer Box – Español,85000
2026-08-07,Charizstore,Shrouded Fable – Elite Trainer Box – Inglés,130000
2026-08-07,Charizstore,Scarlet & Violet Destined Rivals – Elite Trainer Box – Español,85000
2026-08-07,Charizstore,Twiligth Masquerade – Elite Trainer Box – Español,75000
2026-08-07,Charizstore,Journey Together – Elite Trainer Box – Español,60000
2026-08-07,Charizstore,Surging Sparks – Elite Trainer Box – Español,80000
2026-08-07,Charizstore,Surging Sparks – Elite Trainer Box – Inglés,145990
2026-08-07,Charizstore,Obsidian Flames – Elite Trainer Box – Español,149990
2026-08-07,Charizstore,Stellar Crown – Elite Trainer Box – Español,85000
2026-08-07,Charizstore,Stellar Crown – Elite Trainer Box – Inglés,155000
2026-08-07,Collector Center,Mega Evolution: Ascended Heroes - Elite Trainer Box - Español,59990
2026-08-07,Collector Center,Scarlet & Violet: Black Bolt- Elite Trainer Box - Español,54990
2026-08-07,Collector Center,Mega Evolution Pitch Black- Elite Trainer Box - Español,67990
2026-08-07,Collector Center,Mega Evolution Perfect Order - Elite Trainer Box - Ingles,56990
2026-08-07,Collector Center,[PREVENTA 16/09/26] 30th Celebration - Elite Trainer Box - Inglés,199990
2026-08-07,Collector Center,Mega Evolution Perfect Order - Elite Trainer Box - Español,49990
2026-08-07,Collector Center,Mega Evolution Chaos Rising - Elite Trainer Box - Ingles,71990
2026-08-07,Collector Center,Mega Evolution Pitch Black- Elite Trainer Box - Inglés,73990
2026-08-07,Collector Center,Scarlet & Violet: White Flare - Elite Trainer Box - Español,54990
2026-08-07,Collector Center,Mega Evolution Chaos Rising - Elite Trainer Box - Español,59990
2026-08-07,Collector Center,Escarlata y Púrpura - Corona Astral – Elite Trainer Box – Español,49990
2026-08-07,MoiiJuegos,Pokémon mega evolution - pitch black elite trainer box (e...,63900
2026-08-07,MoiiJuegos,Pókemon mega evolution - chaos rising elite trainer box (...,62900
2026-08-07,MoiiJuegos,Pókemon mega evolution - perfect order elite trainer box ...,62900
2026-08-07,El Panteon,SET 3 X ELITE TRAINER BOX ESPAÑOL OFERTA PALDEA,169990
2026-08-07,El Panteon,SET 3 X ELITE TRAINER BOX ESPAÑOL OFERTA HEROES,159990
2026-08-07,El Panteon,SET 3 X ELITE TRAINER BOX ESPAÑOL OFERTA PRISMATICA,159990
2026-08-07,El Panteon,SET 3 X ELITE TRAINER BOX ESPAÑOL OFERTA OBSIDIANA,169990
2026-08-07,El Panteon,SET 3 X ELITE TRAINER BOX ESPAÑOL OFERTA DON LUCHO,139990
2026-08-07,El Panteon,SET 3 X ELITE TRAINER BOX ESPAÑOL OFERTA CRUZADA,129990
2026-08-07,El Panteon,SET 3 X ELITE TRAINER BOX ESPAÑOL OFERTA MUNDIALERA,129990
2026-08-07,El Panteon,SET 3 X ELITE TRAINER BOX ESPAÑOL OFERTA DE INVIERNO,129990
2026-08-07,El Panteon,Pitch Black – Elite Trainer Box ESPAÑOL,57990
2026-08-07,El Panteon,Pitch Black – Elite Trainer Box INGLES,69990
2026-08-07,El Panteon,Darkness Ablaze Elite Trainer Box – ESPAÑOL,149990
2026-08-07,El Panteon,Rebel Clash Elite Trainer Box – ESPAÑOL,359990
2026-08-07,El Panteon,Mega Evolution Perfect Order – Elite Trainer Box Español,47990
2026-08-07,El Panteon,Mega Evolution Perfect Order – Elite Trainer Box Ingles,58990
2026-08-07,El Panteon,SET 3 X ELITE TRAINER BOX ESPAÑOL OFERTA VERANIEGA,129990
2026-08-07,El Panteon,SET 3 X ELITE TRAINER BOX PHANTASMAL FLAMES ESPAÑOL OFERTA ENERO,129990
2026-08-07,El Panteon,Pokemon GO Elite Trainer Box – Pokemon GO Español,159990
2026-08-07,El Panteon,Pokemon GO Elite Trainer Box – Pokemon GO Ingles,199990
2026-08-07,El Panteon,SET 3 X ELITE TRAINER BOX ESPAÑOL OFERTA ENERO,139990
2026-08-07,El Panteon,Ascended Heroes Collection – Elite Trainer Box Español,69990
2026-08-07,El Panteon,Shining Fates Elite Trainer Box INGLES,189990
2026-08-07,El Panteon,White Flare – Elite Trainer Box – Ingles,139990
2026-08-07,El Panteon,Mega Evolution Phantasmal Flames – Elite Trainer Box – Español,44990
2026-08-07,El Panteon,Paldea Evolved – Elite Trainer Box – Español,149990
2026-08-07,El Panteon,Prismatic Evolutions – Elite Trainer Box – Español,79990
2026-08-07,El Panteon,Black Bolt – Elite Trainer Box – Inglés,149990
2026-08-07,El Panteon,Paldean Fates – Elite Trainer Box – Ingles,599999
2026-08-07,El Panteon,Twilight Masquerade – Elite Trainer Box – Inglés,109990
2026-08-07,El Panteon,Journey Together – Elite Trainer Box – Español,44990
2026-08-07,El Panteon,Surging Sparks – Elite Trainer Box – Inglés,109990
2026-08-07,El Panteon,Obsidian Flames – Elite Trainer Box – Español,199990
2026-08-07,El Panteon,Stellar Crown – Elite Trainer Box – Español,59990
2026-08-07,AFK Store,Elite Trainer Box 151,550000
2026-08-07,AFK Store,Elite Trainer Box Paldea Fates,450000
2026-08-07,AFK Store,Elite Trainer Box Pitch Black Elite,67990
2026-08-07,AFK Store,Elite Trainer Box Perfect Order,60000
2026-08-07,AFK Store,Elite Trainer Box Pokemon Team Up,1500000
2026-08-07,AFK Store,Elite Trainer Box Rebel Clash,300000
2026-08-07,AFK Store,ELITE TRAINER BOX DESTINED RIVALS,69990
2026-08-07,AFK Store,Elite Trainer Box Journey Together,54990
2026-08-07,AFK Store,Ultra Prism Elite Trainer Box [Dusk Mane Necrozma],700000
2026-08-07,AFK Store,Ultra Prism Elite Trainer Box [Dawn Wings Necrozma],800000
2026-08-07,AFK Store,Unbroken Bonds Elite Trainer Box - SM - Unbroken Bonds (SM10),1000000
2026-08-07,AFK Store,Elite Trainer Box Pokemon Go,90000
2026-08-07,AFK Store,Elite Trainer Box Mega Evolution,64990
2026-08-07,AFK Store,Elite Trainer Box Evolving Skies (Flareon),600000
2026-08-07,AFK Store,Elite Trainer Box Hidden Fates,550000
2026-08-07,AFK Store,Elite Trainer Box Fusion Strike,180000
2026-08-07,AFK Store,Elite Trainer Box Celebrations,200000
2026-08-07,AFK Store,Cosmic Eclipse Elite Trainer Box,1600000
2026-08-07,AFK Store,Elite Trainer Box Pokemon Guardians Rising,400000
2026-08-07,AFK Store,Elite Trainer Box Black Bolt y White Flare,64990
2026-08-07,AFK Store,Elite Trainer Box Pokemon Battle Styles,90000
2026-08-07,AFK Store,Elite Trainer Box Crimson Invasion,150000
2026-08-07,AFK Store,Elite Trainer Box Astral Radiance,90000
2026-08-07,AFK Store,Elite Trainer Box Brillant Stars,130000
2026-08-07,AFK Store,Elite Trainer Box Surging Sparks,69990
2026-08-07,AFK Store,Elite Trainer Box Crown Zenith,200000
2026-08-07,AFK Store,Phantasmal Flames Elite Trainer Box,150000
2026-08-07,AFK Store,Elite Trainer Box Champion's Path,170000
2026-08-07,AFK Store,Elite Trainer Box Evolving Skies (Sylveon),350000
2026-08-07,AFK Store,Elite Trainer Box Lost Origin,130000
2026-08-07,AFK Store,Elite Trainer Box Vivid Voltage,100000
2026-08-07,AFK Store,Elite Trainer Box Stellar Crown,49900
2026-08-07,AFK Store,Elite Trainer Box Shinning Fates,140000
2026-08-07,AFK Store,Elite Trainer Box Silver Tempest,100000
2026-08-07,AFK Store,ELITE TRAINER BOX ASCENDED HEROES,150000
2026-08-07,AFK Store,Elite Trainer Box Paradox Rift Futuro,42990
2026-08-07,AFK Store,Elite Trainer Box Plus: Zamazenta Pokemon Sword & Shield,140000
2026-08-07,AFK Store,Elite Trainer Box Scarlet And Violet,59990
2026-08-07,AFK Store,Elite Trainer Box Paldea,44990
2026-08-07,AFK Store,Elite Trainer Box Obsidian Flames,100000
2026-08-07,AFK Store,Elite Trainer Box Twilight Masquerade,59990
2026-08-07,AFK Store,Elite Trainer Box Plus: Zacian Pokemon Sword & Shield,140000
2026-08-07,AFK Store,Elite Trainer Box Paradox Rift Pasado,42990
2026-08-07,AFK Store,Elite Trainer Box Sword And Shield (Pequeño orificio plastico),40000
2026-08-07,AFK Store,Elite Trainer Box Shrouded Fable,49990
2026-08-07,AFK Store,Elite Trainer Box Temporal Forces,79990
2026-08-07,AFK Store,PRISMATIC EVOLUTIONS ELITE TRAINER BOX,69990
2026-08-07,AFK Store,Elite Trainer Box Darkness Ablaze (Plastico levemente Roto),40000
2026-08-07,Piedra Bruja,Mega Evolution Pitch Black Elite Trainer Box ING,79990
2026-08-07,Piedra Bruja,Mega Evolution Phantasmal Flames Elite Trainer Box ESP,61990
2026-08-07,Piedra Bruja,Scarlet & Violet Destined Rivals Elite Trainer Box,74990
2026-08-07,Piedra Bruja,Mega Evolution Perfect Order Elite Trainer Box ING,69990
2026-08-07,Piedra Bruja,Mega Evolution Pitch Black Elite Trainer Box ESP,72990
2026-08-07,Piedra Bruja,Mega Evolution Perfect Order Elite Trainer Box ESP,69990
2026-08-07,Piedra Bruja,Mega Evolution Chaos Rising Elite Trainer Box ESP,65990
2026-08-07,Piedra Bruja,Temporal Forces Iron Leaves - Elite Trainer Box ESP,65990
2026-08-07,Piedra Bruja,Scarlet & Violet White Flare Elite Trainer Box,69990
2026-08-07,Piedra Bruja,Mega Evolution Elite Trainer Box,67990
2026-08-07,Piedra Bruja,Temporal Forces Walking Wake - Elite Trainer Box ESP,65990
2026-08-07,Piedra Bruja,Pokemon TCG 30th Celebration - Elite Trainer Box ING,79990
2026-08-07,Piedra Bruja,Scarlet & Violet Black Bolt Elite Trainer Box,69990
2026-08-07,Piedra Bruja,Pokemon TCG 30th Celebration - Elite Trainer Box ESP,79990
2026-08-07,Piedra Bruja,Scarlet & Violet Prismatic Evolutions Elite Trainer Box Español,84990
2026-08-07,Piedra Bruja,Mega Evolution Ascended Heroes Elite Trainer Box,67990
2026-08-07,Piedra Bruja,Mega Evolution Phantasmal Flames Elite Trainer Box,67990
2026-08-07,Piedra Bruja,Mega Evolution Ascended Heroes Elite Trainer Box ESP,67990
2026-08-07,Piedra Bruja,Scarlet & Violet Prismatic Evolutions Elite Trainer Box,89990
2026-08-07,Piedra Bruja,Scarlet & Violet Journey Together Elite Trainer Box Español,71990
2026-08-07,Piedra Bruja,Mega Evolution Chaos Rising Elite Trainer Box ING,69990
2026-08-07,Magicsur,Pokémon TCG: Silver Tempest Elite Trainer Box - Inglés y Español,49990
2026-08-07,Magicsur,Pokémon TCG: Scarlet & Violet: Obsidian Flames - Elite Trainer Box,51990
2026-08-07,Magicsur,Pokémon TCG: Scarlet & Violet: Temporal Forces - Elite Trainer Box - Iron Leaves,41993
2026-08-07,Magicsur,Pokémon TCG: Scarlet & Violet: Temporal Forces - Elite Trainer Box - Walking Wake,41993
2026-08-07,Magicsur,Pokémon TCG: Scarlet & Violet: Twilight Masquerade - Elite Trainer Box,45592
2026-08-07,Magicsur,Pokémon TCG: Scarlet & Violet: Stellar Crown - Elite Trainer Box,46392
2026-08-07,Magicsur,Pokémon TCG: Mega Evolución - Phantasmal Flames - Elite Trainer Box,74990
2026-08-07,Magicsur,Pokémon TCG: Scarlet & Violet: Journey Together - Elite Trainer Box,59990
2026-08-07,Magicsur,Pokémon TCG: Scarlet & Violet: Surging Sparks - Elite Trainer Box,47992
2026-08-07,Magicsur,Pokémon TCG: Scarlet & Violet: Black Bolt - Elite Trainer Box,69990
2026-08-07,Magicsur,Pokémon TCG: Mega Evolution - Elite Trainer Box (Mega Gardevoir ex),72990
2026-08-07,Magicsur,Pokémon TCG: Mega Evolution - Elite Trainer Box (Mega Lucario ex),72990
2026-08-07,Magicsur,Pokémon TCG: Chaos Rising - Elite Trainer Box,69990
2026-08-07,MARKET_AVERAGE,Daily Average ETB Price,147998
2026-08-08,Charizstore,PITCH BLACK – ELITE TRAINER BOX – ESPAÑOL,67990
2026-08-08,Charizstore,PITCH BLACK – ELITE TRAINER BOX – INGLES,72990
2026-08-08,Charizstore,Mega Evolution Chaos Rising – Elite Trainer Box – Inglés,72990
2026-08-08,Charizstore,Mega Evolution Chaos Rising – Elite Trainer Box – Español,59990
2026-08-08,Charizstore,Mega Evolution – Perfect Order – Elite Trainer Box – Español,50000
2026-08-08,Charizstore,Mega Evolution – Perfect Order – Elite Trainer Box – Ingles,58000
2026-08-08,Charizstore,MEGA EVOLUTION – ASCENDED HEROES ELITE TRAINER BOX – ESPAÑOL,80000
2026-08-08,Charizstore,MEGA EVOLUTION – ASCENDED HEROES ELITE TRAINER BOX – INGLÉS,170000
2026-08-08,Charizstore,Temporal Forces – Elite Trainer Box – Español (V2),90000
2026-08-08,Charizstore,Mega Evolution Phantasmal Flames – Elite Trainer Box – Español,75000
2026-08-08,Charizstore,Temporal Forces – Elite Trainer Box – Español,90000
2026-08-08,Charizstore,White Flare – Elite Trainer Box – Español,62990
2026-08-08,Charizstore,Prismatic Evolutions – Elite Trainer Box – Español,100000
2026-08-08,Charizstore,Black Bolt – Elite Trainer Box – Español,62990
2026-08-08,Charizstore,Crown Zenith – Elite Trainer Box- Español,350000
2026-08-08,Charizstore,Twiligth Masquerade – Elite Trainer Box – Inglés,105000
2026-08-08,Charizstore,Shrouded Fable – Elite Trainer Box – Español,85000
2026-08-08,Charizstore,Shrouded Fable – Elite Trainer Box – Inglés,130000
2026-08-08,Charizstore,Scarlet & Violet Destined Rivals – Elite Trainer Box – Español,85000
2026-08-08,Charizstore,Twiligth Masquerade – Elite Trainer Box – Español,75000
2026-08-08,Charizstore,Journey Together – Elite Trainer Box – Español,60000
2026-08-08,Charizstore,Surging Sparks – Elite Trainer Box – Español,80000
2026-08-08,Charizstore,Surging Sparks – Elite Trainer Box – Inglés,145990
2026-08-08,Charizstore,Obsidian Flames – Elite Trainer Box – Español,149990
2026-08-08,Charizstore,Stellar Crown – Elite Trainer Box – Español,85000
2026-08-08,Charizstore,Stellar Crown – Elite Trainer Box – Inglés,155000
2026-08-08,Collector Center,Mega Evolution: Ascended Heroes - Elite Trainer Box - Español,59990
2026-08-08,Collector Center,Mega Evolution Pitch Black- Elite Trainer Box - Español,67990
2026-08-08,Collector Center,Scarlet & Violet: Black Bolt- Elite Trainer Box - Español,54990
2026-08-08,Collector Center,Mega Evolution Perfect Order - Elite Trainer Box - Ingles,56990
2026-08-08,Collector Center,[PREVENTA 16/09/26] 30th Celebration - Elite Trainer Box - Inglés,199990
2026-08-08,Collector Center,Mega Evolution Perfect Order - Elite Trainer Box - Español,49990
2026-08-08,Collector Center,Mega Evolution Chaos Rising - Elite Trainer Box - Ingles,71990
2026-08-08,Collector Center,Mega Evolution Pitch Black- Elite Trainer Box - Inglés,73990
2026-08-08,Collector Center,Scarlet & Violet: White Flare - Elite Trainer Box - Español,54990
2026-08-08,Collector Center,Mega Evolution Chaos Rising - Elite Trainer Box - Español,59990
2026-08-08,Collector Center,Escarlata y Púrpura - Corona Astral – Elite Trainer Box – Español,49990
2026-08-08,MoiiJuegos,Pokémon mega evolution - pitch black elite trainer box (e...,63900
2026-08-08,MoiiJuegos,Pókemon mega evolution - chaos rising elite trainer box (...,62900
2026-08-08,MoiiJuegos,Pókemon mega evolution - perfect order elite trainer box ...,62900
2026-08-08,El Panteon,SET 3 X ELITE TRAINER BOX ESPAÑOL OFERTA HEROES,159990
2026-08-08,El Panteon,SET 3 X ELITE TRAINER BOX ESPAÑOL OFERTA PRISMATICA,159990
2026-08-08,El Panteon,SET 3 X ELITE TRAINER BOX ESPAÑOL OFERTA OBSIDIANA,169990
2026-08-08,El Panteon,SET 3 X ELITE TRAINER BOX ESPAÑOL OFERTA DON LUCHO,139990
2026-08-08,El Panteon,SET 3 X ELITE TRAINER BOX ESPAÑOL OFERTA CRUZADA,129990
2026-08-08,El Panteon,SET 3 X ELITE TRAINER BOX ESPAÑOL OFERTA MUNDIALERA,129990
2026-08-08,El Panteon,SET 3 X ELITE TRAINER BOX ESPAÑOL OFERTA DE INVIERNO,129990
2026-08-08,El Panteon,Pitch Black – Elite Trainer Box ESPAÑOL,57990
2026-08-08,El Panteon,Pitch Black – Elite Trainer Box INGLES,69990
2026-08-08,El Panteon,Darkness Ablaze Elite Trainer Box – ESPAÑOL,149990
2026-08-08,El Panteon,Rebel Clash Elite Trainer Box – ESPAÑOL,359990
2026-08-08,El Panteon,Mega Evolution Perfect Order – Elite Trainer Box Español,47990
2026-08-08,El Panteon,Mega Evolution Perfect Order – Elite Trainer Box Ingles,58990
2026-08-08,El Panteon,SET 3 X ELITE TRAINER BOX ESPAÑOL OFERTA VERANIEGA,129990
2026-08-08,El Panteon,SET 3 X ELITE TRAINER BOX PHANTASMAL FLAMES ESPAÑOL OFERTA ENERO,129990
2026-08-08,El Panteon,Pokemon GO Elite Trainer Box – Pokemon GO Español,159990
2026-08-08,El Panteon,Pokemon GO Elite Trainer Box – Pokemon GO Ingles,199990
2026-08-08,El Panteon,SET 3 X ELITE TRAINER BOX ESPAÑOL OFERTA ENERO,139990
2026-08-08,El Panteon,Ascended Heroes Collection – Elite Trainer Box Español,69990
2026-08-08,El Panteon,Shining Fates Elite Trainer Box INGLES,189990
2026-08-08,El Panteon,White Flare – Elite Trainer Box – Ingles,139990
2026-08-08,El Panteon,Mega Evolution Phantasmal Flames – Elite Trainer Box – Español,44990
2026-08-08,El Panteon,Paldea Evolved – Elite Trainer Box – Español,149990
2026-08-08,El Panteon,Prismatic Evolutions – Elite Trainer Box – Español,79990
2026-08-08,El Panteon,Black Bolt – Elite Trainer Box – Inglés,149990
2026-08-08,El Panteon,Paldean Fates – Elite Trainer Box – Ingles,599999
2026-08-08,El Panteon,Twilight Masquerade – Elite Trainer Box – Inglés,109990
2026-08-08,El Panteon,Journey Together – Elite Trainer Box – Español,44990
2026-08-08,El Panteon,Surging Sparks – Elite Trainer Box – Inglés,109990
2026-08-08,El Panteon,Obsidian Flames – Elite Trainer Box – Español,199990
2026-08-08,El Panteon,Stellar Crown – Elite Trainer Box – Español,59990
2026-08-08,AFK Store,Elite Trainer Box 151,550000
2026-08-08,AFK Store,Elite Trainer Box Paldea Fates,450000
2026-08-08,AFK Store,Elite Trainer Box Pitch Black Elite,67990
2026-08-08,AFK Store,Elite Trainer Box Perfect Order,60000
2026-08-08,AFK Store,Elite Trainer Box Pokemon Team Up,1500000
2026-08-08,AFK Store,Elite Trainer Box Rebel Clash,300000
2026-08-08,AFK Store,ELITE TRAINER BOX DESTINED RIVALS,69990
2026-08-08,AFK Store,Elite Trainer Box Journey Together,54990
2026-08-08,AFK Store,Ultra Prism Elite Trainer Box [Dusk Mane Necrozma],700000
2026-08-08,AFK Store,Ultra Prism Elite Trainer Box [Dawn Wings Necrozma],800000
2026-08-08,AFK Store,Unbroken Bonds Elite Trainer Box - SM - Unbroken Bonds (SM10),1000000
2026-08-08,AFK Store,Elite Trainer Box Pokemon Go,90000
2026-08-08,AFK Store,Elite Trainer Box Mega Evolution,64990
2026-08-08,AFK Store,Elite Trainer Box Evolving Skies (Flareon),600000
2026-08-08,AFK Store,Elite Trainer Box Hidden Fates,550000
2026-08-08,AFK Store,Elite Trainer Box Fusion Strike,180000
2026-08-08,AFK Store,Elite Trainer Box Celebrations,200000
2026-08-08,AFK Store,Cosmic Eclipse Elite Trainer Box,1600000
2026-08-08,Magicsur,Pokémon TCG: Silver Tempest Elite Trainer Box - Inglés y Español,49990
2026-08-08,Magicsur,Pokémon TCG: Scarlet & Violet: Obsidian Flames - Elite Trainer Box,51990
2026-08-08,Magicsur,Pokémon TCG: Scarlet & Violet: Temporal Forces - Elite Trainer Box - Iron Leaves,41993
2026-08-08,Magicsur,Pokémon TCG: Scarlet & Violet: Temporal Forces - Elite Trainer Box - Walking Wake,41993
2026-08-08,Magicsur,Pokémon TCG: Scarlet & Violet: Twilight Masquerade - Elite Trainer Box,45592
2026-08-08,Magicsur,Pokémon TCG: Scarlet & Violet: Stellar Crown - Elite Trainer Box,46392
2026-08-08,Magicsur,Pokémon TCG: Mega Evolución - Phantasmal Flames - Elite Trainer Box,74990
2026-08-08,Magicsur,Pokémon TCG: Scarlet & Violet: Journey Together - Elite Trainer Box,59990
2026-08-08,Magicsur,Pokémon TCG: Scarlet & Violet: Surging Sparks - Elite Trainer Box,47992
2026-08-08,Magicsur,Pokémon TCG: Scarlet & Violet: Black Bolt - Elite Trainer Box,69990
2026-08-08,Magicsur,Pokémon TCG: Mega Evolution - Elite Trainer Box (Mega Gardevoir ex),72990
2026-08-08,Magicsur,Pokémon TCG: Mega Evolution - Elite Trainer Box (Mega Lucario ex),72990
2026-08-08,Magicsur,Pokémon TCG: Chaos Rising - Elite Trainer Box,69990
2026-08-08,MARKET_AVERAGE,Daily Average ETB Price,173226
2026-08-09,Charizstore,PITCH BLACK – ELITE TRAINER BOX – ESPAÑOL,67990
2026-08-09,Charizstore,PITCH BLACK – ELITE TRAINER BOX – INGLES,72990
2026-08-09,Charizstore,Mega Evolution Chaos Rising – Elite Trainer Box – Inglés,72990
2026-08-09,Charizstore,Mega Evolution Chaos Rising – Elite Trainer Box – Español,59990
2026-08-09,Charizstore,Mega Evolution – Perfect Order – Elite Trainer Box – Español,50000
2026-08-09,Charizstore,Mega Evolution – Perfect Order – Elite Trainer Box – Ingles,58000
2026-08-09,Charizstore,Mega Evolution – Elite Trainer Box – Mega Lucario – Español,100000
2026-08-09,Charizstore,Mega Evolution – Elite Trainer Box – Mega Gardevoir – Español,100000
2026-08-09,Charizstore,Mega Evolution – Elite Trainer Box – Mega Gardevoir- Inglés,130000
2026-08-09,Charizstore,MEGA EVOLUTION – ASCENDED HEROES ELITE TRAINER BOX – ESPAÑOL,90000
2026-08-09,Charizstore,MEGA EVOLUTION – ASCENDED HEROES ELITE TRAINER BOX – INGLÉS,170000
2026-08-09,Charizstore,Temporal Forces – Elite Trainer Box – Español (V2),90000
2026-08-09,Charizstore,White Flare – Elite Trainer Box – Inglés,160000
2026-08-09,Charizstore,Mega Evolution Phantasmal Flames – Elite Trainer Box – Español,75000
2026-08-09,Charizstore,Mega Evolution Phantasmal Flames – Elite Trainer Box – Ingles,150000
2026-08-09,Charizstore,Temporal Forces – Elite Trainer Box – Español,90000
2026-08-09,Charizstore,White Flare – Elite Trainer Box – Español,70000
2026-08-09,Charizstore,Prismatic Evolutions – Elite Trainer Box – Español,100000
2026-08-09,Charizstore,Black Bolt – Elite Trainer Box – Español,70000
2026-08-09,Charizstore,Black Bolt – Elite Trainer Box – Inglés,160000
2026-08-09,Charizstore,Crown Zenith – Elite Trainer Box- Español,350000
2026-08-09,Charizstore,Twiligth Masquerade – Elite Trainer Box – Inglés,105000
2026-08-09,Charizstore,Shrouded Fable – Elite Trainer Box – Español,85000
2026-08-09,Charizstore,Shrouded Fable – Elite Trainer Box – Inglés,130000
2026-08-09,Charizstore,Scarlet & Violet Destined Rivals – Elite Trainer Box – Español,85000
2026-08-09,Charizstore,Twiligth Masquerade – Elite Trainer Box – Español,75000
2026-08-09,Charizstore,Journey Together – Elite Trainer Box – Español,60000
2026-08-09,Charizstore,Surging Sparks – Elite Trainer Box – Español,80000
2026-08-09,Charizstore,Surging Sparks – Elite Trainer Box – Inglés,145990
2026-08-09,Charizstore,Obsidian Flames – Elite Trainer Box – Español,149990
2026-08-09,Charizstore,Stellar Crown – Elite Trainer Box – Español,85000
2026-08-09,Charizstore,Stellar Crown – Elite Trainer Box – Inglés,155000
2026-08-09,Collector Center,Mega Evolution: Ascended Heroes - Elite Trainer Box - Español,59990
2026-08-09,Collector Center,Mega Evolution Pitch Black- Elite Trainer Box - Español,67990
2026-08-09,Collector Center,Scarlet & Violet: Black Bolt- Elite Trainer Box - Español,54990
2026-08-09,Collector Center,Mega Evolution Perfect Order - Elite Trainer Box - Ingles,56990
2026-08-09,Collector Center,Mega Evolution Pitch Black- Elite Trainer Box - Inglés,73990
2026-08-09,Collector Center,Mega Evolution Chaos Rising - Elite Trainer Box - Ingles,71990
2026-08-09,Collector Center,Mega Evolution Perfect Order - Elite Trainer Box - Español,49990
2026-08-09,Collector Center,Scarlet & Violet: White Flare - Elite Trainer Box - Español,54990
2026-08-09,Collector Center,[PREVENTA 16/09/26] 30th Celebration - Elite Trainer Box - Inglés,199990
2026-08-09,Collector Center,Mega Evolution Chaos Rising - Elite Trainer Box - Español,59990
2026-08-09,Collector Center,Escarlata y Púrpura - Corona Astral – Elite Trainer Box – Español,49990
2026-08-09,MoiiJuegos,Pokémon mega evolution - pitch black elite trainer box (e...,63900
2026-08-09,MoiiJuegos,Pókemon mega evolution - chaos rising elite trainer box (...,62900
2026-08-09,MoiiJuegos,Pókemon mega evolution - perfect order elite trainer box ...,62900
2026-08-09,El Panteon,SET 3 X ELITE TRAINER BOX ESPAÑOL OFERTA HEROES,159990
2026-08-09,El Panteon,SET 3 X ELITE TRAINER BOX ESPAÑOL OFERTA PRISMATICA,159990
2026-08-09,El Panteon,SET 3 X ELITE TRAINER BOX ESPAÑOL OFERTA DON LUCHO,139990
2026-08-09,El Panteon,SET 3 X ELITE TRAINER BOX ESPAÑOL OFERTA CRUZADA,129990
2026-08-09,El Panteon,SET 3 X ELITE TRAINER BOX ESPAÑOL OFERTA MUNDIALERA,129990
2026-08-09,El Panteon,SET 3 X ELITE TRAINER BOX ESPAÑOL OFERTA DE INVIERNO,129990
2026-08-09,El Panteon,Pitch Black – Elite Trainer Box ESPAÑOL,57990
2026-08-09,El Panteon,Pitch Black – Elite Trainer Box INGLES,69990
2026-08-09,El Panteon,Darkness Ablaze Elite Trainer Box – ESPAÑOL,149990
2026-08-09,El Panteon,Rebel Clash Elite Trainer Box – ESPAÑOL,359990
2026-08-09,El Panteon,Mega Evolution Perfect Order – Elite Trainer Box Español,47990
2026-08-09,El Panteon,Mega Evolution Perfect Order – Elite Trainer Box Ingles,58990
2026-08-09,El Panteon,SET 3 X ELITE TRAINER BOX ESPAÑOL OFERTA VERANIEGA,129990
2026-08-09,El Panteon,SET 3 X ELITE TRAINER BOX PHANTASMAL FLAMES ESPAÑOL OFERTA ENERO,129990
2026-08-09,El Panteon,Pokemon GO Elite Trainer Box – Pokemon GO Español,159990
2026-08-09,El Panteon,Pokemon GO Elite Trainer Box – Pokemon GO Ingles,199990
2026-08-09,El Panteon,SET 3 X ELITE TRAINER BOX ESPAÑOL OFERTA ENERO,139990
2026-08-09,El Panteon,Ascended Heroes Collection – Elite Trainer Box Español,69990
2026-08-09,El Panteon,Shining Fates Elite Trainer Box INGLES,189990
2026-08-09,El Panteon,White Flare – Elite Trainer Box – Ingles,139990
2026-08-09,El Panteon,Mega Evolution Phantasmal Flames – Elite Trainer Box – Español,44990
2026-08-09,El Panteon,Paldea Evolved – Elite Trainer Box – Español,149990
2026-08-09,El Panteon,Prismatic Evolutions – Elite Trainer Box – Español,79990
2026-08-09,El Panteon,Black Bolt – Elite Trainer Box – Inglés,149990
2026-08-09,El Panteon,Paldean Fates – Elite Trainer Box – Ingles,599999
2026-08-09,El Panteon,Twilight Masquerade – Elite Trainer Box – Inglés,109990
2026-08-09,El Panteon,Journey Together – Elite Trainer Box – Español,44990
2026-08-09,El Panteon,Surging Sparks – Elite Trainer Box – Inglés,109990
2026-08-09,El Panteon,Obsidian Flames – Elite Trainer Box – Español,199990
2026-08-09,El Panteon,Stellar Crown – Elite Trainer Box – Español,59990
2026-08-09,AFK Store,Elite Trainer Box 151,550000
2026-08-09,AFK Store,Elite Trainer Box Paldea Fates,450000
2026-08-09,AFK Store,Elite Trainer Box Pitch Black Elite,67990
2026-08-09,AFK Store,Elite Trainer Box Perfect Order,60000
2026-08-09,AFK Store,Elite Trainer Box Rebel Clash,300000
2026-08-09,AFK Store,Elite Trainer Box Pokemon Team Up,1500000
2026-08-09,AFK Store,ELITE TRAINER BOX DESTINED RIVALS,69990
2026-08-09,AFK Store,Elite Trainer Box Journey Together,54990
2026-08-09,AFK Store,Unbroken Bonds Elite Trainer Box - SM - Unbroken Bonds (SM10),1000000
2026-08-09,AFK Store,Ultra Prism Elite Trainer Box [Dawn Wings Necrozma],800000
2026-08-09,AFK Store,Ultra Prism Elite Trainer Box [Dusk Mane Necrozma],700000
2026-08-09,AFK Store,Elite Trainer Box Fusion Strike,180000
2026-08-09,AFK Store,Cosmic Eclipse Elite Trainer Box,1600000
2026-08-09,AFK Store,Elite Trainer Box Hidden Fates,550000
2026-08-09,AFK Store,Elite Trainer Box Evolving Skies (Sylveon),350000
2026-08-09,AFK Store,Elite Trainer Box Lost Origin,130000
2026-08-09,AFK Store,Elite Trainer Box Stellar Crown,49900
2026-08-09,AFK Store,Elite Trainer Box Shinning Fates,140000
2026-08-09,AFK Store,Elite Trainer Box Silver Tempest,100000
2026-08-09,AFK Store,Elite Trainer Box Pokemon Guardians Rising,400000
2026-08-09,AFK Store,Elite Trainer Box Black Bolt y White Flare,64990
2026-08-09,AFK Store,Elite Trainer Box Crimson Invasion,150000
2026-08-09,AFK Store,Elite Trainer Box Astral Radiance,90000
2026-08-09,AFK Store,Elite Trainer Box Brillant Stars,130000
2026-08-09,AFK Store,Elite Trainer Box Pokemon Battle Styles,90000
2026-08-09,AFK Store,Elite Trainer Box Surging Sparks,69990
2026-08-09,AFK Store,Elite Trainer Box Crown Zenith,200000
2026-08-09,AFK Store,Elite Trainer Box Champion's Path,170000
2026-08-09,AFK Store,Elite Trainer Box Vivid Voltage,100000
2026-08-09,AFK Store,ELITE TRAINER BOX ASCENDED HEROES,150000
2026-08-09,AFK Store,Phantasmal Flames Elite Trainer Box,150000
2026-08-09,AFK Store,Elite Trainer Box Plus: Zamazenta Pokemon Sword & Shield,140000
2026-08-09,AFK Store,PRISMATIC EVOLUTIONS ELITE TRAINER BOX,69990
2026-08-09,AFK Store,Elite Trainer Box Paradox Rift Futuro,42990
2026-08-09,AFK Store,Elite Trainer Box Scarlet And Violet,59990
2026-08-09,AFK Store,Elite Trainer Box Paldea,44990
2026-08-09,AFK Store,Elite Trainer Box Obsidian Flames,100000
2026-08-09,AFK Store,Elite Trainer Box Plus: Zacian Pokemon Sword & Shield,140000
2026-08-09,AFK Store,Elite Trainer Box Paradox Rift Pasado,42990
2026-08-09,AFK Store,Elite Trainer Box Sword And Shield (Pequeño orificio plastico),40000
2026-08-09,AFK Store,Elite Trainer Box Shrouded Fable,49990
2026-08-09,AFK Store,Elite Trainer Box Temporal Forces,79990
2026-08-09,AFK Store,Elite Trainer Box Darkness Ablaze (Plastico levemente Roto),40000
2026-08-09,Piedra Bruja,Mega Evolution Phantasmal Flames Elite Trainer Box ESP,61990
2026-08-09,Piedra Bruja,Scarlet & Violet Destined Rivals Elite Trainer Box,74990
2026-08-09,Piedra Bruja,Mega Evolution Pitch Black Elite Trainer Box ING,79990
2026-08-09,Piedra Bruja,Mega Evolution Pitch Black Elite Trainer Box ESP,72990
2026-08-09,Piedra Bruja,Mega Evolution Perfect Order Elite Trainer Box ING,69990
2026-08-09,Piedra Bruja,Mega Evolution Perfect Order Elite Trainer Box ESP,69990
2026-08-09,Piedra Bruja,Mega Evolution Chaos Rising Elite Trainer Box ESP,65990
2026-08-09,Piedra Bruja,Temporal Forces Iron Leaves - Elite Trainer Box ESP,65990
2026-08-09,Piedra Bruja,Scarlet & Violet White Flare Elite Trainer Box,69990
2026-08-09,Piedra Bruja,Scarlet & Violet Black Bolt Elite Trainer Box,69990
2026-08-09,Piedra Bruja,Mega Evolution Elite Trainer Box,67990
2026-08-09,Piedra Bruja,Temporal Forces Walking Wake - Elite Trainer Box ESP,65990
2026-08-09,Piedra Bruja,Pokemon TCG 30th Celebration - Elite Trainer Box ESP,79990
2026-08-09,Piedra Bruja,Pokemon TCG 30th Celebration - Elite Trainer Box ING,79990
2026-08-09,Piedra Bruja,Scarlet & Violet Prismatic Evolutions Elite Trainer Box Español,84990
2026-08-09,Piedra Bruja,Mega Evolution Ascended Heroes Elite Trainer Box,67990
2026-08-09,Piedra Bruja,Mega Evolution Phantasmal Flames Elite Trainer Box,67990
2026-08-09,Piedra Bruja,Mega Evolution Ascended Heroes Elite Trainer Box ESP,67990
2026-08-09,Piedra Bruja,Scarlet & Violet Journey Together Elite Trainer Box Español,71990
2026-08-09,Piedra Bruja,Scarlet & Violet Prismatic Evolutions Elite Trainer Box,89990
2026-08-09,Piedra Bruja,Mega Evolution Chaos Rising Elite Trainer Box ING,69990
2026-08-09,MARKET_AVERAGE,Daily Average ETB Price,153741
2026-08-10,Charizstore,PITCH BLACK – ELITE TRAINER BOX – ESPAÑOL,67990
2026-08-10,Charizstore,PITCH BLACK – ELITE TRAINER BOX – INGLES,72990
2026-08-10,Charizstore,Mega Evolution Chaos Rising – Elite Trainer Box – Inglés,72990
2026-08-10,Charizstore,Mega Evolution Chaos Rising – Elite Trainer Box – Español,59990
2026-08-10,Charizstore,Mega Evolution – Perfect Order – Elite Trainer Box – Español,50000
2026-08-10,Charizstore,Mega Evolution – Perfect Order – Elite Trainer Box – Ingles,58000
2026-08-10,Charizstore,Mega Evolution – Elite Trainer Box – Mega Lucario – Español,100000
2026-08-10,Charizstore,Mega Evolution – Elite Trainer Box – Mega Gardevoir – Español,100000
2026-08-10,Charizstore,Mega Evolution – Elite Trainer Box – Mega Gardevoir- Inglés,130000
2026-08-10,Charizstore,MEGA EVOLUTION – ASCENDED HEROES ELITE TRAINER BOX – ESPAÑOL,90000
2026-08-10,Charizstore,MEGA EVOLUTION – ASCENDED HEROES ELITE TRAINER BOX – INGLÉS,170000
2026-08-10,Charizstore,Temporal Forces – Elite Trainer Box – Español (V2),90000
2026-08-10,Charizstore,White Flare – Elite Trainer Box – Inglés,160000
2026-08-10,Charizstore,Mega Evolution Phantasmal Flames – Elite Trainer Box – Español,75000
2026-08-10,Charizstore,Mega Evolution Phantasmal Flames – Elite Trainer Box – Ingles,150000
2026-08-10,Charizstore,Temporal Forces – Elite Trainer Box – Español,90000
2026-08-10,Charizstore,White Flare – Elite Trainer Box – Español,70000
2026-08-10,Charizstore,Prismatic Evolutions – Elite Trainer Box – Español,100000
2026-08-10,Charizstore,Black Bolt – Elite Trainer Box – Español,70000
2026-08-10,Charizstore,Crown Zenith – Elite Trainer Box- Español,350000
2026-08-10,Charizstore,Twiligth Masquerade – Elite Trainer Box – Inglés,105000
2026-08-10,Charizstore,Shrouded Fable – Elite Trainer Box – Español,85000
2026-08-10,Charizstore,Shrouded Fable – Elite Trainer Box – Inglés,130000
2026-08-10,Charizstore,Scarlet & Violet Destined Rivals – Elite Trainer Box – Español,85000
2026-08-10,Charizstore,Twiligth Masquerade – Elite Trainer Box – Español,75000
2026-08-10,Charizstore,Journey Together – Elite Trainer Box – Español,60000
2026-08-10,Charizstore,Surging Sparks – Elite Trainer Box – Español,80000
2026-08-10,Charizstore,Surging Sparks – Elite Trainer Box – Inglés,145990
2026-08-10,Charizstore,Obsidian Flames – Elite Trainer Box – Español,149990
2026-08-10,Charizstore,Stellar Crown – Elite Trainer Box – Español,85000
2026-08-10,Charizstore,Stellar Crown – Elite Trainer Box – Inglés,155000
2026-08-10,Collector Center,Mega Evolution: Ascended Heroes - Elite Trainer Box - Español,59990
2026-08-10,Collector Center,Mega Evolution Pitch Black- Elite Trainer Box - Español,67990
2026-08-10,Collector Center,Scarlet & Violet: Black Bolt- Elite Trainer Box - Español,54990
2026-08-10,Collector Center,Mega Evolution Perfect Order - Elite Trainer Box - Ingles,56990
2026-08-10,Collector Center,Mega Evolution Chaos Rising - Elite Trainer Box - Ingles,71990
2026-08-10,Collector Center,Mega Evolution Perfect Order - Elite Trainer Box - Español,49990
2026-08-10,Collector Center,Scarlet & Violet: White Flare - Elite Trainer Box - Español,54990
2026-08-10,Collector Center,Mega Evolution Pitch Black- Elite Trainer Box - Inglés,73990
2026-08-10,Collector Center,[PREVENTA 16/09/26] 30th Celebration - Elite Trainer Box - Inglés,199990
2026-08-10,Collector Center,Mega Evolution Chaos Rising - Elite Trainer Box - Español,59990
2026-08-10,Collector Center,Escarlata y Púrpura - Corona Astral – Elite Trainer Box – Español,49990
2026-08-10,MoiiJuegos,Pokémon mega evolution - pitch black elite trainer box (e...,63900
2026-08-10,MoiiJuegos,Pókemon mega evolution - chaos rising elite trainer box (...,62900
2026-08-10,MoiiJuegos,Pókemon mega evolution - perfect order elite trainer box ...,62900
2026-08-10,El Panteon,SET 3 X ELITE TRAINER BOX ESPAÑOL OFERTA HEROES,159990
2026-08-10,El Panteon,SET 3 X ELITE TRAINER BOX ESPAÑOL OFERTA PRISMATICA,159990
2026-08-10,El Panteon,SET 3 X ELITE TRAINER BOX ESPAÑOL OFERTA DON LUCHO,139990
2026-08-10,El Panteon,SET 3 X ELITE TRAINER BOX ESPAÑOL OFERTA CRUZADA,129990
2026-08-10,El Panteon,SET 3 X ELITE TRAINER BOX ESPAÑOL OFERTA MUNDIALERA,129990
2026-08-10,El Panteon,SET 3 X ELITE TRAINER BOX ESPAÑOL OFERTA DE INVIERNO,129990
2026-08-10,El Panteon,Pitch Black – Elite Trainer Box ESPAÑOL,57990
2026-08-10,El Panteon,Pitch Black – Elite Trainer Box INGLES,69990
2026-08-10,El Panteon,Darkness Ablaze Elite Trainer Box – ESPAÑOL,149990
2026-08-10,El Panteon,Rebel Clash Elite Trainer Box – ESPAÑOL,359990
2026-08-10,El Panteon,Mega Evolution Perfect Order – Elite Trainer Box Español,47990
2026-08-10,El Panteon,Mega Evolution Perfect Order – Elite Trainer Box Ingles,58990
2026-08-10,El Panteon,SET 3 X ELITE TRAINER BOX ESPAÑOL OFERTA VERANIEGA,129990
2026-08-10,El Panteon,SET 3 X ELITE TRAINER BOX PHANTASMAL FLAMES ESPAÑOL OFERTA ENERO,129990
2026-08-10,El Panteon,Pokemon GO Elite Trainer Box – Pokemon GO Español,159990
2026-08-10,El Panteon,Pokemon GO Elite Trainer Box – Pokemon GO Ingles,199990
2026-08-10,El Panteon,SET 3 X ELITE TRAINER BOX ESPAÑOL OFERTA ENERO,139990
2026-08-10,El Panteon,Ascended Heroes Collection – Elite Trainer Box Español,69990
2026-08-10,El Panteon,Shining Fates Elite Trainer Box INGLES,189990
2026-08-10,El Panteon,White Flare – Elite Trainer Box – Ingles,139990
2026-08-10,El Panteon,Mega Evolution Phantasmal Flames – Elite Trainer Box – Español,44990
2026-08-10,El Panteon,Paldea Evolved – Elite Trainer Box – Español,149990
2026-08-10,El Panteon,Prismatic Evolutions – Elite Trainer Box – Español,79990
2026-08-10,El Panteon,Black Bolt – Elite Trainer Box – Inglés,149990
2026-08-10,El Panteon,Paldean Fates – Elite Trainer Box – Ingles,599999
2026-08-10,El Panteon,Twilight Masquerade – Elite Trainer Box – Inglés,109990
2026-08-10,El Panteon,Journey Together – Elite Trainer Box – Español,44990
2026-08-10,El Panteon,Surging Sparks – Elite Trainer Box – Inglés,109990
2026-08-10,El Panteon,Obsidian Flames – Elite Trainer Box – Español,199990
2026-08-10,El Panteon,Stellar Crown – Elite Trainer Box – Español,59990
2026-08-10,AFK Store,Elite Trainer Box 151,550000
2026-08-10,AFK Store,Elite Trainer Box Paldea Fates,450000
2026-08-10,AFK Store,Elite Trainer Box Pitch Black Elite,67990
2026-08-10,AFK Store,Elite Trainer Box Perfect Order,60000
2026-08-10,AFK Store,Elite Trainer Box Pokemon Team Up,1500000
2026-08-10,AFK Store,Elite Trainer Box Rebel Clash,300000
2026-08-10,AFK Store,ELITE TRAINER BOX DESTINED RIVALS,69990
2026-08-10,AFK Store,Elite Trainer Box Journey Together,54990
2026-08-10,AFK Store,Ultra Prism Elite Trainer Box [Dawn Wings Necrozma],800000
2026-08-10,AFK Store,Ultra Prism Elite Trainer Box [Dusk Mane Necrozma],700000
2026-08-10,AFK Store,Unbroken Bonds Elite Trainer Box - SM - Unbroken Bonds (SM10),1000000
2026-08-10,AFK Store,Elite Trainer Box Pokemon Go,90000
2026-08-10,AFK Store,Elite Trainer Box Mega Evolution,64990
2026-08-10,AFK Store,Elite Trainer Box Hidden Fates,550000
2026-08-10,AFK Store,Elite Trainer Box Celebrations,200000
2026-08-10,AFK Store,Elite Trainer Box Fusion Strike,180000
2026-08-10,AFK Store,Elite Trainer Box Evolving Skies (Flareon),600000
2026-08-10,AFK Store,Elite Trainer Box Pokemon Battle Styles,90000
2026-08-10,AFK Store,Elite Trainer Box Pokemon Guardians Rising,400000
2026-08-10,AFK Store,Cosmic Eclipse Elite Trainer Box,1600000
2026-08-10,AFK Store,Elite Trainer Box Crimson Invasion,150000
2026-08-10,AFK Store,Elite Trainer Box Black Bolt y White Flare,64990
2026-08-10,AFK Store,Elite Trainer Box Astral Radiance,90000
2026-08-10,AFK Store,Elite Trainer Box Brillant Stars,130000
2026-08-10,AFK Store,Elite Trainer Box Crown Zenith,200000
2026-08-10,AFK Store,Elite Trainer Box Evolving Skies (Sylveon),350000
2026-08-10,AFK Store,Elite Trainer Box Champion's Path,170000
2026-08-10,AFK Store,Elite Trainer Box Surging Sparks,69990
2026-08-10,AFK Store,Elite Trainer Box Vivid Voltage,100000
2026-08-10,AFK Store,Elite Trainer Box Stellar Crown,49900
2026-08-10,AFK Store,Phantasmal Flames Elite Trainer Box,150000
2026-08-10,AFK Store,Elite Trainer Box Shinning Fates,140000
2026-08-10,AFK Store,Elite Trainer Box Lost Origin,130000
2026-08-10,AFK Store,ELITE TRAINER BOX ASCENDED HEROES,150000
2026-08-10,AFK Store,Elite Trainer Box Silver Tempest,100000
2026-08-10,AFK Store,Elite Trainer Box Plus: Zamazenta Pokemon Sword & Shield,140000
2026-08-10,AFK Store,PRISMATIC EVOLUTIONS ELITE TRAINER BOX,69990
2026-08-10,AFK Store,Elite Trainer Box Paradox Rift Futuro,42990
2026-08-10,AFK Store,Elite Trainer Box Scarlet And Violet,59990
2026-08-10,AFK Store,Elite Trainer Box Twilight Masquerade,59990
2026-08-10,AFK Store,Elite Trainer Box Paldea,44990
2026-08-10,AFK Store,Elite Trainer Box Plus: Zacian Pokemon Sword & Shield,140000
2026-08-10,AFK Store,Elite Trainer Box Obsidian Flames,100000
2026-08-10,AFK Store,Elite Trainer Box Paradox Rift Pasado,42990
2026-08-10,AFK Store,Elite Trainer Box Sword And Shield (Pequeño orificio plastico),40000
2026-08-10,AFK Store,Elite Trainer Box Shrouded Fable,49990
2026-08-10,AFK Store,Elite Trainer Box Temporal Forces,79990
2026-08-10,AFK Store,Elite Trainer Box Darkness Ablaze (Plastico levemente Roto),40000
2026-08-10,Piedra Bruja,Scarlet & Violet Destined Rivals Elite Trainer Box,74990
2026-08-10,Piedra Bruja,Mega Evolution Phantasmal Flames Elite Trainer Box ESP,61990
2026-08-10,Piedra Bruja,Mega Evolution Perfect Order Elite Trainer Box ING,69990
2026-08-10,Piedra Bruja,Mega Evolution Pitch Black Elite Trainer Box ESP,72990
2026-08-10,Piedra Bruja,Mega Evolution Pitch Black Elite Trainer Box ING,79990
2026-08-10,Piedra Bruja,Mega Evolution Perfect Order Elite Trainer Box ESP,69990
2026-08-10,Piedra Bruja,Mega Evolution Chaos Rising Elite Trainer Box ESP,65990
2026-08-10,Piedra Bruja,Temporal Forces Iron Leaves - Elite Trainer Box ESP,65990
2026-08-10,Piedra Bruja,Scarlet & Violet White Flare Elite Trainer Box,69990
2026-08-10,Piedra Bruja,Scarlet & Violet Black Bolt Elite Trainer Box,69990
2026-08-10,Piedra Bruja,Mega Evolution Elite Trainer Box,67990
2026-08-10,Piedra Bruja,Temporal Forces Walking Wake - Elite Trainer Box ESP,65990
2026-08-10,Piedra Bruja,Pokemon TCG 30th Celebration - Elite Trainer Box ESP,79990
2026-08-10,Piedra Bruja,Pokemon TCG 30th Celebration - Elite Trainer Box ING,79990
2026-08-10,Piedra Bruja,Scarlet & Violet Prismatic Evolutions Elite Trainer Box,89990
2026-08-10,Piedra Bruja,Scarlet & Violet Prismatic Evolutions Elite Trainer Box Español,84990
2026-08-10,Piedra Bruja,Mega Evolution Ascended Heroes Elite Trainer Box,67990
2026-08-10,Piedra Bruja,Mega Evolution Phantasmal Flames Elite Trainer Box,67990
2026-08-10,Piedra Bruja,Mega Evolution Ascended Heroes Elite Trainer Box ESP,67990
2026-08-10,Piedra Bruja,Scarlet & Violet Journey Together Elite Trainer Box Español,71990
2026-08-10,Piedra Bruja,Mega Evolution Chaos Rising Elite Trainer Box ING,69990
2026-08-10,MARKET_AVERAGE,Daily Average ETB Price,155408
2026-08-11,Charizstore,PITCH BLACK – ELITE TRAINER BOX – ESPAÑOL,67990
2026-08-11,Charizstore,PITCH BLACK – ELITE TRAINER BOX – INGLES,72990
2026-08-11,Charizstore,Mega Evolution Chaos Rising – Elite Trainer Box – Inglés,72990
2026-08-11,Charizstore,Mega Evolution Chaos Rising – Elite Trainer Box – Español,59990
2026-08-11,Charizstore,Mega Evolution – Perfect Order – Elite Trainer Box – Español,50000
2026-08-11,Charizstore,Mega Evolution – Perfect Order – Elite Trainer Box – Ingles,58000
2026-08-11,Charizstore,Mega Evolution – Elite Trainer Box – Mega Lucario – Español,100000
2026-08-11,Charizstore,Mega Evolution – Elite Trainer Box – Mega Gardevoir – Español,100000
2026-08-11,Charizstore,Mega Evolution – Elite Trainer Box – Mega Gardevoir- Inglés,130000
2026-08-11,Charizstore,MEGA EVOLUTION – ASCENDED HEROES ELITE TRAINER BOX – ESPAÑOL,90000
2026-08-11,Charizstore,MEGA EVOLUTION – ASCENDED HEROES ELITE TRAINER BOX – INGLÉS,170000
2026-08-11,Charizstore,Temporal Forces – Elite Trainer Box – Español (V2),90000
2026-08-11,Charizstore,White Flare – Elite Trainer Box – Inglés,160000
2026-08-11,Charizstore,Mega Evolution Phantasmal Flames – Elite Trainer Box – Español,75000
2026-08-11,Charizstore,Mega Evolution Phantasmal Flames – Elite Trainer Box – Ingles,150000
2026-08-11,Charizstore,Temporal Forces – Elite Trainer Box – Español,90000
2026-08-11,Charizstore,White Flare – Elite Trainer Box – Español,70000
2026-08-11,Charizstore,Prismatic Evolutions – Elite Trainer Box – Español,100000
2026-08-11,Charizstore,Black Bolt – Elite Trainer Box – Español,70000
2026-08-11,Charizstore,Crown Zenith – Elite Trainer Box- Español,350000
2026-08-11,Charizstore,Twiligth Masquerade – Elite Trainer Box – Inglés,105000
2026-08-11,Charizstore,Shrouded Fable – Elite Trainer Box – Español,85000
2026-08-11,Charizstore,Shrouded Fable – Elite Trainer Box – Inglés,130000
2026-08-11,Charizstore,Scarlet & Violet Destined Rivals – Elite Trainer Box – Español,85000
2026-08-11,Charizstore,Twiligth Masquerade – Elite Trainer Box – Español,75000
2026-08-11,Charizstore,Journey Together – Elite Trainer Box – Español,60000
2026-08-11,Charizstore,Surging Sparks – Elite Trainer Box – Español,80000
2026-08-11,Charizstore,Surging Sparks – Elite Trainer Box – Inglés,145990
2026-08-11,Charizstore,Obsidian Flames – Elite Trainer Box – Español,149990
2026-08-11,Charizstore,Stellar Crown – Elite Trainer Box – Español,85000
2026-08-11,Charizstore,Stellar Crown – Elite Trainer Box – Inglés,155000
2026-08-11,Collector Center,Mega Evolution: Ascended Heroes - Elite Trainer Box - Español,59990
2026-08-11,Collector Center,Scarlet & Violet: Black Bolt- Elite Trainer Box - Español,54990
2026-08-11,Collector Center,Mega Evolution Perfect Order - Elite Trainer Box - Ingles,56990
2026-08-11,Collector Center,Mega Evolution Pitch Black- Elite Trainer Box - Español,67990
2026-08-11,Collector Center,Mega Evolution Chaos Rising - Elite Trainer Box - Ingles,71990
2026-08-11,Collector Center,Mega Evolution Perfect Order - Elite Trainer Box - Español,49990
2026-08-11,Collector Center,Scarlet & Violet: White Flare - Elite Trainer Box - Español,54990
2026-08-11,Collector Center,Mega Evolution Pitch Black- Elite Trainer Box - Inglés,73990
2026-08-11,Collector Center,[PREVENTA 16/09/26] 30th Celebration - Elite Trainer Box - Inglés,199990
2026-08-11,Collector Center,Mega Evolution Chaos Rising - Elite Trainer Box - Español,59990
2026-08-11,Collector Center,Escarlata y Púrpura - Corona Astral – Elite Trainer Box – Español,49990
2026-08-11,MoiiJuegos,Pokémon mega evolution - pitch black elite trainer box (e...,63900
2026-08-11,MoiiJuegos,Pókemon mega evolution - chaos rising elite trainer box (...,62900
2026-08-11,MoiiJuegos,Pókemon mega evolution - perfect order elite trainer box ...,62900
2026-08-11,El Panteon,SET 3 X ELITE TRAINER BOX ESPAÑOL OFERTA PALDEA,189990
2026-08-11,El Panteon,SET 3 X ELITE TRAINER BOX ESPAÑOL OFERTA HEROES,159990
2026-08-11,El Panteon,SET 3 X ELITE TRAINER BOX ESPAÑOL OFERTA PRISMATICA,159990
2026-08-11,El Panteon,SET 3 X ELITE TRAINER BOX ESPAÑOL OFERTA OBSIDIANA,189990
2026-08-11,El Panteon,SET 3 X ELITE TRAINER BOX ESPAÑOL OFERTA DON LUCHO,139990
2026-08-11,El Panteon,SET 3 X ELITE TRAINER BOX ESPAÑOL OFERTA CRUZADA,129990
2026-08-11,El Panteon,SET 3 X ELITE TRAINER BOX ESPAÑOL OFERTA MUNDIALERA,129990
2026-08-11,El Panteon,SET 3 X ELITE TRAINER BOX ESPAÑOL OFERTA DE INVIERNO,129990
2026-08-11,El Panteon,Pitch Black – Elite Trainer Box ESPAÑOL,57990
2026-08-11,El Panteon,Pitch Black – Elite Trainer Box INGLES,69990
2026-08-11,El Panteon,Darkness Ablaze Elite Trainer Box – ESPAÑOL,149990
2026-08-11,El Panteon,Rebel Clash Elite Trainer Box – ESPAÑOL,359990
2026-08-11,El Panteon,Mega Evolution Perfect Order – Elite Trainer Box Español,47990
2026-08-11,El Panteon,SET 3 X ELITE TRAINER BOX ESPAÑOL OFERTA VERANIEGA,129990
2026-08-11,El Panteon,SET 3 X ELITE TRAINER BOX PHANTASMAL FLAMES ESPAÑOL OFERTA ENERO,129990
2026-08-11,El Panteon,Pokemon GO Elite Trainer Box – Pokemon GO Español,159990
2026-08-11,El Panteon,Pokemon GO Elite Trainer Box – Pokemon GO Ingles,199990
2026-08-11,El Panteon,SET 3 X ELITE TRAINER BOX ESPAÑOL OFERTA ENERO,139990
2026-08-11,El Panteon,Ascended Heroes Collection – Elite Trainer Box Español,69990
2026-08-11,El Panteon,Shining Fates Elite Trainer Box INGLES,189990
2026-08-11,El Panteon,White Flare – Elite Trainer Box – Ingles,139990
2026-08-11,El Panteon,Mega Evolution Phantasmal Flames – Elite Trainer Box – Español,44990
2026-08-11,El Panteon,Paldea Evolved – Elite Trainer Box – Español,149990
2026-08-11,El Panteon,Prismatic Evolutions – Elite Trainer Box – Español,79990
2026-08-11,El Panteon,Black Bolt – Elite Trainer Box – Inglés,149990
2026-08-11,El Panteon,Paldean Fates – Elite Trainer Box – Ingles,599999
2026-08-11,El Panteon,Twilight Masquerade – Elite Trainer Box – Inglés,109990
2026-08-11,El Panteon,Journey Together – Elite Trainer Box – Español,44990
2026-08-11,El Panteon,Surging Sparks – Elite Trainer Box – Inglés,109990
2026-08-11,El Panteon,Obsidian Flames – Elite Trainer Box – Español,199990
2026-08-11,El Panteon,Stellar Crown – Elite Trainer Box – Español,59990
2026-08-11,AFK Store,Elite Trainer Box 151,550000
2026-08-11,AFK Store,Elite Trainer Box Paldea Fates,450000
2026-08-11,AFK Store,Elite Trainer Box Pitch Black Elite,67990
2026-08-11,AFK Store,Elite Trainer Box Perfect Order,60000
2026-08-11,AFK Store,Elite Trainer Box Pokemon Team Up,1500000
2026-08-11,AFK Store,Elite Trainer Box Rebel Clash,300000
2026-08-11,AFK Store,ELITE TRAINER BOX DESTINED RIVALS,69990
2026-08-11,AFK Store,Elite Trainer Box Journey Together,54990
2026-08-11,AFK Store,Ultra Prism Elite Trainer Box [Dawn Wings Necrozma],800000
2026-08-11,AFK Store,Ultra Prism Elite Trainer Box [Dusk Mane Necrozma],700000
2026-08-11,AFK Store,Unbroken Bonds Elite Trainer Box - SM - Unbroken Bonds (SM10),1000000
2026-08-11,AFK Store,Elite Trainer Box Pokemon Go,90000
2026-08-11,AFK Store,Elite Trainer Box Mega Evolution,64990
2026-08-11,AFK Store,Elite Trainer Box Celebrations,200000
2026-08-11,AFK Store,Elite Trainer Box Fusion Strike,180000
2026-08-11,AFK Store,Elite Trainer Box Hidden Fates,550000
2026-08-11,AFK Store,Elite Trainer Box Astral Radiance,90000
2026-08-11,AFK Store,Elite Trainer Box Evolving Skies (Flareon),600000
2026-08-11,AFK Store,Elite Trainer Box Crimson Invasion,150000
2026-08-11,AFK Store,Elite Trainer Box Pokemon Battle Styles,90000
2026-08-11,AFK Store,Elite Trainer Box Black Bolt y White Flare,64990
2026-08-11,AFK Store,Elite Trainer Box Brillant Stars,130000
2026-08-11,AFK Store,Elite Trainer Box Pokemon Guardians Rising,400000
2026-08-11,AFK Store,Cosmic Eclipse Elite Trainer Box,1600000
2026-08-11,AFK Store,Elite Trainer Box Evolving Skies (Sylveon),350000
2026-08-11,AFK Store,Elite Trainer Box Crown Zenith,200000
2026-08-11,AFK Store,Elite Trainer Box Champion's Path,170000
2026-08-11,AFK Store,Elite Trainer Box Surging Sparks,69990
2026-08-11,AFK Store,Elite Trainer Box Vivid Voltage,100000
2026-08-11,AFK Store,Elite Trainer Box Stellar Crown,49900
2026-08-11,AFK Store,Phantasmal Flames Elite Trainer Box,150000
2026-08-11,AFK Store,Elite Trainer Box Shinning Fates,140000
2026-08-11,AFK Store,Elite Trainer Box Lost Origin,130000
2026-08-11,AFK Store,ELITE TRAINER BOX ASCENDED HEROES,150000
2026-08-11,AFK Store,Elite Trainer Box Silver Tempest,100000
2026-08-11,AFK Store,Elite Trainer Box Plus: Zamazenta Pokemon Sword & Shield,140000
2026-08-11,AFK Store,PRISMATIC EVOLUTIONS ELITE TRAINER BOX,69990
2026-08-11,AFK Store,Elite Trainer Box Paradox Rift Futuro,42990
2026-08-11,AFK Store,Elite Trainer Box Scarlet And Violet,59990
2026-08-11,AFK Store,Elite Trainer Box Twilight Masquerade,59990
2026-08-11,AFK Store,Elite Trainer Box Paldea,44990
2026-08-11,AFK Store,Elite Trainer Box Plus: Zacian Pokemon Sword & Shield,140000
2026-08-11,AFK Store,Elite Trainer Box Obsidian Flames,100000
2026-08-11,AFK Store,Elite Trainer Box Paradox Rift Pasado,42990
2026-08-11,AFK Store,Elite Trainer Box Shrouded Fable,49990
2026-08-11,AFK Store,Elite Trainer Box Sword And Shield (Pequeño orificio plastico),40000
2026-08-11,AFK Store,Elite Trainer Box Temporal Forces,79990
2026-08-11,AFK Store,Elite Trainer Box Darkness Ablaze (Plastico levemente Roto),40000
2026-08-11,Piedra Bruja,Scarlet & Violet Destined Rivals Elite Trainer Box,74990
2026-08-11,Piedra Bruja,Mega Evolution Phantasmal Flames Elite Trainer Box ESP,61990
2026-08-11,Piedra Bruja,Mega Evolution Perfect Order Elite Trainer Box ING,69990
2026-08-11,Piedra Bruja,Mega Evolution Pitch Black Elite Trainer Box ING,79990
2026-08-11,Piedra Bruja,Mega Evolution Chaos Rising Elite Trainer Box ESP,65990
2026-08-11,Piedra Bruja,Mega Evolution Pitch Black Elite Trainer Box ESP,72990
2026-08-11,Piedra Bruja,Mega Evolution Perfect Order Elite Trainer Box ESP,69990
2026-08-11,Piedra Bruja,Temporal Forces Iron Leaves - Elite Trainer Box ESP,65990
2026-08-11,Piedra Bruja,Scarlet & Violet White Flare Elite Trainer Box,69990
2026-08-11,Piedra Bruja,Scarlet & Violet Black Bolt Elite Trainer Box,69990
2026-08-11,Piedra Bruja,Mega Evolution Elite Trainer Box,67990
2026-08-11,Piedra Bruja,Temporal Forces Walking Wake - Elite Trainer Box ESP,65990
2026-08-11,Piedra Bruja,Pokemon TCG 30th Celebration - Elite Trainer Box ESP,79990
2026-08-11,Piedra Bruja,Pokemon TCG 30th Celebration - Elite Trainer Box ING,79990
2026-08-11,Piedra Bruja,Mega Evolution Chaos Rising Elite Trainer Box ING,69990
2026-08-11,Piedra Bruja,Scarlet & Violet Prismatic Evolutions Elite Trainer Box,89990
2026-08-11,Piedra Bruja,Mega Evolution Ascended Heroes Elite Trainer Box,67990
2026-08-11,Piedra Bruja,Scarlet & Violet Prismatic Evolutions Elite Trainer Box Español,84990
2026-08-11,Piedra Bruja,Mega Evolution Phantasmal Flames Elite Trainer Box,67990
2026-08-11,Piedra Bruja,Mega Evolution Ascended Heroes Elite Trainer Box ESP,67990
2026-08-11,Piedra Bruja,Scarlet & Violet Journey Together Elite Trainer Box Español,71990
2026-08-11,Magicsur,Pokémon TCG: Silver Tempest Elite Trainer Box - Inglés y Español,49990
2026-08-11,Magicsur,Pokémon TCG: Scarlet & Violet: Obsidian Flames - Elite Trainer Box,51990
2026-08-11,Magicsur,Pokémon TCG: Scarlet & Violet: Temporal Forces - Elite Trainer Box - Iron Leaves,41993
2026-08-11,Magicsur,Pokémon TCG: Scarlet & Violet: Temporal Forces - Elite Trainer Box - Walking Wake,41993
2026-08-11,Magicsur,Pokémon TCG: Scarlet & Violet: Twilight Masquerade - Elite Trainer Box,45592
2026-08-11,Magicsur,Pokémon TCG: Scarlet & Violet: Stellar Crown - Elite Trainer Box,46392
2026-08-11,Magicsur,Pokémon TCG: Mega Evolución - Phantasmal Flames - Elite Trainer Box,74990
2026-08-11,Magicsur,Pokémon TCG: Scarlet & Violet: Journey Together - Elite Trainer Box,59990
2026-08-11,Magicsur,Pokémon TCG: Scarlet & Violet: Surging Sparks - Elite Trainer Box,47992
2026-08-11,Magicsur,Pokémon TCG: Scarlet & Violet: Black Bolt - Elite Trainer Box,69990
2026-08-11,Magicsur,Pokémon TCG: Mega Evolution - Elite Trainer Box (Mega Gardevoir ex),72990
2026-08-11,Magicsur,Pokémon TCG: Mega Evolution - Elite Trainer Box (Mega Lucario ex),72990
2026-08-11,Magicsur,Pokémon TCG: Chaos Rising - Elite Trainer Box,69990
2026-08-11,MARKET_AVERAGE,Daily Average ETB Price,148397
2026-08-12,Collector Center,Mega Evolution: Ascended Heroes - Elite Trainer Box - Español,59990
2026-08-12,Collector Center,Scarlet & Violet: Black Bolt- Elite Trainer Box - Español,54990
2026-08-12,Collector Center,Mega Evolution Perfect Order - Elite Trainer Box - Ingles,56990
2026-08-12,Collector Center,Mega Evolution Pitch Black- Elite Trainer Box - Español,67990
2026-08-12,Collector Center,Mega Evolution Perfect Order - Elite Trainer Box - Español,49990
2026-08-12,Collector Center,Mega Evolution Chaos Rising - Elite Trainer Box - Ingles,71990
2026-08-12,Collector Center,Scarlet & Violet: White Flare - Elite Trainer Box - Español,54990
2026-08-12,Collector Center,Mega Evolution Pitch Black- Elite Trainer Box - Inglés,73990
2026-08-12,Collector Center,[PREVENTA 16/09/26] 30th Celebration - Elite Trainer Box - Inglés,199990
2026-08-12,Collector Center,Mega Evolution Chaos Rising - Elite Trainer Box - Español,59990
2026-08-12,Collector Center,Escarlata y Púrpura - Corona Astral – Elite Trainer Box – Español,49990
2026-08-12,MoiiJuegos,Pokémon mega evolution - pitch black elite trainer box (e...,63900
2026-08-12,MoiiJuegos,Pókemon mega evolution - chaos rising elite trainer box (...,62900
2026-08-12,MoiiJuegos,Pókemon mega evolution - perfect order elite trainer box ...,62900
2026-08-12,AFK Store,Elite Trainer Box 151,550000
2026-08-12,AFK Store,Elite Trainer Box Paldea Fates,450000
2026-08-12,AFK Store,Elite Trainer Box Pitch Black Elite,67990
2026-08-12,AFK Store,Elite Trainer Box Perfect Order,60000
2026-08-12,AFK Store,Elite Trainer Box Pokemon Team Up,1500000
2026-08-12,AFK Store,Elite Trainer Box Rebel Clash,300000
2026-08-12,AFK Store,ELITE TRAINER BOX DESTINED RIVALS,69990
2026-08-12,AFK Store,ELITE TRAINER BOX ASCENDED HEROES,150000
2026-08-12,AFK Store,Elite Trainer Box Journey Together,54990
2026-08-12,AFK Store,Ultra Prism Elite Trainer Box [Dawn Wings Necrozma],800000
2026-08-12,AFK Store,Ultra Prism Elite Trainer Box [Dusk Mane Necrozma],700000
2026-08-12,AFK Store,Unbroken Bonds Elite Trainer Box - SM - Unbroken Bonds (SM10),1000000
2026-08-12,AFK Store,Elite Trainer Box Pokemon Go,90000
2026-08-12,AFK Store,Elite Trainer Box Mega Evolution,64990
2026-08-12,AFK Store,Elite Trainer Box Celebrations,200000
2026-08-12,AFK Store,Elite Trainer Box Hidden Fates,550000
2026-08-12,AFK Store,Elite Trainer Box Fusion Strike,180000
2026-08-12,AFK Store,Elite Trainer Box Astral Radiance,90000
2026-08-12,AFK Store,Elite Trainer Box Pokemon Battle Styles,90000
2026-08-12,AFK Store,Elite Trainer Box Evolving Skies (Flareon),600000
2026-08-12,AFK Store,Elite Trainer Box Black Bolt y White Flare,64990
2026-08-12,AFK Store,Elite Trainer Box Crimson Invasion,150000
2026-08-12,AFK Store,Elite Trainer Box Brillant Stars,130000
2026-08-12,AFK Store,Elite Trainer Box Pokemon Guardians Rising,400000
2026-08-12,AFK Store,Elite Trainer Box Vivid Voltage,100000
2026-08-12,AFK Store,Cosmic Eclipse Elite Trainer Box,1600000
2026-08-12,AFK Store,Elite Trainer Box Evolving Skies (Sylveon),350000
2026-08-12,AFK Store,Elite Trainer Box Surging Sparks,69990
2026-08-12,AFK Store,Elite Trainer Box Crown Zenith,200000
2026-08-12,AFK Store,Elite Trainer Box Champion's Path,170000
2026-08-12,AFK Store,Elite Trainer Box Scarlet And Violet,59990
2026-08-12,AFK Store,Elite Trainer Box Stellar Crown,49900
2026-08-12,AFK Store,Elite Trainer Box Silver Tempest,100000
2026-08-12,AFK Store,Phantasmal Flames Elite Trainer Box,150000
2026-08-12,AFK Store,Elite Trainer Box Shinning Fates,140000
2026-08-12,AFK Store,Elite Trainer Box Lost Origin,130000
2026-08-12,AFK Store,Elite Trainer Box Plus: Zamazenta Pokemon Sword & Shield,140000
2026-08-12,AFK Store,PRISMATIC EVOLUTIONS ELITE TRAINER BOX,69990
2026-08-12,AFK Store,Elite Trainer Box Paldea,44990
2026-08-12,AFK Store,Elite Trainer Box Paradox Rift Futuro,42990
2026-08-12,AFK Store,Elite Trainer Box Twilight Masquerade,59990
2026-08-12,AFK Store,Elite Trainer Box Plus: Zacian Pokemon Sword & Shield,140000
2026-08-12,AFK Store,Elite Trainer Box Obsidian Flames,100000
2026-08-12,AFK Store,Elite Trainer Box Sword And Shield (Pequeño orificio plastico),40000
2026-08-12,AFK Store,Elite Trainer Box Shrouded Fable,49990
2026-08-12,AFK Store,Elite Trainer Box Paradox Rift Pasado,42990
2026-08-12,AFK Store,Elite Trainer Box Temporal Forces,79990
2026-08-12,AFK Store,Elite Trainer Box Darkness Ablaze (Plastico levemente Roto),40000
2026-08-12,Piedra Bruja,Scarlet & Violet Destined Rivals Elite Trainer Box,74990
2026-08-12,Piedra Bruja,Mega Evolution Chaos Rising Elite Trainer Box ESP,65990
2026-08-12,Piedra Bruja,Mega Evolution Phantasmal Flames Elite Trainer Box ESP,61990
2026-08-12,Piedra Bruja,Mega Evolution Perfect Order Elite Trainer Box ING,69990
2026-08-12,Piedra Bruja,Mega Evolution Pitch Black Elite Trainer Box ING,79990
2026-08-12,Piedra Bruja,Mega Evolution Pitch Black Elite Trainer Box ESP,72990
2026-08-12,Piedra Bruja,Mega Evolution Perfect Order Elite Trainer Box ESP,69990
2026-08-12,Piedra Bruja,Temporal Forces Iron Leaves - Elite Trainer Box ESP,65990
2026-08-12,Piedra Bruja,Scarlet & Violet White Flare Elite Trainer Box,69990
2026-08-12,Piedra Bruja,Scarlet & Violet Black Bolt Elite Trainer Box,69990
2026-08-12,Piedra Bruja,Mega Evolution Elite Trainer Box,67990
2026-08-12,Piedra Bruja,Pokemon TCG 30th Celebration - Elite Trainer Box ING,79990
2026-08-12,Piedra Bruja,Temporal Forces Walking Wake - Elite Trainer Box ESP,65990
2026-08-12,Piedra Bruja,Mega Evolution Chaos Rising Elite Trainer Box ING,69990
2026-08-12,Piedra Bruja,Scarlet & Violet Prismatic Evolutions Elite Trainer Box,89990
2026-08-12,Piedra Bruja,Mega Evolution Ascended Heroes Elite Trainer Box,67990
2026-08-12,Piedra Bruja,Scarlet & Violet Prismatic Evolutions Elite Trainer Box Español,84990
2026-08-12,Piedra Bruja,Mega Evolution Phantasmal Flames Elite Trainer Box,67990
2026-08-12,Piedra Bruja,Mega Evolution Ascended Heroes Elite Trainer Box ESP,67990
2026-08-12,Piedra Bruja,Pokemon TCG 30th Celebration - Elite Trainer Box ESP,79990
2026-08-12,Piedra Bruja,Scarlet & Violet Journey Together Elite Trainer Box Español,71990
2026-08-12,MARKET_AVERAGE,Daily Average ETB Price,178207
2026-08-13,Charizstore,PITCH BLACK – ELITE TRAINER BOX – ESPAÑOL,67990
2026-08-13,Charizstore,PITCH BLACK – ELITE TRAINER BOX – INGLES,72990
2026-08-13,Charizstore,Mega Evolution Chaos Rising – Elite Trainer Box – Inglés,72990
2026-08-13,Charizstore,Mega Evolution Chaos Rising – Elite Trainer Box – Español,59990
2026-08-13,Charizstore,Mega Evolution – Perfect Order – Elite Trainer Box – Español,50000
2026-08-13,Charizstore,Mega Evolution – Perfect Order – Elite Trainer Box – Ingles,58000
2026-08-13,Charizstore,Mega Evolution – Elite Trainer Box – Mega Lucario – Español,100000
2026-08-13,Charizstore,Mega Evolution – Elite Trainer Box – Mega Gardevoir – Español,100000
2026-08-13,Charizstore,Mega Evolution – Elite Trainer Box – Mega Gardevoir- Inglés,130000
2026-08-13,Charizstore,MEGA EVOLUTION – ASCENDED HEROES ELITE TRAINER BOX – ESPAÑOL,90000
2026-08-13,Charizstore,MEGA EVOLUTION – ASCENDED HEROES ELITE TRAINER BOX – INGLÉS,170000
2026-08-13,Charizstore,Temporal Forces – Elite Trainer Box – Español (V2),90000
2026-08-13,Charizstore,White Flare – Elite Trainer Box – Inglés,160000
2026-08-13,Charizstore,Mega Evolution Phantasmal Flames – Elite Trainer Box – Español,75000
2026-08-13,Charizstore,Mega Evolution Phantasmal Flames – Elite Trainer Box – Ingles,150000
2026-08-13,Charizstore,Temporal Forces – Elite Trainer Box – Español,90000
2026-08-13,Charizstore,White Flare – Elite Trainer Box – Español,70000
2026-08-13,Charizstore,Prismatic Evolutions – Elite Trainer Box – Español,100000
2026-08-13,Charizstore,Black Bolt – Elite Trainer Box – Español,70000
2026-08-13,Charizstore,Crown Zenith – Elite Trainer Box- Español,350000
2026-08-13,Charizstore,Twiligth Masquerade – Elite Trainer Box – Inglés,105000
2026-08-13,Charizstore,Shrouded Fable – Elite Trainer Box – Español,85000
2026-08-13,Charizstore,Shrouded Fable – Elite Trainer Box – Inglés,130000
2026-08-13,Charizstore,Scarlet & Violet Destined Rivals – Elite Trainer Box – Español,85000
2026-08-13,Charizstore,Twiligth Masquerade – Elite Trainer Box – Español,75000
2026-08-13,Charizstore,Journey Together – Elite Trainer Box – Español,60000
2026-08-13,Charizstore,Surging Sparks – Elite Trainer Box – Español,80000
2026-08-13,Charizstore,Surging Sparks – Elite Trainer Box – Inglés,145990
2026-08-13,Charizstore,Obsidian Flames – Elite Trainer Box – Español,149990
2026-08-13,Charizstore,Stellar Crown – Elite Trainer Box – Español,85000
2026-08-13,Charizstore,Stellar Crown – Elite Trainer Box – Inglés,155000
2026-08-13,Collector Center,Scarlet & Violet: Black Bolt- Elite Trainer Box - Español,54990
2026-08-13,Collector Center,Mega Evolution: Ascended Heroes - Elite Trainer Box - Español,59990
2026-08-13,Collector Center,Mega Evolution Perfect Order - Elite Trainer Box - Ingles,56990
2026-08-13,Collector Center,Mega Evolution Pitch Black- Elite Trainer Box - Español,67990
2026-08-13,Collector Center,Mega Evolution Perfect Order - Elite Trainer Box - Español,49990
2026-08-13,Collector Center,Mega Evolution Chaos Rising - Elite Trainer Box - Ingles,71990
2026-08-13,Collector Center,Scarlet & Violet: White Flare - Elite Trainer Box - Español,54990
2026-08-13,Collector Center,Mega Evolution Pitch Black- Elite Trainer Box - Inglés,73990
2026-08-13,Collector Center,[PREVENTA 16/09/26] 30th Celebration - Elite Trainer Box - Inglés,199990
2026-08-13,Collector Center,Mega Evolution Chaos Rising - Elite Trainer Box - Español,59990
2026-08-13,Collector Center,Escarlata y Púrpura - Corona Astral – Elite Trainer Box – Español,49990
2026-08-13,MoiiJuegos,Pokémon 30th celebration elite trainer box,69900
2026-08-13,MoiiJuegos,Pokémon mega evolution - pitch black elite trainer box (e...,63900
2026-08-13,El Panteon,SET 3 X ELITE TRAINER BOX ESPAÑOL OFERTA PALDEA,189990
2026-08-13,El Panteon,SET 3 X ELITE TRAINER BOX ESPAÑOL OFERTA HEROES,159990
2026-08-13,El Panteon,SET 3 X ELITE TRAINER BOX ESPAÑOL OFERTA PRISMATICA,159990
2026-08-13,El Panteon,SET 3 X ELITE TRAINER BOX ESPAÑOL OFERTA OBSIDIANA,189990
2026-08-13,El Panteon,SET 3 X ELITE TRAINER BOX ESPAÑOL OFERTA DON LUCHO,139990
2026-08-13,El Panteon,SET 3 X ELITE TRAINER BOX ESPAÑOL OFERTA CRUZADA,129990
2026-08-13,El Panteon,SET 3 X ELITE TRAINER BOX ESPAÑOL OFERTA MUNDIALERA,129990
2026-08-13,El Panteon,SET 3 X ELITE TRAINER BOX ESPAÑOL OFERTA DE INVIERNO,129990
2026-08-13,El Panteon,Pitch Black – Elite Trainer Box ESPAÑOL,57990
2026-08-13,El Panteon,Pitch Black – Elite Trainer Box INGLES,69990
2026-08-13,El Panteon,Darkness Ablaze Elite Trainer Box – ESPAÑOL,149990
2026-08-13,El Panteon,Rebel Clash Elite Trainer Box – ESPAÑOL,359990
2026-08-13,El Panteon,Mega Evolution Perfect Order – Elite Trainer Box Español,47990
2026-08-13,El Panteon,SET 3 X ELITE TRAINER BOX ESPAÑOL OFERTA VERANIEGA,129990
2026-08-13,El Panteon,SET 3 X ELITE TRAINER BOX PHANTASMAL FLAMES ESPAÑOL OFERTA ENERO,129990
2026-08-13,El Panteon,Pokemon GO Elite Trainer Box – Pokemon GO Español,159990
2026-08-13,El Panteon,Pokemon GO Elite Trainer Box – Pokemon GO Ingles,199990
2026-08-13,El Panteon,SET 3 X ELITE TRAINER BOX ESPAÑOL OFERTA ENERO,139990
2026-08-13,El Panteon,Ascended Heroes Collection – Elite Trainer Box Español,69990
2026-08-13,El Panteon,Shining Fates Elite Trainer Box INGLES,189990
2026-08-13,El Panteon,White Flare – Elite Trainer Box – Ingles,139990
2026-08-13,El Panteon,Mega Evolution Phantasmal Flames – Elite Trainer Box – Español,44990
2026-08-13,El Panteon,Paldea Evolved – Elite Trainer Box – Español,149990
2026-08-13,El Panteon,Prismatic Evolutions – Elite Trainer Box – Español,79990
2026-08-13,El Panteon,Black Bolt – Elite Trainer Box – Inglés,149990
2026-08-13,El Panteon,Paldean Fates – Elite Trainer Box – Ingles,599999
2026-08-13,El Panteon,Twilight Masquerade – Elite Trainer Box – Inglés,109990
2026-08-13,El Panteon,Journey Together – Elite Trainer Box – Español,44990
2026-08-13,El Panteon,Surging Sparks – Elite Trainer Box – Inglés,109990
2026-08-13,El Panteon,Obsidian Flames – Elite Trainer Box – Español,199990
2026-08-13,El Panteon,Stellar Crown – Elite Trainer Box – Español,59990
2026-08-13,AFK Store,Elite Trainer Box 151,550000
2026-08-13,AFK Store,Elite Trainer Box Paldea Fates,450000
2026-08-13,AFK Store,Elite Trainer Box Pitch Black Elite,67990
2026-08-13,AFK Store,Elite Trainer Box Perfect Order,60000
2026-08-13,AFK Store,Elite Trainer Box Pokemon Team Up,1500000
2026-08-13,AFK Store,ELITE TRAINER BOX DESTINED RIVALS,69990
2026-08-13,AFK Store,Elite Trainer Box Rebel Clash,300000
2026-08-13,AFK Store,ELITE TRAINER BOX ASCENDED HEROES,150000
2026-08-13,AFK Store,Elite Trainer Box Journey Together,54990
2026-08-13,AFK Store,Ultra Prism Elite Trainer Box [Dawn Wings Necrozma],800000
2026-08-13,AFK Store,Ultra Prism Elite Trainer Box [Dusk Mane Necrozma],700000
2026-08-13,AFK Store,Unbroken Bonds Elite Trainer Box - SM - Unbroken Bonds (SM10),1000000
2026-08-13,AFK Store,Elite Trainer Box Pokemon Go,90000
2026-08-13,AFK Store,Elite Trainer Box Mega Evolution,64990
2026-08-13,AFK Store,Elite Trainer Box Celebrations,200000
2026-08-13,AFK Store,Elite Trainer Box Hidden Fates,550000
2026-08-13,AFK Store,Elite Trainer Box Fusion Strike,180000
2026-08-13,AFK Store,Elite Trainer Box Astral Radiance,90000
2026-08-13,AFK Store,Elite Trainer Box Pokemon Battle Styles,90000
2026-08-13,AFK Store,Elite Trainer Box Black Bolt y White Flare,64990
2026-08-13,AFK Store,Elite Trainer Box Brillant Stars,130000
2026-08-13,AFK Store,Elite Trainer Box Crimson Invasion,150000
2026-08-13,AFK Store,Elite Trainer Box Pokemon Guardians Rising,400000
2026-08-13,AFK Store,Elite Trainer Box Vivid Voltage,100000
2026-08-13,AFK Store,Cosmic Eclipse Elite Trainer Box,1600000
2026-08-13,AFK Store,Elite Trainer Box Evolving Skies (Flareon),600000
2026-08-13,AFK Store,Elite Trainer Box Evolving Skies (Sylveon),350000
2026-08-13,AFK Store,Elite Trainer Box Surging Sparks,69990
2026-08-13,AFK Store,Elite Trainer Box Crown Zenith,200000
2026-08-13,AFK Store,Elite Trainer Box Champion's Path,170000
2026-08-13,AFK Store,Elite Trainer Box Scarlet And Violet,59990
2026-08-13,AFK Store,Elite Trainer Box Stellar Crown,49900
2026-08-13,AFK Store,Elite Trainer Box Silver Tempest,100000
2026-08-13,AFK Store,Phantasmal Flames Elite Trainer Box,150000
2026-08-13,AFK Store,Elite Trainer Box Shinning Fates,140000
2026-08-13,AFK Store,Elite Trainer Box Lost Origin,130000
2026-08-13,AFK Store,Elite Trainer Box Plus: Zamazenta Pokemon Sword & Shield,140000
2026-08-13,AFK Store,PRISMATIC EVOLUTIONS ELITE TRAINER BOX,69990
2026-08-13,AFK Store,Elite Trainer Box Paldea,44990
2026-08-13,AFK Store,Elite Trainer Box Paradox Rift Futuro,42990
2026-08-13,AFK Store,Elite Trainer Box Twilight Masquerade,59990
2026-08-13,AFK Store,Elite Trainer Box Plus: Zacian Pokemon Sword & Shield,140000
2026-08-13,AFK Store,Elite Trainer Box Obsidian Flames,100000
2026-08-13,AFK Store,Elite Trainer Box Sword And Shield (Pequeño orificio plastico),40000
2026-08-13,AFK Store,Elite Trainer Box Shrouded Fable,49990
2026-08-13,AFK Store,Elite Trainer Box Paradox Rift Pasado,42990
2026-08-13,AFK Store,Elite Trainer Box Temporal Forces,79990
2026-08-13,AFK Store,Elite Trainer Box Darkness Ablaze (Plastico levemente Roto),40000
2026-08-13,Piedra Bruja,Scarlet & Violet Destined Rivals Elite Trainer Box,74990
2026-08-13,Piedra Bruja,Mega Evolution Chaos Rising Elite Trainer Box ESP,65990
2026-08-13,Piedra Bruja,Mega Evolution Perfect Order Elite Trainer Box ING,69990
2026-08-13,Piedra Bruja,Mega Evolution Pitch Black Elite Trainer Box ING,79990
2026-08-13,Piedra Bruja,Mega Evolution Phantasmal Flames Elite Trainer Box ESP,61990
2026-08-13,Piedra Bruja,Mega Evolution Pitch Black Elite Trainer Box ESP,72990
2026-08-13,Piedra Bruja,Mega Evolution Perfect Order Elite Trainer Box ESP,69990
2026-08-13,Piedra Bruja,Temporal Forces Iron Leaves - Elite Trainer Box ESP,65990
2026-08-13,Piedra Bruja,Scarlet & Violet White Flare Elite Trainer Box,69990
2026-08-13,Piedra Bruja,Scarlet & Violet Black Bolt Elite Trainer Box,69990
2026-08-13,Piedra Bruja,Mega Evolution Elite Trainer Box,67990
2026-08-13,Piedra Bruja,Pokemon TCG 30th Celebration - Elite Trainer Box ING,79990
2026-08-13,Piedra Bruja,Temporal Forces Walking Wake - Elite Trainer Box ESP,65990
2026-08-13,Piedra Bruja,Mega Evolution Chaos Rising Elite Trainer Box ING,69990
2026-08-13,Piedra Bruja,Scarlet & Violet Prismatic Evolutions Elite Trainer Box,89990
2026-08-13,Piedra Bruja,Mega Evolution Ascended Heroes Elite Trainer Box,67990
2026-08-13,Piedra Bruja,Scarlet & Violet Prismatic Evolutions Elite Trainer Box Español,84990
2026-08-13,Piedra Bruja,Mega Evolution Phantasmal Flames Elite Trainer Box,67990
2026-08-13,Piedra Bruja,Mega Evolution Ascended Heroes Elite Trainer Box ESP,67990
2026-08-13,Piedra Bruja,Pokemon TCG 30th Celebration - Elite Trainer Box ESP,79990
2026-08-13,Piedra Bruja,Scarlet & Violet Journey Together Elite Trainer Box Español,71990
2026-08-13,Magicsur,Pokémon TCG: Silver Tempest Elite Trainer Box - Inglés y Español,49990
2026-08-13,Magicsur,Pokémon TCG: Scarlet & Violet: Obsidian Flames - Elite Trainer Box,51990
2026-08-13,Magicsur,Pokémon TCG: Scarlet & Violet: Temporal Forces - Elite Trainer Box - Iron Leaves,41993
2026-08-13,Magicsur,Pokémon TCG: Scarlet & Violet: Temporal Forces - Elite Trainer Box - Walking Wake,41993
2026-08-13,Magicsur,Pokémon TCG: Scarlet & Violet: Twilight Masquerade - Elite Trainer Box,45592
2026-08-13,Magicsur,Pokémon TCG: Scarlet & Violet: Stellar Crown - Elite Trainer Box,46392
2026-08-13,Magicsur,Pokémon TCG: Mega Evolución - Phantasmal Flames - Elite Trainer Box,74990
2026-08-13,Magicsur,Pokémon TCG: Scarlet & Violet: Journey Together - Elite Trainer Box,59990
2026-08-13,Magicsur,Pokémon TCG: Scarlet & Violet: Surging Sparks - Elite Trainer Box,47992
2026-08-13,Magicsur,Pokémon TCG: Scarlet & Violet: Black Bolt - Elite Trainer Box,69990
2026-08-13,Magicsur,Pokémon TCG: Mega Evolution - Elite Trainer Box (Mega Gardevoir ex),72990
2026-08-13,Magicsur,Pokémon TCG: Mega Evolution - Elite Trainer Box (Mega Lucario ex),72990
2026-08-13,Magicsur,Pokémon TCG: Chaos Rising - Elite Trainer Box,69990
2026-08-13,MARKET_AVERAGE,Daily Average ETB Price,148986
2026-08-14,Charizstore,PITCH BLACK – ELITE TRAINER BOX – ESPAÑOL,67990
2026-08-14,Charizstore,PITCH BLACK – ELITE TRAINER BOX – INGLES,72990
2026-08-14,Charizstore,Mega Evolution Chaos Rising – Elite Trainer Box – Inglés,72990
2026-08-14,Charizstore,Mega Evolution Chaos Rising – Elite Trainer Box – Español,59990
2026-08-14,Charizstore,Mega Evolution – Perfect Order – Elite Trainer Box – Español,50000
2026-08-14,Charizstore,Mega Evolution – Perfect Order – Elite Trainer Box – Ingles,58000
2026-08-14,Charizstore,Mega Evolution – Elite Trainer Box – Mega Lucario – Español,100000
2026-08-14,Charizstore,Mega Evolution – Elite Trainer Box – Mega Gardevoir – Español,100000
2026-08-14,Charizstore,Mega Evolution – Elite Trainer Box – Mega Gardevoir- Inglés,130000
2026-08-14,Charizstore,MEGA EVOLUTION – ASCENDED HEROES ELITE TRAINER BOX – ESPAÑOL,90000
2026-08-14,Charizstore,MEGA EVOLUTION – ASCENDED HEROES ELITE TRAINER BOX – INGLÉS,170000
2026-08-14,Charizstore,Temporal Forces – Elite Trainer Box – Español (V2),90000
2026-08-14,Charizstore,White Flare – Elite Trainer Box – Inglés,160000
2026-08-14,Charizstore,Mega Evolution Phantasmal Flames – Elite Trainer Box – Español,75000
2026-08-14,Charizstore,Mega Evolution Phantasmal Flames – Elite Trainer Box – Ingles,150000
2026-08-14,Charizstore,Temporal Forces – Elite Trainer Box – Español,90000
2026-08-14,Charizstore,White Flare – Elite Trainer Box – Español,70000
2026-08-14,Charizstore,Prismatic Evolutions – Elite Trainer Box – Español,100000
2026-08-14,Charizstore,Black Bolt – Elite Trainer Box – Español,70000
2026-08-14,Charizstore,Crown Zenith – Elite Trainer Box- Español,350000
2026-08-14,Charizstore,Twiligth Masquerade – Elite Trainer Box – Inglés,105000
2026-08-14,Charizstore,Shrouded Fable – Elite Trainer Box – Español,85000
2026-08-14,Charizstore,Shrouded Fable – Elite Trainer Box – Inglés,130000
2026-08-14,Charizstore,Scarlet & Violet Destined Rivals – Elite Trainer Box – Español,85000
2026-08-14,Charizstore,Twiligth Masquerade – Elite Trainer Box – Español,75000
2026-08-14,Charizstore,Journey Together – Elite Trainer Box – Español,60000
2026-08-14,Charizstore,Surging Sparks – Elite Trainer Box – Español,80000
2026-08-14,Charizstore,Surging Sparks – Elite Trainer Box – Inglés,145990
2026-08-14,Charizstore,Obsidian Flames – Elite Trainer Box – Español,149990
2026-08-14,Charizstore,Stellar Crown – Elite Trainer Box – Español,85000
2026-08-14,Charizstore,Stellar Crown – Elite Trainer Box – Inglés,155000
2026-08-14,Collector Center,Scarlet & Violet: Black Bolt- Elite Trainer Box - Español,54990
2026-08-14,Collector Center,Mega Evolution: Ascended Heroes - Elite Trainer Box - Español,59990
2026-08-14,Collector Center,Mega Evolution Perfect Order - Elite Trainer Box - Ingles,56990
2026-08-14,Collector Center,Mega Evolution Pitch Black- Elite Trainer Box - Español,67990
2026-08-14,Collector Center,Mega Evolution Perfect Order - Elite Trainer Box - Español,49990
2026-08-14,Collector Center,Mega Evolution Chaos Rising - Elite Trainer Box - Ingles,71990
2026-08-14,Collector Center,Scarlet & Violet: White Flare - Elite Trainer Box - Español,54990
2026-08-14,Collector Center,Mega Evolution Pitch Black- Elite Trainer Box - Inglés,73990
2026-08-14,Collector Center,[PREVENTA 16/09/26] 30th Celebration - Elite Trainer Box - Inglés,199990
2026-08-14,Collector Center,Mega Evolution Chaos Rising - Elite Trainer Box - Español,59990
2026-08-14,Collector Center,Escarlata y Púrpura - Corona Astral – Elite Trainer Box – Español,49990
2026-08-14,MoiiJuegos,Pokémon 30th celebration elite trainer box,69900
2026-08-14,MoiiJuegos,Pokémon mega evolution - pitch black elite trainer box (e...,63900
2026-08-14,El Panteon,SET 3 X ELITE TRAINER BOX ESPAÑOL OFERTA PALDEA,189990
2026-08-14,El Panteon,SET 3 X ELITE TRAINER BOX ESPAÑOL OFERTA HEROES,159990
2026-08-14,El Panteon,SET 3 X ELITE TRAINER BOX ESPAÑOL OFERTA PRISMATICA,159990
2026-08-14,El Panteon,SET 3 X ELITE TRAINER BOX ESPAÑOL OFERTA OBSIDIANA,189990
2026-08-14,El Panteon,SET 3 X ELITE TRAINER BOX ESPAÑOL OFERTA DON LUCHO,139990
2026-08-14,El Panteon,SET 3 X ELITE TRAINER BOX ESPAÑOL OFERTA CRUZADA,129990
2026-08-14,El Panteon,SET 3 X ELITE TRAINER BOX ESPAÑOL OFERTA MUNDIALERA,129990
2026-08-14,El Panteon,SET 3 X ELITE TRAINER BOX ESPAÑOL OFERTA DE INVIERNO,129990
2026-08-14,El Panteon,Pitch Black – Elite Trainer Box ESPAÑOL,57990
2026-08-14,El Panteon,Pitch Black – Elite Trainer Box INGLES,69990
2026-08-14,El Panteon,Darkness Ablaze Elite Trainer Box – ESPAÑOL,149990
2026-08-14,El Panteon,Rebel Clash Elite Trainer Box – ESPAÑOL,359990
2026-08-14,El Panteon,Mega Evolution Perfect Order – Elite Trainer Box Español,47990
2026-08-14,El Panteon,SET 3 X ELITE TRAINER BOX ESPAÑOL OFERTA VERANIEGA,129990
2026-08-14,El Panteon,SET 3 X ELITE TRAINER BOX PHANTASMAL FLAMES ESPAÑOL OFERTA ENERO,129990
2026-08-14,El Panteon,Pokemon GO Elite Trainer Box – Pokemon GO Español,159990
2026-08-14,El Panteon,Pokemon GO Elite Trainer Box – Pokemon GO Ingles,199990
2026-08-14,El Panteon,SET 3 X ELITE TRAINER BOX ESPAÑOL OFERTA ENERO,139990
2026-08-14,El Panteon,Ascended Heroes Collection – Elite Trainer Box Español,69990
2026-08-14,El Panteon,Shining Fates Elite Trainer Box INGLES,189990
2026-08-14,El Panteon,White Flare – Elite Trainer Box – Ingles,139990
2026-08-14,El Panteon,Mega Evolution Phantasmal Flames – Elite Trainer Box – Español,44990
2026-08-14,El Panteon,Paldea Evolved – Elite Trainer Box – Español,149990
2026-08-14,El Panteon,Prismatic Evolutions – Elite Trainer Box – Español,79990
2026-08-14,El Panteon,Black Bolt – Elite Trainer Box – Inglés,149990
2026-08-14,El Panteon,Paldean Fates – Elite Trainer Box – Ingles,599999
2026-08-14,El Panteon,Twilight Masquerade – Elite Trainer Box – Inglés,109990
2026-08-14,El Panteon,Journey Together – Elite Trainer Box – Español,44990
2026-08-14,El Panteon,Surging Sparks – Elite Trainer Box – Inglés,109990
2026-08-14,El Panteon,Obsidian Flames – Elite Trainer Box – Español,199990
2026-08-14,El Panteon,Stellar Crown – Elite Trainer Box – Español,59990
2026-08-14,AFK Store,Elite Trainer Box 151,550000
2026-08-14,AFK Store,Elite Trainer Box Paldea Fates,450000
2026-08-14,AFK Store,Elite Trainer Box Pitch Black Elite,67990
2026-08-14,AFK Store,Elite Trainer Box Perfect Order,60000
2026-08-14,AFK Store,Elite Trainer Box Pokemon Team Up,1500000
2026-08-14,AFK Store,ELITE TRAINER BOX DESTINED RIVALS,69990
2026-08-14,AFK Store,Elite Trainer Box Rebel Clash,300000
2026-08-14,AFK Store,Elite Trainer Box Journey Together,54990
2026-08-14,AFK Store,ELITE TRAINER BOX ASCENDED HEROES,150000
2026-08-14,AFK Store,Ultra Prism Elite Trainer Box [Dawn Wings Necrozma],800000
2026-08-14,AFK Store,Ultra Prism Elite Trainer Box [Dusk Mane Necrozma],700000
2026-08-14,AFK Store,Unbroken Bonds Elite Trainer Box - SM - Unbroken Bonds (SM10),1000000
2026-08-14,AFK Store,Elite Trainer Box Pokemon Go,90000
2026-08-14,AFK Store,Elite Trainer Box Mega Evolution,64990
2026-08-14,AFK Store,Elite Trainer Box Black Bolt y White Flare,64990
2026-08-14,AFK Store,Elite Trainer Box Celebrations,200000
2026-08-14,AFK Store,Elite Trainer Box Hidden Fates,550000
2026-08-14,AFK Store,Elite Trainer Box Fusion Strike,180000
2026-08-14,AFK Store,Elite Trainer Box Astral Radiance,90000
2026-08-14,AFK Store,Elite Trainer Box Pokemon Battle Styles,90000
2026-08-14,AFK Store,Elite Trainer Box Crimson Invasion,150000
2026-08-14,AFK Store,Elite Trainer Box Surging Sparks,69990
2026-08-14,AFK Store,Elite Trainer Box Brillant Stars,130000
2026-08-14,AFK Store,Elite Trainer Box Pokemon Guardians Rising,400000
2026-08-14,AFK Store,Elite Trainer Box Vivid Voltage,100000
2026-08-14,AFK Store,Cosmic Eclipse Elite Trainer Box,1600000
2026-08-14,AFK Store,Elite Trainer Box Silver Tempest,100000
2026-08-14,AFK Store,Elite Trainer Box Evolving Skies (Flareon),600000
2026-08-14,AFK Store,Elite Trainer Box Evolving Skies (Sylveon),350000
2026-08-14,AFK Store,Elite Trainer Box Crown Zenith,200000
2026-08-14,AFK Store,Elite Trainer Box Scarlet And Violet,59990
2026-08-14,AFK Store,Elite Trainer Box Champion's Path,170000
2026-08-14,AFK Store,Elite Trainer Box Stellar Crown,49900
2026-08-14,AFK Store,Phantasmal Flames Elite Trainer Box,150000
2026-08-14,AFK Store,Elite Trainer Box Shinning Fates,140000
2026-08-14,AFK Store,Elite Trainer Box Lost Origin,130000
2026-08-14,AFK Store,Elite Trainer Box Plus: Zamazenta Pokemon Sword & Shield,140000
2026-08-14,AFK Store,PRISMATIC EVOLUTIONS ELITE TRAINER BOX,69990
2026-08-14,AFK Store,Elite Trainer Box Paldea,44990
2026-08-14,AFK Store,Elite Trainer Box Paradox Rift Futuro,42990
2026-08-14,AFK Store,Elite Trainer Box Twilight Masquerade,59990
2026-08-14,AFK Store,Elite Trainer Box Plus: Zacian Pokemon Sword & Shield,140000
2026-08-14,AFK Store,Elite Trainer Box Obsidian Flames,100000
2026-08-14,AFK Store,Elite Trainer Box Paradox Rift Pasado,42990
2026-08-14,AFK Store,Elite Trainer Box Sword And Shield (Pequeño orificio plastico),40000
2026-08-14,AFK Store,Elite Trainer Box Shrouded Fable,49990
2026-08-14,AFK Store,Elite Trainer Box Temporal Forces,79990
2026-08-14,AFK Store,Elite Trainer Box Darkness Ablaze (Plastico levemente Roto),40000
2026-08-14,Piedra Bruja,Scarlet & Violet Destined Rivals Elite Trainer Box,74990
2026-08-14,Piedra Bruja,Mega Evolution Chaos Rising Elite Trainer Box ESP,65990
2026-08-14,Piedra Bruja,Mega Evolution Perfect Order Elite Trainer Box ING,69990
2026-08-14,Piedra Bruja,Mega Evolution Pitch Black Elite Trainer Box ING,79990
2026-08-14,Piedra Bruja,Mega Evolution Phantasmal Flames Elite Trainer Box ESP,61990
2026-08-14,Piedra Bruja,Mega Evolution Pitch Black Elite Trainer Box ESP,72990
2026-08-14,Piedra Bruja,Mega Evolution Perfect Order Elite Trainer Box ESP,69990
2026-08-14,Piedra Bruja,Temporal Forces Iron Leaves - Elite Trainer Box ESP,65990
2026-08-14,Piedra Bruja,Scarlet & Violet White Flare Elite Trainer Box,69990
2026-08-14,Piedra Bruja,Scarlet & Violet Black Bolt Elite Trainer Box,69990
2026-08-14,Piedra Bruja,Mega Evolution Elite Trainer Box,67990
2026-08-14,Piedra Bruja,Pokemon TCG 30th Celebration - Elite Trainer Box ING,79990
2026-08-14,Piedra Bruja,Temporal Forces Walking Wake - Elite Trainer Box ESP,65990
2026-08-14,Piedra Bruja,Mega Evolution Chaos Rising Elite Trainer Box ING,69990
2026-08-14,Piedra Bruja,Mega Evolution Ascended Heroes Elite Trainer Box,67990
2026-08-14,Piedra Bruja,Scarlet & Violet Prismatic Evolutions Elite Trainer Box,89990
2026-08-14,Piedra Bruja,Mega Evolution Ascended Heroes Elite Trainer Box ESP,67990
2026-08-14,Piedra Bruja,Mega Evolution Phantasmal Flames Elite Trainer Box,67990
2026-08-14,Piedra Bruja,Scarlet & Violet Prismatic Evolutions Elite Trainer Box Español,84990
2026-08-14,Piedra Bruja,Scarlet & Violet Journey Together Elite Trainer Box Español,71990
2026-08-14,Piedra Bruja,Pokemon TCG 30th Celebration - Elite Trainer Box ESP,79990
2026-08-14,Magicsur,Pokémon TCG: Silver Tempest Elite Trainer Box - Inglés y Español,49990
2026-08-14,Magicsur,Pokémon TCG: Scarlet & Violet: Obsidian Flames - Elite Trainer Box,51990
2026-08-14,Magicsur,Pokémon TCG: Scarlet & Violet: Temporal Forces - Elite Trainer Box - Iron Leaves,41993
2026-08-14,Magicsur,Pokémon TCG: Scarlet & Violet: Temporal Forces - Elite Trainer Box - Walking Wake,41993
2026-08-14,Magicsur,Pokémon TCG: Scarlet & Violet: Twilight Masquerade - Elite Trainer Box,45592
2026-08-14,Magicsur,Pokémon TCG: Scarlet & Violet: Stellar Crown - Elite Trainer Box,46392
2026-08-14,Magicsur,Pokémon TCG: Mega Evolución - Phantasmal Flames - Elite Trainer Box,74990
2026-08-14,Magicsur,Pokémon TCG: Scarlet & Violet: Journey Together - Elite Trainer Box,59990
2026-08-14,Magicsur,Pokémon TCG: Scarlet & Violet: Surging Sparks - Elite Trainer Box,47992
2026-08-14,Magicsur,Pokémon TCG: Scarlet & Violet: Black Bolt - Elite Trainer Box,69990
2026-08-14,Magicsur,Pokémon TCG: Mega Evolution - Elite Trainer Box (Mega Gardevoir ex),72990
2026-08-14,Magicsur,Pokémon TCG: Mega Evolution - Elite Trainer Box (Mega Lucario ex),72990
2026-08-14,Magicsur,Pokémon TCG: Chaos Rising - Elite Trainer Box,69990
2026-08-14,MARKET_AVERAGE,Daily Average ETB Price,148986
2026-08-15,Charizstore,PITCH BLACK – ELITE TRAINER BOX – ESPAÑOL,67990
2026-08-15,Charizstore,Mega Evolution Chaos Rising – Elite Trainer Box – Español,59990
2026-08-15,Charizstore,Mega Evolution – Perfect Order – Elite Trainer Box – Español,50000
2026-08-15,Charizstore,Mega Evolution – Perfect Order – Elite Trainer Box – Ingles,58000
2026-08-15,Charizstore,Mega Evolution – Elite Trainer Box – Mega Lucario – Español,100000
2026-08-15,Charizstore,Mega Evolution – Elite Trainer Box – Mega Gardevoir – Español,100000
2026-08-15,Charizstore,Mega Evolution – Elite Trainer Box – Mega Gardevoir- Inglés,130000
2026-08-15,Charizstore,MEGA EVOLUTION – ASCENDED HEROES ELITE TRAINER BOX – ESPAÑOL,90000
2026-08-15,Charizstore,MEGA EVOLUTION – ASCENDED HEROES ELITE TRAINER BOX – INGLÉS,170000
2026-08-15,Charizstore,Temporal Forces – Elite Trainer Box – Español (V2),90000
2026-08-15,Charizstore,White Flare – Elite Trainer Box – Inglés,160000
2026-08-15,Charizstore,Mega Evolution Phantasmal Flames – Elite Trainer Box – Español,75000
2026-08-15,Charizstore,Mega Evolution Phantasmal Flames – Elite Trainer Box – Ingles,150000
2026-08-15,Charizstore,Temporal Forces – Elite Trainer Box – Español,90000
2026-08-15,Charizstore,White Flare – Elite Trainer Box – Español,70000
2026-08-15,Charizstore,Prismatic Evolutions – Elite Trainer Box – Español,100000
2026-08-15,Charizstore,Black Bolt – Elite Trainer Box – Español,70000
2026-08-15,Charizstore,Crown Zenith – Elite Trainer Box- Español,350000
2026-08-15,Charizstore,Shrouded Fable – Elite Trainer Box – Español,85000
2026-08-15,Charizstore,Shrouded Fable – Elite Trainer Box – Inglés,130000
2026-08-15,Charizstore,Scarlet & Violet Destined Rivals – Elite Trainer Box – Español,85000
2026-08-15,Charizstore,Twiligth Masquerade – Elite Trainer Box – Español,75000
2026-08-15,Charizstore,Journey Together – Elite Trainer Box – Español,60000
2026-08-15,Charizstore,Surging Sparks – Elite Trainer Box – Español,80000
2026-08-15,Charizstore,Obsidian Flames – Elite Trainer Box – Español,149990
2026-08-15,Charizstore,Stellar Crown – Elite Trainer Box – Español,85000
2026-08-15,Charizstore,Stellar Crown – Elite Trainer Box – Inglés,155000
2026-08-15,Collector Center,Scarlet & Violet: Black Bolt- Elite Trainer Box - Español,54990
2026-08-15,Collector Center,Mega Evolution: Ascended Heroes - Elite Trainer Box - Español,59990
2026-08-15,Collector Center,Mega Evolution Pitch Black- Elite Trainer Box - Inglés,73990
2026-08-15,Collector Center,Mega Evolution Pitch Black- Elite Trainer Box - Español,67990
2026-08-15,Collector Center,Mega Evolution Perfect Order - Elite Trainer Box - Ingles,56990
2026-08-15,Collector Center,Mega Evolution Perfect Order - Elite Trainer Box - Español,49990
2026-08-15,Collector Center,Mega Evolution Chaos Rising - Elite Trainer Box - Ingles,71990
2026-08-15,Collector Center,Mega Evolution Chaos Rising - Elite Trainer Box - Español,59990
2026-08-15,Collector Center,Scarlet & Violet: White Flare - Elite Trainer Box - Español,54990
2026-08-15,Collector Center,[PREVENTA 16/09/26] 30th Celebration - Elite Trainer Box - Inglés,199990
2026-08-15,Collector Center,Escarlata y Púrpura - Corona Astral – Elite Trainer Box – Español,49990
2026-08-15,MoiiJuegos,Pokémon mega evolution - pitch black elite trainer box (e...,63900
2026-08-15,MoiiJuegos,Pókemon mega evolution - chaos rising elite trainer box (...,62900
2026-08-15,El Panteon,SET 3 X ELITE TRAINER BOX ESPAÑOL OFERTA PALDEA,189990
2026-08-15,El Panteon,SET 3 X ELITE TRAINER BOX ESPAÑOL OFERTA HEROES,159990
2026-08-15,El Panteon,SET 3 X ELITE TRAINER BOX ESPAÑOL OFERTA PRISMATICA,159990
2026-08-15,El Panteon,SET 3 X ELITE TRAINER BOX ESPAÑOL OFERTA OBSIDIANA,189990
2026-08-15,El Panteon,SET 3 X ELITE TRAINER BOX ESPAÑOL OFERTA DON LUCHO,139990
2026-08-15,El Panteon,SET 3 X ELITE TRAINER BOX ESPAÑOL OFERTA CRUZADA,129990
2026-08-15,El Panteon,SET 3 X ELITE TRAINER BOX ESPAÑOL OFERTA MUNDIALERA,129990
2026-08-15,El Panteon,SET 3 X ELITE TRAINER BOX ESPAÑOL OFERTA DE INVIERNO,129990
2026-08-15,El Panteon,Pitch Black – Elite Trainer Box ESPAÑOL,57990
2026-08-15,El Panteon,Pitch Black – Elite Trainer Box INGLES,69990
2026-08-15,El Panteon,Darkness Ablaze Elite Trainer Box – ESPAÑOL,149990
2026-08-15,El Panteon,Rebel Clash Elite Trainer Box – ESPAÑOL,359990
2026-08-15,El Panteon,Mega Evolution Perfect Order – Elite Trainer Box Español,47990
2026-08-15,El Panteon,SET 3 X ELITE TRAINER BOX ESPAÑOL OFERTA VERANIEGA,129990
2026-08-15,El Panteon,SET 3 X ELITE TRAINER BOX PHANTASMAL FLAMES ESPAÑOL OFERTA ENERO,129990
2026-08-15,El Panteon,Pokemon GO Elite Trainer Box – Pokemon GO Español,159990
2026-08-15,El Panteon,Pokemon GO Elite Trainer Box – Pokemon GO Ingles,199990
2026-08-15,El Panteon,SET 3 X ELITE TRAINER BOX ESPAÑOL OFERTA ENERO,139990
2026-08-15,El Panteon,Shining Fates Elite Trainer Box INGLES,189990
2026-08-15,El Panteon,White Flare – Elite Trainer Box – Ingles,139990
2026-08-15,El Panteon,Mega Evolution Phantasmal Flames – Elite Trainer Box – Español,44990
2026-08-15,El Panteon,Paldea Evolved – Elite Trainer Box – Español,149990
2026-08-15,El Panteon,Prismatic Evolutions – Elite Trainer Box – Español,79990
2026-08-15,El Panteon,Black Bolt – Elite Trainer Box – Inglés,149990
2026-08-15,El Panteon,Paldean Fates – Elite Trainer Box – Ingles,599999
2026-08-15,El Panteon,Twilight Masquerade – Elite Trainer Box – Inglés,109990
2026-08-15,El Panteon,Journey Together – Elite Trainer Box – Español,44990
2026-08-15,El Panteon,Surging Sparks – Elite Trainer Box – Inglés,109990
2026-08-15,El Panteon,Obsidian Flames – Elite Trainer Box – Español,199990
2026-08-15,El Panteon,Stellar Crown – Elite Trainer Box – Español,59990
2026-08-15,AFK Store,Elite Trainer Box 151,550000
2026-08-15,AFK Store,Elite Trainer Box Pitch Black Elite,67990
2026-08-15,AFK Store,Elite Trainer Box Paldea Fates,450000
2026-08-15,AFK Store,Elite Trainer Box Perfect Order,60000
2026-08-15,AFK Store,Elite Trainer Box Pokemon Team Up,1500000
2026-08-15,AFK Store,ELITE TRAINER BOX DESTINED RIVALS,69990
2026-08-15,AFK Store,Elite Trainer Box Rebel Clash,300000
2026-08-15,AFK Store,Elite Trainer Box Journey Together,54990
2026-08-15,AFK Store,ELITE TRAINER BOX ASCENDED HEROES,150000
2026-08-15,AFK Store,Ultra Prism Elite Trainer Box [Dawn Wings Necrozma],800000
2026-08-15,AFK Store,Ultra Prism Elite Trainer Box [Dusk Mane Necrozma],700000
2026-08-15,AFK Store,Unbroken Bonds Elite Trainer Box - SM - Unbroken Bonds (SM10),1000000
2026-08-15,AFK Store,Elite Trainer Box Pokemon Go,90000
2026-08-15,AFK Store,Elite Trainer Box Hidden Fates,550000
2026-08-15,AFK Store,Cosmic Eclipse Elite Trainer Box,1600000
2026-08-15,AFK Store,Elite Trainer Box Fusion Strike,180000
2026-08-15,AFK Store,Phantasmal Flames Elite Trainer Box,150000
2026-08-15,AFK Store,Elite Trainer Box Vivid Voltage,100000
2026-08-15,AFK Store,Elite Trainer Box Silver Tempest,100000
2026-08-15,AFK Store,Elite Trainer Box Evolving Skies (Flareon),600000
2026-08-15,AFK Store,Elite Trainer Box Mega Evolution,64990
2026-08-15,AFK Store,Elite Trainer Box Celebrations,200000
2026-08-15,AFK Store,Elite Trainer Box Black Bolt y White Flare,64990
2026-08-15,AFK Store,Elite Trainer Box Pokemon Battle Styles,90000
2026-08-15,AFK Store,Elite Trainer Box Crimson Invasion,150000
2026-08-15,AFK Store,Elite Trainer Box Astral Radiance,90000
2026-08-15,AFK Store,Elite Trainer Box Evolving Skies (Sylveon),350000
2026-08-15,AFK Store,Elite Trainer Box Surging Sparks,69990
2026-08-15,AFK Store,Elite Trainer Box Plus: Zamazenta Pokemon Sword & Shield,140000
2026-08-15,AFK Store,Elite Trainer Box Champion's Path,170000
2026-08-15,AFK Store,Elite Trainer Box Lost Origin,130000
2026-08-15,AFK Store,Elite Trainer Box Pokemon Guardians Rising,400000
2026-08-15,AFK Store,Elite Trainer Box Brillant Stars,130000
2026-08-15,AFK Store,Elite Trainer Box Shinning Fates,140000
2026-08-15,AFK Store,Elite Trainer Box Twilight Masquerade,59990
2026-08-15,AFK Store,Elite Trainer Box Crown Zenith,200000
2026-08-15,AFK Store,Elite Trainer Box Stellar Crown,49900
2026-08-15,AFK Store,Elite Trainer Box Scarlet And Violet,59990
2026-08-15,AFK Store,Elite Trainer Box Paldea,44990
2026-08-15,AFK Store,Elite Trainer Box Plus: Zacian Pokemon Sword & Shield,140000
2026-08-15,AFK Store,Elite Trainer Box Temporal Forces,79990
2026-08-15,AFK Store,Elite Trainer Box Paradox Rift Futuro,42990
2026-08-15,AFK Store,Elite Trainer Box Obsidian Flames,100000
2026-08-15,AFK Store,Elite Trainer Box Shrouded Fable,49990
2026-08-15,AFK Store,PRISMATIC EVOLUTIONS ELITE TRAINER BOX,69990
2026-08-15,AFK Store,Elite Trainer Box Paradox Rift Pasado,42990
2026-08-15,AFK Store,Elite Trainer Box Sword And Shield (Pequeño orificio plastico),40000
2026-08-15,AFK Store,Elite Trainer Box Darkness Ablaze (Plastico levemente Roto),40000
2026-08-15,Piedra Bruja,Mega Evolution Perfect Order Elite Trainer Box ESP,69990
2026-08-15,Piedra Bruja,Mega Evolution Phantasmal Flames Elite Trainer Box ESP,61990
2026-08-15,Piedra Bruja,Scarlet & Violet Destined Rivals Elite Trainer Box,74990
2026-08-15,Piedra Bruja,Mega Evolution Perfect Order Elite Trainer Box ING,69990
2026-08-15,Piedra Bruja,Mega Evolution Pitch Black Elite Trainer Box ING,79990
2026-08-15,Piedra Bruja,Mega Evolution Pitch Black Elite Trainer Box ESP,72990
2026-08-15,Piedra Bruja,Mega Evolution Chaos Rising Elite Trainer Box ESP,65990
2026-08-15,Piedra Bruja,Temporal Forces Iron Leaves - Elite Trainer Box ESP,65990
2026-08-15,Piedra Bruja,Mega Evolution Elite Trainer Box,67990
2026-08-15,Piedra Bruja,Scarlet & Violet White Flare Elite Trainer Box,69990
2026-08-15,Piedra Bruja,Scarlet & Violet Black Bolt Elite Trainer Box,69990
2026-08-15,Piedra Bruja,Mega Evolution Ascended Heroes Elite Trainer Box,67990
2026-08-15,Piedra Bruja,Mega Evolution Ascended Heroes Elite Trainer Box ESP,67990
2026-08-15,Piedra Bruja,Scarlet & Violet Prismatic Evolutions Elite Trainer Box Español,84990
2026-08-15,Piedra Bruja,Mega Evolution Phantasmal Flames Elite Trainer Box,67990
2026-08-15,Piedra Bruja,Scarlet & Violet Prismatic Evolutions Elite Trainer Box,89990
2026-08-15,Piedra Bruja,Scarlet & Violet Journey Together Elite Trainer Box Español,71990
2026-08-15,Piedra Bruja,Pokemon TCG 30th Celebration - Elite Trainer Box ING,79990
2026-08-15,Piedra Bruja,Mega Evolution Chaos Rising Elite Trainer Box ING,69990
2026-08-15,Piedra Bruja,Temporal Forces Walking Wake - Elite Trainer Box ESP,65990
2026-08-15,Piedra Bruja,Pokemon TCG 30th Celebration - Elite Trainer Box ESP,79990
2026-08-15,Magicsur,Pokémon TCG: Silver Tempest Elite Trainer Box - Inglés y Español,49990
2026-08-15,Magicsur,Pokémon TCG: Scarlet & Violet: Obsidian Flames - Elite Trainer Box,51990
2026-08-15,Magicsur,Pokémon TCG: Scarlet & Violet: Temporal Forces - Elite Trainer Box - Iron Leaves,41993
2026-08-15,Magicsur,Pokémon TCG: Scarlet & Violet: Temporal Forces - Elite Trainer Box - Walking Wake,41993
2026-08-15,Magicsur,Pokémon TCG: Scarlet & Violet: Twilight Masquerade - Elite Trainer Box,45592
2026-08-15,Magicsur,Pokémon TCG: Scarlet & Violet: Stellar Crown - Elite Trainer Box,46392
2026-08-15,Magicsur,Pokémon TCG: Mega Evolución - Phantasmal Flames - Elite Trainer Box,74990
2026-08-15,Magicsur,Pokémon TCG: Scarlet & Violet: Journey Together - Elite Trainer Box,59990
2026-08-15,Magicsur,Pokémon TCG: Scarlet & Violet: Surging Sparks - Elite Trainer Box,47992
2026-08-15,Magicsur,Pokémon TCG: Scarlet & Violet: Black Bolt - Elite Trainer Box,69990
2026-08-15,Magicsur,Pokémon TCG: Mega Evolution - Elite Trainer Box (Mega Gardevoir ex),72990
2026-08-15,Magicsur,Pokémon TCG: Mega Evolution - Elite Trainer Box (Mega Lucario ex),72990
2026-08-15,Magicsur,Pokémon TCG: Chaos Rising - Elite Trainer Box,69990
2026-08-15,MARKET_AVERAGE,Daily Average ETB Price,150768
2026-08-16,Charizstore,PITCH BLACK – ELITE TRAINER BOX – ESPAÑOL,67990
2026-08-16,Charizstore,Mega Evolution Chaos Rising – Elite Trainer Box – Español,59990
2026-08-16,Charizstore,Mega Evolution – Perfect Order – Elite Trainer Box – Español,50000
2026-08-16,Charizstore,Mega Evolution – Perfect Order – Elite Trainer Box – Ingles,58000
2026-08-16,Charizstore,Mega Evolution – Elite Trainer Box – Mega Lucario – Español,100000
2026-08-16,Charizstore,Mega Evolution – Elite Trainer Box – Mega Gardevoir – Español,100000
2026-08-16,Charizstore,Mega Evolution – Elite Trainer Box – Mega Gardevoir- Inglés,130000
2026-08-16,Charizstore,MEGA EVOLUTION – ASCENDED HEROES ELITE TRAINER BOX – ESPAÑOL,90000
2026-08-16,Charizstore,MEGA EVOLUTION – ASCENDED HEROES ELITE TRAINER BOX – INGLÉS,170000
2026-08-16,Charizstore,Temporal Forces – Elite Trainer Box – Español (V2),90000
2026-08-16,Charizstore,White Flare – Elite Trainer Box – Inglés,160000
2026-08-16,Charizstore,Mega Evolution Phantasmal Flames – Elite Trainer Box – Español,75000
2026-08-16,Charizstore,Mega Evolution Phantasmal Flames – Elite Trainer Box – Ingles,150000
2026-08-16,Charizstore,Temporal Forces – Elite Trainer Box – Español,90000
2026-08-16,Charizstore,White Flare – Elite Trainer Box – Español,70000
2026-08-16,Charizstore,Prismatic Evolutions – Elite Trainer Box – Español,100000
2026-08-16,Charizstore,Black Bolt – Elite Trainer Box – Español,70000
2026-08-16,Charizstore,Crown Zenith – Elite Trainer Box- Español,350000
2026-08-16,Charizstore,Shrouded Fable – Elite Trainer Box – Español,85000
2026-08-16,Charizstore,Shrouded Fable – Elite Trainer Box – Inglés,130000
2026-08-16,Charizstore,Scarlet & Violet Destined Rivals – Elite Trainer Box – Español,85000
2026-08-16,Charizstore,Twiligth Masquerade – Elite Trainer Box – Español,75000
2026-08-16,Charizstore,Journey Together – Elite Trainer Box – Español,60000
2026-08-16,Charizstore,Surging Sparks – Elite Trainer Box – Español,80000
2026-08-16,Charizstore,Obsidian Flames – Elite Trainer Box – Español,149990
2026-08-16,Charizstore,Stellar Crown – Elite Trainer Box – Español,85000
2026-08-16,Charizstore,Stellar Crown – Elite Trainer Box – Inglés,155000
2026-08-16,Collector Center,Scarlet & Violet: Black Bolt- Elite Trainer Box - Español,54990
2026-08-16,Collector Center,Mega Evolution: Ascended Heroes - Elite Trainer Box - Español,59990
2026-08-16,Collector Center,Mega Evolution Pitch Black- Elite Trainer Box - Inglés,73990
2026-08-16,Collector Center,Mega Evolution Pitch Black- Elite Trainer Box - Español,67990
2026-08-16,Collector Center,Mega Evolution Perfect Order - Elite Trainer Box - Ingles,56990
2026-08-16,Collector Center,Mega Evolution Perfect Order - Elite Trainer Box - Español,49990
2026-08-16,Collector Center,Mega Evolution Chaos Rising - Elite Trainer Box - Ingles,71990
2026-08-16,Collector Center,Mega Evolution Chaos Rising - Elite Trainer Box - Español,59990
2026-08-16,Collector Center,Scarlet & Violet: White Flare - Elite Trainer Box - Español,54990
2026-08-16,Collector Center,[PREVENTA 16/09/26] 30th Celebration - Elite Trainer Box - Inglés,199990
2026-08-16,Collector Center,Escarlata y Púrpura - Corona Astral – Elite Trainer Box – Español,49990
2026-08-16,MoiiJuegos,Pokémon mega evolution - pitch black elite trainer box (e...,63900
2026-08-16,MoiiJuegos,Pókemon mega evolution - chaos rising elite trainer box (...,62900
2026-08-16,El Panteon,SET 3 X ELITE TRAINER BOX ESPAÑOL OFERTA PALDEA,189990
2026-08-16,El Panteon,SET 3 X ELITE TRAINER BOX ESPAÑOL OFERTA HEROES,159990
2026-08-16,El Panteon,SET 3 X ELITE TRAINER BOX ESPAÑOL OFERTA PRISMATICA,159990
2026-08-16,El Panteon,SET 3 X ELITE TRAINER BOX ESPAÑOL OFERTA OBSIDIANA,189990
2026-08-16,El Panteon,SET 3 X ELITE TRAINER BOX ESPAÑOL OFERTA DON LUCHO,139990
2026-08-16,El Panteon,SET 3 X ELITE TRAINER BOX ESPAÑOL OFERTA CRUZADA,129990
2026-08-16,El Panteon,SET 3 X ELITE TRAINER BOX ESPAÑOL OFERTA MUNDIALERA,129990
2026-08-16,El Panteon,SET 3 X ELITE TRAINER BOX ESPAÑOL OFERTA DE INVIERNO,129990
2026-08-16,El Panteon,Pitch Black – Elite Trainer Box ESPAÑOL,57990
2026-08-16,El Panteon,Pitch Black – Elite Trainer Box INGLES,69990
2026-08-16,El Panteon,Darkness Ablaze Elite Trainer Box – ESPAÑOL,149990
2026-08-16,El Panteon,Rebel Clash Elite Trainer Box – ESPAÑOL,359990
2026-08-16,El Panteon,Mega Evolution Perfect Order – Elite Trainer Box Español,47990
2026-08-16,El Panteon,SET 3 X ELITE TRAINER BOX ESPAÑOL OFERTA VERANIEGA,129990
2026-08-16,El Panteon,SET 3 X ELITE TRAINER BOX PHANTASMAL FLAMES ESPAÑOL OFERTA ENERO,129990
2026-08-16,El Panteon,Pokemon GO Elite Trainer Box – Pokemon GO Español,159990
2026-08-16,El Panteon,Pokemon GO Elite Trainer Box – Pokemon GO Ingles,199990
2026-08-16,El Panteon,SET 3 X ELITE TRAINER BOX ESPAÑOL OFERTA ENERO,139990
2026-08-16,El Panteon,Shining Fates Elite Trainer Box INGLES,189990
2026-08-16,El Panteon,White Flare – Elite Trainer Box – Ingles,139990
2026-08-16,El Panteon,Mega Evolution Phantasmal Flames – Elite Trainer Box – Español,44990
2026-08-16,El Panteon,Paldea Evolved – Elite Trainer Box – Español,149990
2026-08-16,El Panteon,Prismatic Evolutions – Elite Trainer Box – Español,79990
2026-08-16,El Panteon,Black Bolt – Elite Trainer Box – Inglés,149990
2026-08-16,El Panteon,Paldean Fates – Elite Trainer Box – Ingles,599999
2026-08-16,El Panteon,Twilight Masquerade – Elite Trainer Box – Inglés,109990
2026-08-16,El Panteon,Journey Together – Elite Trainer Box – Español,44990
2026-08-16,El Panteon,Surging Sparks – Elite Trainer Box – Inglés,109990
2026-08-16,El Panteon,Obsidian Flames – Elite Trainer Box – Español,199990
2026-08-16,El Panteon,Stellar Crown – Elite Trainer Box – Español,59990
2026-08-16,AFK Store,Elite Trainer Box Pitch Black Elite,67990
2026-08-16,AFK Store,Elite Trainer Box 151,550000
2026-08-16,AFK Store,Elite Trainer Box Paldea Fates,450000
2026-08-16,AFK Store,ELITE TRAINER BOX DESTINED RIVALS,69990
2026-08-16,AFK Store,Elite Trainer Box Perfect Order,60000
2026-08-16,AFK Store,Elite Trainer Box Pokemon Team Up,1500000
2026-08-16,AFK Store,Elite Trainer Box Rebel Clash,300000
2026-08-16,AFK Store,Elite Trainer Box Journey Together,54990
2026-08-16,AFK Store,ELITE TRAINER BOX ASCENDED HEROES,150000
2026-08-16,AFK Store,Ultra Prism Elite Trainer Box [Dawn Wings Necrozma],800000
2026-08-16,AFK Store,Ultra Prism Elite Trainer Box [Dusk Mane Necrozma],700000
2026-08-16,AFK Store,Unbroken Bonds Elite Trainer Box - SM - Unbroken Bonds (SM10),1000000
2026-08-16,AFK Store,Cosmic Eclipse Elite Trainer Box,1600000
2026-08-16,AFK Store,Elite Trainer Box Hidden Fates,550000
2026-08-16,AFK Store,Elite Trainer Box Pokemon Go,90000
2026-08-16,AFK Store,Elite Trainer Box Black Bolt y White Flare,64990
2026-08-16,AFK Store,Elite Trainer Box Fusion Strike,180000
2026-08-16,AFK Store,Elite Trainer Box Vivid Voltage,100000
2026-08-16,AFK Store,Elite Trainer Box Surging Sparks,69990
2026-08-16,AFK Store,Phantasmal Flames Elite Trainer Box,150000
2026-08-16,AFK Store,Elite Trainer Box Silver Tempest,100000
2026-08-16,AFK Store,Elite Trainer Box Mega Evolution,64990
2026-08-16,AFK Store,Elite Trainer Box Celebrations,200000
2026-08-16,AFK Store,Elite Trainer Box Pokemon Battle Styles,90000
2026-08-16,AFK Store,Elite Trainer Box Crimson Invasion,150000
2026-08-16,AFK Store,Elite Trainer Box Evolving Skies (Sylveon),350000
2026-08-16,AFK Store,Elite Trainer Box Astral Radiance,90000
2026-08-16,AFK Store,Elite Trainer Box Plus: Zamazenta Pokemon Sword & Shield,140000
2026-08-16,AFK Store,Elite Trainer Box Champion's Path,170000
2026-08-16,AFK Store,Elite Trainer Box Lost Origin,130000
2026-08-16,AFK Store,Elite Trainer Box Evolving Skies (Flareon),600000
2026-08-16,AFK Store,Elite Trainer Box Pokemon Guardians Rising,400000
2026-08-16,AFK Store,Elite Trainer Box Brillant Stars,130000
2026-08-16,AFK Store,Elite Trainer Box Shinning Fates,140000
2026-08-16,AFK Store,Elite Trainer Box Twilight Masquerade,59990
2026-08-16,AFK Store,Elite Trainer Box Crown Zenith,200000
2026-08-16,AFK Store,Elite Trainer Box Stellar Crown,49900
2026-08-16,AFK Store,Elite Trainer Box Paldea,44990
2026-08-16,AFK Store,Elite Trainer Box Scarlet And Violet,59990
2026-08-16,AFK Store,Elite Trainer Box Plus: Zacian Pokemon Sword & Shield,140000
2026-08-16,AFK Store,Elite Trainer Box Temporal Forces,79990
2026-08-16,AFK Store,Elite Trainer Box Paradox Rift Futuro,42990
2026-08-16,AFK Store,Elite Trainer Box Obsidian Flames,100000
2026-08-16,AFK Store,Elite Trainer Box Shrouded Fable,49990
2026-08-16,AFK Store,PRISMATIC EVOLUTIONS ELITE TRAINER BOX,69990
2026-08-16,AFK Store,Elite Trainer Box Paradox Rift Pasado,42990
2026-08-16,AFK Store,Elite Trainer Box Sword And Shield (Pequeño orificio plastico),40000
2026-08-16,AFK Store,Elite Trainer Box Darkness Ablaze (Plastico levemente Roto),40000
2026-08-16,Piedra Bruja,Mega Evolution Perfect Order Elite Trainer Box ESP,69990
2026-08-16,Piedra Bruja,Mega Evolution Phantasmal Flames Elite Trainer Box ESP,61990
2026-08-16,Piedra Bruja,Mega Evolution Perfect Order Elite Trainer Box ING,69990
2026-08-16,Piedra Bruja,Mega Evolution Pitch Black Elite Trainer Box ING,79990
2026-08-16,Piedra Bruja,Scarlet & Violet Destined Rivals Elite Trainer Box,74990
2026-08-16,Piedra Bruja,Mega Evolution Pitch Black Elite Trainer Box ESP,72990
2026-08-16,Piedra Bruja,Mega Evolution Chaos Rising Elite Trainer Box ESP,65990
2026-08-16,Piedra Bruja,Temporal Forces Iron Leaves - Elite Trainer Box ESP,65990
2026-08-16,Piedra Bruja,Mega Evolution Elite Trainer Box,67990
2026-08-16,Piedra Bruja,Scarlet & Violet White Flare Elite Trainer Box,69990
2026-08-16,Piedra Bruja,Scarlet & Violet Black Bolt Elite Trainer Box,69990
2026-08-16,Piedra Bruja,Mega Evolution Ascended Heroes Elite Trainer Box,67990
2026-08-16,Piedra Bruja,Scarlet & Violet Journey Together Elite Trainer Box Español,71990
2026-08-16,Piedra Bruja,Scarlet & Violet Prismatic Evolutions Elite Trainer Box Español,84990
2026-08-16,Piedra Bruja,Mega Evolution Ascended Heroes Elite Trainer Box ESP,67990
2026-08-16,Piedra Bruja,Mega Evolution Phantasmal Flames Elite Trainer Box,67990
2026-08-16,Piedra Bruja,Pokemon TCG 30th Celebration - Elite Trainer Box ING,79990
2026-08-16,Piedra Bruja,Scarlet & Violet Prismatic Evolutions Elite Trainer Box,89990
2026-08-16,Piedra Bruja,Temporal Forces Walking Wake - Elite Trainer Box ESP,65990
2026-08-16,Piedra Bruja,Pokemon TCG 30th Celebration - Elite Trainer Box ESP,79990
2026-08-16,Piedra Bruja,Mega Evolution Chaos Rising Elite Trainer Box ING,69990
2026-08-16,MARKET_AVERAGE,Daily Average ETB Price,159496
2026-08-17,Collector Center,Scarlet & Violet: Black Bolt- Elite Trainer Box - Español,54990
2026-08-17,Collector Center,Mega Evolution: Ascended Heroes - Elite Trainer Box - Español,59990
2026-08-17,Collector Center,Mega Evolution Pitch Black- Elite Trainer Box - Inglés,73990
2026-08-17,Collector Center,Mega Evolution Pitch Black- Elite Trainer Box - Español,67990
2026-08-17,Collector Center,Mega Evolution Perfect Order - Elite Trainer Box - Ingles,56990
2026-08-17,Collector Center,Mega Evolution Perfect Order - Elite Trainer Box - Español,49990
2026-08-17,Collector Center,Mega Evolution Chaos Rising - Elite Trainer Box - Ingles,71990
2026-08-17,Collector Center,Mega Evolution Phantasmal Flames - Elite Trainer Box - Español,54990
2026-08-17,Collector Center,Scarlet & Violet: White Flare - Elite Trainer Box - Español,54990
2026-08-17,Collector Center,Mega Evolution: Ascended Heroes - Elite Trainer Box - Ingles,149990
2026-08-17,Collector Center,Mega Evolution Chaos Rising - Elite Trainer Box - Español,59990
2026-08-17,Collector Center,Scarlet & Violet: Surging Sparks – Elite Trainer Box – Ingles,129990
2026-08-17,Collector Center,[PREVENTA 16/09/26] 30th Celebration - Elite Trainer Box - Inglés,199990
2026-08-17,Collector Center,Escarlata y Púrpura - Corona Astral – Elite Trainer Box – Español,49990
2026-08-17,MoiiJuegos,Pokémon mega evolution - pitch black elite trainer box (e...,63900
2026-08-17,MoiiJuegos,Pókemon mega evolution - chaos rising elite trainer box (...,62900
2026-08-17,AFK Store,Elite Trainer Box Pitch Black Elite,67990
2026-08-17,AFK Store,Elite Trainer Box 151,550000
2026-08-17,AFK Store,Elite Trainer Box Paldea Fates,450000
2026-08-17,AFK Store,ELITE TRAINER BOX DESTINED RIVALS,69990
2026-08-17,AFK Store,Elite Trainer Box Perfect Order,60000
2026-08-17,AFK Store,Elite Trainer Box Pokemon Team Up,1500000
2026-08-17,AFK Store,Elite Trainer Box Rebel Clash,300000
2026-08-17,AFK Store,Elite Trainer Box Journey Together,54990
2026-08-17,AFK Store,ELITE TRAINER BOX ASCENDED HEROES,150000
2026-08-17,AFK Store,Ultra Prism Elite Trainer Box [Dawn Wings Necrozma],800000
2026-08-17,AFK Store,Ultra Prism Elite Trainer Box [Dusk Mane Necrozma],700000
2026-08-17,AFK Store,Unbroken Bonds Elite Trainer Box - SM - Unbroken Bonds (SM10),1000000
2026-08-17,AFK Store,Cosmic Eclipse Elite Trainer Box,1600000
2026-08-17,AFK Store,Elite Trainer Box Hidden Fates,550000
2026-08-17,AFK Store,Elite Trainer Box Pokemon Go,90000
2026-08-17,AFK Store,Elite Trainer Box Black Bolt y White Flare,64990
2026-08-17,AFK Store,Elite Trainer Box Fusion Strike,180000
2026-08-17,AFK Store,Elite Trainer Box Vivid Voltage,100000
2026-08-17,AFK Store,Elite Trainer Box Surging Sparks,69990
2026-08-17,AFK Store,Phantasmal Flames Elite Trainer Box,150000
2026-08-17,AFK Store,Elite Trainer Box Silver Tempest,100000
2026-08-17,AFK Store,Elite Trainer Box Mega Evolution,64990
2026-08-17,AFK Store,Elite Trainer Box Celebrations,200000
2026-08-17,AFK Store,Elite Trainer Box Pokemon Battle Styles,90000
2026-08-17,AFK Store,Elite Trainer Box Crimson Invasion,150000
2026-08-17,AFK Store,Elite Trainer Box Evolving Skies (Sylveon),350000
2026-08-17,AFK Store,Elite Trainer Box Astral Radiance,90000
2026-08-17,AFK Store,Elite Trainer Box Plus: Zamazenta Pokemon Sword & Shield,140000
2026-08-17,AFK Store,Elite Trainer Box Champion's Path,170000
2026-08-17,AFK Store,Elite Trainer Box Lost Origin,130000
2026-08-17,AFK Store,Elite Trainer Box Evolving Skies (Flareon),600000
2026-08-17,AFK Store,Elite Trainer Box Pokemon Guardians Rising,400000
2026-08-17,AFK Store,Elite Trainer Box Brillant Stars,130000
2026-08-17,AFK Store,Elite Trainer Box Shinning Fates,140000
2026-08-17,AFK Store,Elite Trainer Box Twilight Masquerade,59990
2026-08-17,AFK Store,Elite Trainer Box Crown Zenith,200000
2026-08-17,AFK Store,Elite Trainer Box Stellar Crown,49900
2026-08-17,AFK Store,Elite Trainer Box Paldea,44990
2026-08-17,AFK Store,Elite Trainer Box Scarlet And Violet,59990
2026-08-17,AFK Store,Elite Trainer Box Plus: Zacian Pokemon Sword & Shield,140000
2026-08-17,AFK Store,Elite Trainer Box Temporal Forces,79990
2026-08-17,AFK Store,Elite Trainer Box Shrouded Fable,49990
2026-08-17,AFK Store,Elite Trainer Box Paradox Rift Futuro,42990
2026-08-17,AFK Store,Elite Trainer Box Obsidian Flames,100000
2026-08-17,AFK Store,PRISMATIC EVOLUTIONS ELITE TRAINER BOX,69990
2026-08-17,AFK Store,Elite Trainer Box Paradox Rift Pasado,42990
2026-08-17,AFK Store,Elite Trainer Box Sword And Shield (Pequeño orificio plastico),40000
2026-08-17,AFK Store,Elite Trainer Box Darkness Ablaze (Plastico levemente Roto),40000
2026-08-17,Piedra Bruja,Mega Evolution Perfect Order Elite Trainer Box ESP,69990
2026-08-17,Piedra Bruja,Mega Evolution Phantasmal Flames Elite Trainer Box ESP,61990
2026-08-17,Piedra Bruja,Mega Evolution Perfect Order Elite Trainer Box ING,69990
2026-08-17,Piedra Bruja,Mega Evolution Pitch Black Elite Trainer Box ING,79990
2026-08-17,Piedra Bruja,Scarlet & Violet Destined Rivals Elite Trainer Box,74990
2026-08-17,Piedra Bruja,Mega Evolution Pitch Black Elite Trainer Box ESP,72990
2026-08-17,Piedra Bruja,Mega Evolution Chaos Rising Elite Trainer Box ESP,65990
2026-08-17,Piedra Bruja,Temporal Forces Iron Leaves - Elite Trainer Box ESP,65990
2026-08-17,Piedra Bruja,Mega Evolution Elite Trainer Box,67990
2026-08-17,Piedra Bruja,Scarlet & Violet White Flare Elite Trainer Box,69990
2026-08-17,Piedra Bruja,Scarlet & Violet Black Bolt Elite Trainer Box,69990
2026-08-17,Piedra Bruja,Mega Evolution Ascended Heroes Elite Trainer Box,67990
2026-08-17,Piedra Bruja,Scarlet & Violet Journey Together Elite Trainer Box Español,71990
2026-08-17,Piedra Bruja,Scarlet & Violet Prismatic Evolutions Elite Trainer Box Español,84990
2026-08-17,Piedra Bruja,Mega Evolution Ascended Heroes Elite Trainer Box ESP,67990
2026-08-17,Piedra Bruja,Mega Evolution Phantasmal Flames Elite Trainer Box,67990
2026-08-17,Piedra Bruja,Pokemon TCG 30th Celebration - Elite Trainer Box ING,79990
2026-08-17,Piedra Bruja,Scarlet & Violet Prismatic Evolutions Elite Trainer Box,89990
2026-08-17,Piedra Bruja,Temporal Forces Walking Wake - Elite Trainer Box ESP,65990
2026-08-17,Piedra Bruja,Pokemon TCG 30th Celebration - Elite Trainer Box ESP,79990
2026-08-17,Piedra Bruja,Mega Evolution Chaos Rising Elite Trainer Box ING,69990
2026-08-17,Magicsur,Pokémon TCG: Silver Tempest Elite Trainer Box - Inglés y Español,49990
2026-08-17,Magicsur,Pokémon TCG: Scarlet & Violet: Obsidian Flames - Elite Trainer Box,51990
2026-08-17,Magicsur,Pokémon TCG: Scarlet & Violet: Temporal Forces - Elite Trainer Box - Iron Leaves,41993
2026-08-17,Magicsur,Pokémon TCG: Scarlet & Violet: Temporal Forces - Elite Trainer Box - Walking Wake,41993
2026-08-17,Magicsur,Pokémon TCG: Scarlet & Violet: Twilight Masquerade - Elite Trainer Box,45592
2026-08-17,Magicsur,Pokémon TCG: Scarlet & Violet: Stellar Crown - Elite Trainer Box,46392
2026-08-17,Magicsur,Pokémon TCG: Mega Evolución - Phantasmal Flames - Elite Trainer Box,74990
2026-08-17,Magicsur,Pokémon TCG: Scarlet & Violet: Journey Together - Elite Trainer Box,59990
2026-08-17,Magicsur,Pokémon TCG: Scarlet & Violet: Surging Sparks - Elite Trainer Box,47992
2026-08-17,Magicsur,Pokémon TCG: Scarlet & Violet: Black Bolt - Elite Trainer Box,69990
2026-08-17,Magicsur,Pokémon TCG: Mega Evolution - Elite Trainer Box (Mega Gardevoir ex),72990
2026-08-17,Magicsur,Pokémon TCG: Mega Evolution - Elite Trainer Box (Mega Lucario ex),72990
2026-08-17,Magicsur,Pokémon TCG: Chaos Rising - Elite Trainer Box,69990
2026-08-17,MARKET_AVERAGE,Daily Average ETB Price,161327
2026-08-18,Charizstore,PITCH BLACK – ELITE TRAINER BOX – ESPAÑOL,67990
2026-08-18,Charizstore,Mega Evolution Chaos Rising – Elite Trainer Box – Español,59990
2026-08-18,Charizstore,Mega Evolution – Perfect Order – Elite Trainer Box – Español,50000
2026-08-18,Charizstore,Mega Evolution – Perfect Order – Elite Trainer Box – Ingles,58000
2026-08-18,Charizstore,Mega Evolution – Elite Trainer Box – Mega Lucario – Español,100000
2026-08-18,Charizstore,Mega Evolution – Elite Trainer Box – Mega Gardevoir – Español,100000
2026-08-18,Charizstore,Mega Evolution – Elite Trainer Box – Mega Gardevoir- Inglés,130000
2026-08-18,Charizstore,MEGA EVOLUTION – ASCENDED HEROES ELITE TRAINER BOX – ESPAÑOL,90000
2026-08-18,Charizstore,MEGA EVOLUTION – ASCENDED HEROES ELITE TRAINER BOX – INGLÉS,170000
2026-08-18,Charizstore,Temporal Forces – Elite Trainer Box – Español (V2),90000
2026-08-18,Charizstore,White Flare – Elite Trainer Box – Inglés,160000
2026-08-18,Charizstore,Mega Evolution Phantasmal Flames – Elite Trainer Box – Español,75000
2026-08-18,Charizstore,Mega Evolution Phantasmal Flames – Elite Trainer Box – Ingles,150000
2026-08-18,Charizstore,Temporal Forces – Elite Trainer Box – Español,90000
2026-08-18,Charizstore,White Flare – Elite Trainer Box – Español,70000
2026-08-18,Charizstore,Prismatic Evolutions – Elite Trainer Box – Español,100000
2026-08-18,Charizstore,Black Bolt – Elite Trainer Box – Español,70000
2026-08-18,Charizstore,Crown Zenith – Elite Trainer Box- Español,350000
2026-08-18,Charizstore,Shrouded Fable – Elite Trainer Box – Español,85000
2026-08-18,Charizstore,Shrouded Fable – Elite Trainer Box – Inglés,130000
2026-08-18,Charizstore,Scarlet & Violet Destined Rivals – Elite Trainer Box – Español,85000
2026-08-18,Charizstore,Twiligth Masquerade – Elite Trainer Box – Español,75000
2026-08-18,Charizstore,Journey Together – Elite Trainer Box – Español,60000
2026-08-18,Charizstore,Surging Sparks – Elite Trainer Box – Español,80000
2026-08-18,Charizstore,Obsidian Flames – Elite Trainer Box – Español,149990
2026-08-18,Charizstore,Stellar Crown – Elite Trainer Box – Español,85000
2026-08-18,Charizstore,Stellar Crown – Elite Trainer Box – Inglés,155000
2026-08-18,Collector Center,Mega Evolution: Ascended Heroes - Elite Trainer Box - Español,59990
2026-08-18,Collector Center,Mega Evolution Phantasmal Flames - Elite Trainer Box - Español,54990
2026-08-18,Collector Center,Mega Evolution Pitch Black- Elite Trainer Box - Inglés,73990
2026-08-18,Collector Center,Mega Evolution Pitch Black- Elite Trainer Box - Español,67990
2026-08-18,Collector Center,Mega Evolution Perfect Order - Elite Trainer Box - Ingles,56990
2026-08-18,Collector Center,Mega Evolution: Ascended Heroes - Elite Trainer Box - Ingles,149990
2026-08-18,Collector Center,Mega Evolution Perfect Order - Elite Trainer Box - Español,49990
2026-08-18,Collector Center,Scarlet & Violet: Black Bolt- Elite Trainer Box - Español,54990
2026-08-18,Collector Center,Mega Evolution Chaos Rising - Elite Trainer Box - Ingles,71990
2026-08-18,Collector Center,Mega Evolution Chaos Rising - Elite Trainer Box - Español,59990
2026-08-18,Collector Center,Scarlet & Violet: White Flare - Elite Trainer Box - Español,54990
2026-08-18,Collector Center,Scarlet & Violet: Surging Sparks – Elite Trainer Box – Ingles,129990
2026-08-18,Collector Center,[PREVENTA 16/09/26] 30th Celebration - Elite Trainer Box - Inglés,199990
2026-08-18,Collector Center,Escarlata y Púrpura - Corona Astral – Elite Trainer Box – Español,49990
2026-08-18,MoiiJuegos,Pokémon mega evolution - pitch black elite trainer box (e...,63900
2026-08-18,MoiiJuegos,Pókemon mega evolution - chaos rising elite trainer box (...,62900
2026-08-18,El Panteon,SET 3 X ELITE TRAINER BOX ESPAÑOL OFERTA PALDEA,189990
2026-08-18,El Panteon,SET 3 X ELITE TRAINER BOX ESPAÑOL OFERTA HEROES,159990
2026-08-18,El Panteon,SET 3 X ELITE TRAINER BOX ESPAÑOL OFERTA PRISMATICA,159990
2026-08-18,El Panteon,SET 3 X ELITE TRAINER BOX ESPAÑOL OFERTA OBSIDIANA,189990
2026-08-18,El Panteon,SET 3 X ELITE TRAINER BOX ESPAÑOL OFERTA CRUZADA,129990
2026-08-18,El Panteon,SET 3 X ELITE TRAINER BOX ESPAÑOL OFERTA MUNDIALERA,129990
2026-08-18,El Panteon,SET 3 X ELITE TRAINER BOX ESPAÑOL OFERTA DE INVIERNO,129990
2026-08-18,El Panteon,Pitch Black – Elite Trainer Box ESPAÑOL,57990
2026-08-18,El Panteon,Pitch Black – Elite Trainer Box INGLES,69990
2026-08-18,El Panteon,Darkness Ablaze Elite Trainer Box – ESPAÑOL,149990
2026-08-18,El Panteon,Rebel Clash Elite Trainer Box – ESPAÑOL,359990
2026-08-18,El Panteon,Mega Evolution Perfect Order – Elite Trainer Box Español,47990
2026-08-18,El Panteon,SET 3 X ELITE TRAINER BOX ESPAÑOL OFERTA VERANIEGA,129990
2026-08-18,El Panteon,SET 3 X ELITE TRAINER BOX PHANTASMAL FLAMES ESPAÑOL OFERTA ENERO,129990
2026-08-18,El Panteon,Pokemon GO Elite Trainer Box – Pokemon GO Español,159990
2026-08-18,El Panteon,SET 3 X ELITE TRAINER BOX ESPAÑOL OFERTA ENERO,139990
2026-08-18,El Panteon,Ascended Heroes Collection – Elite Trainer Box Español,69990
2026-08-18,El Panteon,Shining Fates Elite Trainer Box INGLES,189990
2026-08-18,El Panteon,White Flare – Elite Trainer Box – Ingles,139990
2026-08-18,El Panteon,Mega Evolution Phantasmal Flames – Elite Trainer Box – Español,44990
2026-08-18,El Panteon,Paldea Evolved – Elite Trainer Box – Español,149990
2026-08-18,El Panteon,Prismatic Evolutions – Elite Trainer Box – Español,79990
2026-08-18,El Panteon,Prismatic Evolutions – Elite Trainer Box – Inglés,169990
2026-08-18,El Panteon,Black Bolt – Elite Trainer Box – Inglés,149990
2026-08-18,El Panteon,Paldean Fates – Elite Trainer Box – Ingles,599999
2026-08-18,El Panteon,Twilight Masquerade – Elite Trainer Box – Inglés,109990
2026-08-18,El Panteon,Journey Together – Elite Trainer Box – Español,44990
2026-08-18,El Panteon,Surging Sparks – Elite Trainer Box – Inglés,109990
2026-08-18,El Panteon,Obsidian Flames – Elite Trainer Box – Español,199990
2026-08-18,El Panteon,Stellar Crown – Elite Trainer Box – Español,59990
2026-08-18,AFK Store,Elite Trainer Box Pitch Black Elite,67990
2026-08-18,AFK Store,Elite Trainer Box 151,550000
2026-08-18,AFK Store,Elite Trainer Box Paldea Fates,450000
2026-08-18,AFK Store,ELITE TRAINER BOX DESTINED RIVALS,69990
2026-08-18,AFK Store,Elite Trainer Box Perfect Order,60000
2026-08-18,AFK Store,Elite Trainer Box Pokemon Team Up,1500000
2026-08-18,AFK Store,Elite Trainer Box Journey Together,54990
2026-08-18,AFK Store,Elite Trainer Box Rebel Clash,300000
2026-08-18,AFK Store,ELITE TRAINER BOX ASCENDED HEROES,150000
2026-08-18,AFK Store,Ultra Prism Elite Trainer Box [Dusk Mane Necrozma],700000
2026-08-18,AFK Store,Ultra Prism Elite Trainer Box [Dawn Wings Necrozma],800000
2026-08-18,AFK Store,Unbroken Bonds Elite Trainer Box - SM - Unbroken Bonds (SM10),1000000
2026-08-18,AFK Store,Elite Trainer Box Surging Sparks,69990
2026-08-18,AFK Store,Elite Trainer Box Black Bolt y White Flare,64990
2026-08-18,AFK Store,Phantasmal Flames Elite Trainer Box,150000
2026-08-18,AFK Store,Cosmic Eclipse Elite Trainer Box,1600000
2026-08-18,AFK Store,Elite Trainer Box Hidden Fates,550000
2026-08-18,AFK Store,Elite Trainer Box Fusion Strike,180000
2026-08-18,AFK Store,Elite Trainer Box Pokemon Go,90000
2026-08-18,AFK Store,Elite Trainer Box Evolving Skies (Sylveon),350000
2026-08-18,AFK Store,Elite Trainer Box Mega Evolution,64990
2026-08-18,AFK Store,Elite Trainer Box Pokemon Battle Styles,90000
2026-08-18,AFK Store,Elite Trainer Box Crimson Invasion,150000
2026-08-18,AFK Store,Elite Trainer Box Vivid Voltage,100000
2026-08-18,AFK Store,Elite Trainer Box Astral Radiance,90000
2026-08-18,AFK Store,Elite Trainer Box Celebrations,200000
2026-08-18,AFK Store,Elite Trainer Box Silver Tempest,100000
2026-08-18,AFK Store,Elite Trainer Box Plus: Zamazenta Pokemon Sword & Shield,140000
2026-08-18,AFK Store,Elite Trainer Box Champion's Path,170000
2026-08-18,AFK Store,Elite Trainer Box Lost Origin,130000
2026-08-18,AFK Store,Elite Trainer Box Pokemon Guardians Rising,400000
2026-08-18,AFK Store,Elite Trainer Box Evolving Skies (Flareon),600000
2026-08-18,AFK Store,Elite Trainer Box Shinning Fates,140000
2026-08-18,AFK Store,Elite Trainer Box Brillant Stars,130000
2026-08-18,AFK Store,Elite Trainer Box Twilight Masquerade,59990
2026-08-18,AFK Store,Elite Trainer Box Crown Zenith,200000
2026-08-18,AFK Store,Elite Trainer Box Stellar Crown,49900
2026-08-18,AFK Store,PRISMATIC EVOLUTIONS ELITE TRAINER BOX,69990
2026-08-18,AFK Store,Elite Trainer Box Paldea,44990
2026-08-18,AFK Store,Elite Trainer Box Scarlet And Violet,59990
2026-08-18,AFK Store,Elite Trainer Box Temporal Forces,79990
2026-08-18,AFK Store,Elite Trainer Box Shrouded Fable,49990
2026-08-18,AFK Store,Elite Trainer Box Paradox Rift Futuro,42990
2026-08-18,AFK Store,Elite Trainer Box Obsidian Flames,100000
2026-08-18,AFK Store,Elite Trainer Box Plus: Zacian Pokemon Sword & Shield,140000
2026-08-18,AFK Store,Elite Trainer Box Paradox Rift Pasado,42990
2026-08-18,AFK Store,Elite Trainer Box Sword And Shield (Pequeño orificio plastico),40000
2026-08-18,AFK Store,Elite Trainer Box Darkness Ablaze (Plastico levemente Roto),40000
2026-08-18,Piedra Bruja,Mega Evolution Pitch Black Elite Trainer Box ING,79990
2026-08-18,Piedra Bruja,Mega Evolution Phantasmal Flames Elite Trainer Box ESP,61990
2026-08-18,Piedra Bruja,Mega Evolution Chaos Rising Elite Trainer Box ESP,65990
2026-08-18,Piedra Bruja,Mega Evolution Perfect Order Elite Trainer Box ESP,69990
2026-08-18,Piedra Bruja,Mega Evolution Perfect Order Elite Trainer Box ING,69990
2026-08-18,Piedra Bruja,Mega Evolution Pitch Black Elite Trainer Box ESP,72990
2026-08-18,Piedra Bruja,Scarlet & Violet Destined Rivals Elite Trainer Box,74990
2026-08-18,Piedra Bruja,Temporal Forces Iron Leaves - Elite Trainer Box ESP,65990
2026-08-18,Piedra Bruja,Scarlet & Violet White Flare Elite Trainer Box,69990
2026-08-18,Piedra Bruja,Pokemon TCG 30th Celebration - Elite Trainer Box ING,79990
2026-08-18,Piedra Bruja,Mega Evolution Elite Trainer Box,67990
2026-08-18,Piedra Bruja,Mega Evolution Ascended Heroes Elite Trainer Box,67990
2026-08-18,Piedra Bruja,Scarlet & Violet Black Bolt Elite Trainer Box,69990
2026-08-18,Piedra Bruja,Mega Evolution Ascended Heroes Elite Trainer Box ESP,67990
2026-08-18,Piedra Bruja,Scarlet & Violet Journey Together Elite Trainer Box Español,71990
2026-08-18,Piedra Bruja,Scarlet & Violet Prismatic Evolutions Elite Trainer Box Español,84990
2026-08-18,Piedra Bruja,Scarlet & Violet Prismatic Evolutions Elite Trainer Box,89990
2026-08-18,Piedra Bruja,Mega Evolution Phantasmal Flames Elite Trainer Box,67990
2026-08-18,Piedra Bruja,Temporal Forces Walking Wake - Elite Trainer Box ESP,65990
2026-08-18,Piedra Bruja,Pokemon TCG 30th Celebration - Elite Trainer Box ESP,79990
2026-08-18,Piedra Bruja,Mega Evolution Chaos Rising Elite Trainer Box ING,69990
2026-08-18,MARKET_AVERAGE,Daily Average ETB Price,157781
2026-08-19,Collector Center,Mega Evolution: Ascended Heroes - Elite Trainer Box - Español,59990
2026-08-19,Collector Center,Mega Evolution Perfect Order - Elite Trainer Box - Ingles,56990
2026-08-19,Collector Center,Mega Evolution Phantasmal Flames - Elite Trainer Box - Español,54990
2026-08-19,Collector Center,Mega Evolution Pitch Black- Elite Trainer Box - Inglés,73990
2026-08-19,Collector Center,Mega Evolution Pitch Black- Elite Trainer Box - Español,67990
2026-08-19,Collector Center,Mega Evolution Perfect Order - Elite Trainer Box - Español,49990
2026-08-19,Collector Center,Mega Evolution: Ascended Heroes - Elite Trainer Box - Ingles,149990
2026-08-19,Collector Center,Mega Evolution Chaos Rising - Elite Trainer Box - Ingles,71990
2026-08-19,Collector Center,Scarlet & Violet: Black Bolt- Elite Trainer Box - Español,54990
2026-08-19,Collector Center,Mega Evolution Chaos Rising - Elite Trainer Box - Español,59990
2026-08-19,Collector Center,Scarlet & Violet: White Flare - Elite Trainer Box - Español,54990
2026-08-19,Collector Center,Scarlet & Violet: Surging Sparks – Elite Trainer Box – Ingles,129990
2026-08-19,Collector Center,[PREVENTA 16/09/26] 30th Celebration - Elite Trainer Box - Inglés,199990
2026-08-19,Collector Center,Escarlata y Púrpura - Corona Astral – Elite Trainer Box – Español,49990
2026-08-19,MoiiJuegos,Pokémon 30th celebration elite trainer box,74900
2026-08-19,MoiiJuegos,Pokémon mega evolution - pitch black elite trainer box (e...,63900
2026-08-19,AFK Store,Elite Trainer Box Pitch Black Elite,67990
2026-08-19,AFK Store,Elite Trainer Box Paldea Fates,450000
2026-08-19,AFK Store,Elite Trainer Box 151,550000
2026-08-19,AFK Store,ELITE TRAINER BOX DESTINED RIVALS,69990
2026-08-19,AFK Store,Elite Trainer Box Perfect Order,60000
2026-08-19,AFK Store,Phantasmal Flames Elite Trainer Box,140000
2026-08-19,AFK Store,Elite Trainer Box Pokemon Team Up,1500000
2026-08-19,AFK Store,Elite Trainer Box Journey Together,54990
2026-08-19,AFK Store,Elite Trainer Box Rebel Clash,300000
2026-08-19,AFK Store,Ultra Prism Elite Trainer Box [Dusk Mane Necrozma],700000
2026-08-19,AFK Store,ELITE TRAINER BOX ASCENDED HEROES,150000
2026-08-19,AFK Store,Ultra Prism Elite Trainer Box [Dawn Wings Necrozma],800000
2026-08-19,AFK Store,Unbroken Bonds Elite Trainer Box - SM - Unbroken Bonds (SM10),1000000
2026-08-19,AFK Store,Elite Trainer Box Surging Sparks,69990
2026-08-19,AFK Store,Elite Trainer Box Black Bolt y White Flare,64990
2026-08-19,AFK Store,Cosmic Eclipse Elite Trainer Box,1600000
2026-08-19,AFK Store,Elite Trainer Box Hidden Fates,550000
2026-08-19,AFK Store,Elite Trainer Box Fusion Strike,180000
2026-08-19,AFK Store,Elite Trainer Box Pokemon Go,90000
2026-08-19,AFK Store,Elite Trainer Box Evolving Skies (Sylveon),350000
2026-08-19,AFK Store,Elite Trainer Box Mega Evolution,64990
2026-08-19,AFK Store,Elite Trainer Box Pokemon Battle Styles,90000
2026-08-19,AFK Store,Elite Trainer Box Crimson Invasion,150000
2026-08-19,AFK Store,Elite Trainer Box Vivid Voltage,100000
2026-08-19,AFK Store,Elite Trainer Box Astral Radiance,90000
2026-08-19,AFK Store,Elite Trainer Box Celebrations,200000
2026-08-19,AFK Store,Elite Trainer Box Silver Tempest,100000
2026-08-19,AFK Store,Elite Trainer Box Champion's Path,170000
2026-08-19,AFK Store,Elite Trainer Box Plus: Zamazenta Pokemon Sword & Shield,140000
2026-08-19,AFK Store,Elite Trainer Box Lost Origin,130000
2026-08-19,AFK Store,Elite Trainer Box Pokemon Guardians Rising,400000
2026-08-19,AFK Store,Elite Trainer Box Evolving Skies (Flareon),600000
2026-08-19,AFK Store,Elite Trainer Box Shinning Fates,140000
2026-08-19,AFK Store,Elite Trainer Box Brillant Stars,130000
2026-08-19,AFK Store,Elite Trainer Box Twilight Masquerade,59990
2026-08-19,AFK Store,Elite Trainer Box Crown Zenith,200000
2026-08-19,AFK Store,Elite Trainer Box Stellar Crown,49900
2026-08-19,AFK Store,PRISMATIC EVOLUTIONS ELITE TRAINER BOX,69990
2026-08-19,AFK Store,Elite Trainer Box Paldea,44990
2026-08-19,AFK Store,Elite Trainer Box Scarlet And Violet,59990
2026-08-19,AFK Store,Elite Trainer Box Temporal Forces,79990
2026-08-19,AFK Store,Elite Trainer Box Shrouded Fable,49990
2026-08-19,AFK Store,Elite Trainer Box Paradox Rift Futuro,42990
2026-08-19,AFK Store,Elite Trainer Box Obsidian Flames,100000
2026-08-19,AFK Store,Elite Trainer Box Plus: Zacian Pokemon Sword & Shield,140000
2026-08-19,AFK Store,Elite Trainer Box Paradox Rift Pasado,42990
2026-08-19,AFK Store,Elite Trainer Box Sword And Shield (Pequeño orificio plastico),40000
2026-08-19,AFK Store,Elite Trainer Box Darkness Ablaze (Plastico levemente Roto),40000
2026-08-19,Piedra Bruja,Mega Evolution Phantasmal Flames Elite Trainer Box ESP,61990
2026-08-19,Piedra Bruja,Mega Evolution Pitch Black Elite Trainer Box ING,79990
2026-08-19,Piedra Bruja,Mega Evolution Chaos Rising Elite Trainer Box ESP,65990
2026-08-19,Piedra Bruja,Mega Evolution Perfect Order Elite Trainer Box ING,69990
2026-08-19,Piedra Bruja,Mega Evolution Perfect Order Elite Trainer Box ESP,69990
2026-08-19,Piedra Bruja,Mega Evolution Pitch Black Elite Trainer Box ESP,72990
2026-08-19,Piedra Bruja,Scarlet & Violet Destined Rivals Elite Trainer Box,74990
2026-08-19,Piedra Bruja,Temporal Forces Iron Leaves - Elite Trainer Box ESP,65990
2026-08-19,Piedra Bruja,Scarlet & Violet White Flare Elite Trainer Box,69990
2026-08-19,Piedra Bruja,Pokemon TCG 30th Celebration - Elite Trainer Box ING,79990
2026-08-19,Piedra Bruja,Mega Evolution Elite Trainer Box,67990
2026-08-19,Piedra Bruja,Mega Evolution Ascended Heroes Elite Trainer Box,67990
2026-08-19,Piedra Bruja,Scarlet & Violet Black Bolt Elite Trainer Box,69990
2026-08-19,Piedra Bruja,Scarlet & Violet Journey Together Elite Trainer Box Español,71990
2026-08-19,Piedra Bruja,Scarlet & Violet Prismatic Evolutions Elite Trainer Box,89990
2026-08-19,Piedra Bruja,Mega Evolution Ascended Heroes Elite Trainer Box ESP,67990
2026-08-19,Piedra Bruja,Scarlet & Violet Prismatic Evolutions Elite Trainer Box Español,84990
2026-08-19,Piedra Bruja,Mega Evolution Phantasmal Flames Elite Trainer Box,67990
2026-08-19,Piedra Bruja,Temporal Forces Walking Wake - Elite Trainer Box ESP,65990
2026-08-19,Piedra Bruja,Pokemon TCG 30th Celebration - Elite Trainer Box ESP,79990
2026-08-19,Piedra Bruja,Mega Evolution Chaos Rising Elite Trainer Box ING,69990
2026-08-19,MARKET_AVERAGE,Daily Average ETB Price,177238
2026-08-20,Charizstore,[PREVENTA 2 – 16/09/26] 30th Celebration – Elite Trainer Box – Inglés,179990
2026-08-20,Charizstore,PITCH BLACK – ELITE TRAINER BOX – ESPAÑOL,67990
2026-08-20,Charizstore,Mega Evolution Chaos Rising – Elite Trainer Box – Español,59990
2026-08-20,Charizstore,Mega Evolution – Perfect Order – Elite Trainer Box – Español,50000
2026-08-20,Charizstore,Mega Evolution – Perfect Order – Elite Trainer Box – Ingles,63000
2026-08-20,Charizstore,Mega Evolution – Elite Trainer Box – Mega Lucario – Español,100000
2026-08-20,Charizstore,Mega Evolution – Elite Trainer Box – Mega Gardevoir – Español,100000
2026-08-20,Charizstore,Mega Evolution – Elite Trainer Box – Mega Gardevoir- Inglés,130000
2026-08-20,Charizstore,MEGA EVOLUTION – ASCENDED HEROES ELITE TRAINER BOX – ESPAÑOL,90000
2026-08-20,Charizstore,MEGA EVOLUTION – ASCENDED HEROES ELITE TRAINER BOX – INGLÉS,170000
2026-08-20,Charizstore,Temporal Forces – Elite Trainer Box – Español (V2),90000
2026-08-20,Charizstore,White Flare – Elite Trainer Box – Inglés,160000
2026-08-20,Charizstore,Mega Evolution Phantasmal Flames – Elite Trainer Box – Español,75000
2026-08-20,Charizstore,Mega Evolution Phantasmal Flames – Elite Trainer Box – Ingles,150000
2026-08-20,Charizstore,Temporal Forces – Elite Trainer Box – Español,90000
2026-08-20,Charizstore,White Flare – Elite Trainer Box – Español,70000
2026-08-20,Charizstore,Prismatic Evolutions – Elite Trainer Box – Español,100000
2026-08-20,Charizstore,Black Bolt – Elite Trainer Box – Español,70000
2026-08-20,Charizstore,Crown Zenith – Elite Trainer Box- Español,350000
2026-08-20,Charizstore,Shrouded Fable – Elite Trainer Box – Español,85000
2026-08-20,Charizstore,Shrouded Fable – Elite Trainer Box – Inglés,130000
2026-08-20,Charizstore,Scarlet & Violet Destined Rivals – Elite Trainer Box – Español,85000
2026-08-20,Charizstore,Twiligth Masquerade – Elite Trainer Box – Español,75000
2026-08-20,Charizstore,Journey Together – Elite Trainer Box – Español,60000
2026-08-20,Charizstore,Surging Sparks – Elite Trainer Box – Español,80000
2026-08-20,Charizstore,Surging Sparks – Elite Trainer Box – Inglés,145990
2026-08-20,Charizstore,Obsidian Flames – Elite Trainer Box – Español,149990
2026-08-20,Charizstore,Stellar Crown – Elite Trainer Box – Español,85000
2026-08-20,Charizstore,Stellar Crown – Elite Trainer Box – Inglés,155000
2026-08-20,Collector Center,Mega Evolution: Ascended Heroes - Elite Trainer Box - Español,59990
2026-08-20,Collector Center,Mega Evolution Perfect Order - Elite Trainer Box - Ingles,56990
2026-08-20,Collector Center,Mega Evolution Pitch Black- Elite Trainer Box - Inglés,73990
2026-08-20,Collector Center,Mega Evolution Pitch Black- Elite Trainer Box - Español,67990
2026-08-20,Collector Center,Mega Evolution Phantasmal Flames - Elite Trainer Box - Español,54990
2026-08-20,Collector Center,Mega Evolution Perfect Order - Elite Trainer Box - Español,49990
2026-08-20,Collector Center,Mega Evolution: Ascended Heroes - Elite Trainer Box - Ingles,149990
2026-08-20,Collector Center,Scarlet & Violet: Black Bolt- Elite Trainer Box - Español,54990
2026-08-20,Collector Center,Mega Evolution Chaos Rising - Elite Trainer Box - Ingles,71990
2026-08-20,Collector Center,Mega Evolution Chaos Rising - Elite Trainer Box - Español,59990
2026-08-20,Collector Center,Scarlet & Violet: White Flare - Elite Trainer Box - Español,54990
2026-08-20,Collector Center,Scarlet & Violet: Surging Sparks – Elite Trainer Box – Ingles,129990
2026-08-20,Collector Center,[PREVENTA 16/09/26] 30th Celebration - Elite Trainer Box - Inglés,199990
2026-08-20,Collector Center,Escarlata y Púrpura - Corona Astral – Elite Trainer Box – Español,49990
2026-08-20,MoiiJuegos,Pokémon 30th celebration elite trainer box,74900
2026-08-20,MoiiJuegos,Pokémon mega evolution - pitch black elite trainer box (e...,63900
2026-08-20,El Panteon,SET 3 X ELITE TRAINER BOX ESPAÑOL OFERTA PALDEA,189990
2026-08-20,El Panteon,SET 3 X ELITE TRAINER BOX ESPAÑOL OFERTA PRISMATICA,159990
2026-08-20,El Panteon,SET 3 X ELITE TRAINER BOX ESPAÑOL OFERTA OBSIDIANA,189990
2026-08-20,El Panteon,SET 3 X ELITE TRAINER BOX ESPAÑOL OFERTA CRUZADA,129990
2026-08-20,El Panteon,SET 3 X ELITE TRAINER BOX ESPAÑOL OFERTA DE INVIERNO,129990
2026-08-20,El Panteon,Pitch Black – Elite Trainer Box ESPAÑOL,57990
2026-08-20,El Panteon,Pitch Black – Elite Trainer Box INGLES,69990
2026-08-20,El Panteon,Darkness Ablaze Elite Trainer Box – ESPAÑOL,149990
2026-08-20,El Panteon,Rebel Clash Elite Trainer Box – ESPAÑOL,359990
2026-08-20,El Panteon,Mega Evolution Perfect Order – Elite Trainer Box Español,47990
2026-08-20,El Panteon,SET 3 X ELITE TRAINER BOX ESPAÑOL OFERTA VERANIEGA,129990
2026-08-20,El Panteon,SET 3 X ELITE TRAINER BOX PHANTASMAL FLAMES ESPAÑOL OFERTA ENERO,129990
2026-08-20,El Panteon,Pokemon GO Elite Trainer Box – Pokemon GO Español,159990
2026-08-20,El Panteon,SET 3 X ELITE TRAINER BOX ESPAÑOL OFERTA ENERO,139990
2026-08-20,El Panteon,Ascended Heroes Collection – Elite Trainer Box Español,69990
2026-08-20,El Panteon,Shining Fates Elite Trainer Box INGLES,189990
2026-08-20,El Panteon,White Flare – Elite Trainer Box – Ingles,139990
2026-08-20,El Panteon,Mega Evolution Phantasmal Flames – Elite Trainer Box – Español,44990
2026-08-20,El Panteon,Paldea Evolved – Elite Trainer Box – Español,149990
2026-08-20,El Panteon,Prismatic Evolutions – Elite Trainer Box – Español,79990
2026-08-20,El Panteon,Prismatic Evolutions – Elite Trainer Box – Inglés,169990
2026-08-20,El Panteon,Black Bolt – Elite Trainer Box – Inglés,149990
2026-08-20,El Panteon,Paldean Fates – Elite Trainer Box – Ingles,599999
2026-08-20,El Panteon,Twilight Masquerade – Elite Trainer Box – Inglés,109990
2026-08-20,El Panteon,Journey Together – Elite Trainer Box – Español,44990
2026-08-20,El Panteon,Surging Sparks – Elite Trainer Box – Inglés,109990
2026-08-20,El Panteon,Obsidian Flames – Elite Trainer Box – Español,199990
2026-08-20,El Panteon,Stellar Crown – Elite Trainer Box – Español,59990
2026-08-20,AFK Store,Elite Trainer Box Pitch Black Elite,67990
2026-08-20,AFK Store,Elite Trainer Box 151,550000
2026-08-20,AFK Store,Elite Trainer Box Paldea Fates,450000
2026-08-20,AFK Store,ELITE TRAINER BOX DESTINED RIVALS,69990
2026-08-20,AFK Store,Elite Trainer Box Perfect Order,60000
2026-08-20,AFK Store,Phantasmal Flames Elite Trainer Box,140000
2026-08-20,AFK Store,Elite Trainer Box Pokemon Team Up,1500000
2026-08-20,AFK Store,Elite Trainer Box Journey Together,54990
2026-08-20,AFK Store,Elite Trainer Box Rebel Clash,300000
2026-08-20,AFK Store,Ultra Prism Elite Trainer Box [Dusk Mane Necrozma],700000
2026-08-20,AFK Store,ELITE TRAINER BOX ASCENDED HEROES,150000
2026-08-20,AFK Store,Ultra Prism Elite Trainer Box [Dawn Wings Necrozma],800000
2026-08-20,AFK Store,Unbroken Bonds Elite Trainer Box - SM - Unbroken Bonds (SM10),1000000
2026-08-20,AFK Store,Elite Trainer Box Surging Sparks,69990
2026-08-20,AFK Store,Elite Trainer Box Black Bolt y White Flare,64990
2026-08-20,AFK Store,Cosmic Eclipse Elite Trainer Box,1600000
2026-08-20,AFK Store,Elite Trainer Box Fusion Strike,180000
2026-08-20,AFK Store,Elite Trainer Box Hidden Fates,550000
2026-08-20,AFK Store,Elite Trainer Box Pokemon Go,90000
2026-08-20,AFK Store,Elite Trainer Box Evolving Skies (Sylveon),350000
2026-08-20,AFK Store,Elite Trainer Box Evolving Skies (Flareon),600000
2026-08-20,AFK Store,Elite Trainer Box Mega Evolution,64990
2026-08-20,AFK Store,Elite Trainer Box Pokemon Battle Styles,90000
2026-08-20,AFK Store,Elite Trainer Box Crimson Invasion,150000
2026-08-20,AFK Store,Elite Trainer Box Vivid Voltage,100000
2026-08-20,AFK Store,Elite Trainer Box Celebrations,200000
2026-08-20,AFK Store,Elite Trainer Box Silver Tempest,100000
2026-08-20,AFK Store,Elite Trainer Box Plus: Zamazenta Pokemon Sword & Shield,140000
2026-08-20,AFK Store,Elite Trainer Box Lost Origin,130000
2026-08-20,AFK Store,Elite Trainer Box Champion's Path,170000
2026-08-20,AFK Store,Elite Trainer Box Pokemon Guardians Rising,400000
2026-08-20,AFK Store,Elite Trainer Box Shinning Fates,140000
2026-08-20,AFK Store,Elite Trainer Box Brillant Stars,130000
2026-08-20,AFK Store,Elite Trainer Box Twilight Masquerade,59990
2026-08-20,AFK Store,Elite Trainer Box Crown Zenith,200000
2026-08-20,AFK Store,Elite Trainer Box Stellar Crown,49900
2026-08-20,AFK Store,PRISMATIC EVOLUTIONS ELITE TRAINER BOX,69990
2026-08-20,AFK Store,Elite Trainer Box Scarlet And Violet,59990
2026-08-20,AFK Store,Elite Trainer Box Paldea,44990
2026-08-20,AFK Store,Elite Trainer Box Temporal Forces,79990
2026-08-20,AFK Store,Elite Trainer Box Shrouded Fable,49990
2026-08-20,AFK Store,Elite Trainer Box Paradox Rift Futuro,42990
2026-08-20,AFK Store,Elite Trainer Box Astral Radiance,90000
2026-08-20,AFK Store,Elite Trainer Box Obsidian Flames,100000
2026-08-20,AFK Store,Elite Trainer Box Plus: Zacian Pokemon Sword & Shield,140000
2026-08-20,AFK Store,Elite Trainer Box Paradox Rift Pasado,42990
2026-08-20,AFK Store,Elite Trainer Box Sword And Shield (Pequeño orificio plastico),40000
2026-08-20,AFK Store,Elite Trainer Box Darkness Ablaze (Plastico levemente Roto),40000
2026-08-20,Piedra Bruja,Mega Evolution Pitch Black Elite Trainer Box ING,79990
2026-08-20,Piedra Bruja,Mega Evolution Perfect Order Elite Trainer Box ESP,69990
2026-08-20,Piedra Bruja,Mega Evolution Perfect Order Elite Trainer Box ING,69990
2026-08-20,Piedra Bruja,Mega Evolution Phantasmal Flames Elite Trainer Box ESP,61990
2026-08-20,Piedra Bruja,Mega Evolution Pitch Black Elite Trainer Box ESP,72990
2026-08-20,Piedra Bruja,Mega Evolution Chaos Rising Elite Trainer Box ESP,65990
2026-08-20,Piedra Bruja,Scarlet & Violet Destined Rivals Elite Trainer Box,74990
2026-08-20,Piedra Bruja,Temporal Forces Iron Leaves - Elite Trainer Box ESP,65990
2026-08-20,Piedra Bruja,Scarlet & Violet White Flare Elite Trainer Box,69990
2026-08-20,Piedra Bruja,Pokemon TCG 30th Celebration - Elite Trainer Box ING,89990
2026-08-20,Piedra Bruja,Mega Evolution Elite Trainer Box,67990
2026-08-20,Piedra Bruja,Mega Evolution Ascended Heroes Elite Trainer Box,67990
2026-08-20,Piedra Bruja,Scarlet & Violet Black Bolt Elite Trainer Box,69990
2026-08-20,Piedra Bruja,Scarlet & Violet Journey Together Elite Trainer Box Español,71990
2026-08-20,Piedra Bruja,Scarlet & Violet Prismatic Evolutions Elite Trainer Box,89990
2026-08-20,Piedra Bruja,Mega Evolution Ascended Heroes Elite Trainer Box ESP,67990
2026-08-20,Piedra Bruja,Scarlet & Violet Prismatic Evolutions Elite Trainer Box Español,84990
2026-08-20,Piedra Bruja,Mega Evolution Phantasmal Flames Elite Trainer Box,67990
2026-08-20,Piedra Bruja,Temporal Forces Walking Wake - Elite Trainer Box ESP,65990
2026-08-20,Piedra Bruja,Pokemon TCG 30th Celebration - Elite Trainer Box ESP,79990
2026-08-20,Piedra Bruja,Mega Evolution Chaos Rising Elite Trainer Box ING,69990
2026-08-20,MARKET_AVERAGE,Daily Average ETB Price,158154
